-2.723789882740341659e-02
-3.898398466629420800e-01
-6.077222935283103089e-01
4.979903938745079417e-01
7.391256942576958366e-02
-1.203421918136896168e-01
-1.370289465297349629e-01
3.188431160057258323e-02
-6.136274586141898801e-01
-7.720287860886061448e-01
-5.780725237461058486e-01
-2.567852375028043532e-01
6.925550683881773750e-01
-6.447868964314520390e-01
5.156633762114601893e-01
1.368650399056917932e-01
-3.518317602021568957e-01
-7.346788095755333280e-03
-5.570692766835448895e-01
-6.395049992562725771e-01
4.103335005822895676e-01
3.962796953217827267e-02
2.455480459496035550e-01
-2.641472563906552828e-01
-1.067502699887338952e-01
-2.149911787268351526e-01
-4.815733455891356152e-01
-7.294242382356120880e-01
-7.335941562109169478e-01
-3.624335146664564578e-02
6.473956965007519049e-01
-5.257492914623570351e-03
-7.693295902034749112e-01
5.977776042700884140e-01
3.648403221518539685e-01
-5.801597331046484118e-01
6.718974374777410274e-02
-5.555996797259187270e-01
-5.908622254240307736e-01
4.787124207560681244e-01
-2.297202354187428130e-01
8.452291393763956828e-02
5.231748211583084895e-01
-3.850651649589862391e-01
-9.672410900048457327e-02
-6.470688772830069935e-01
-4.132129663606046721e-01
-6.878345443380066149e-01
-6.082363596812394579e-01
8.234512872215653534e-01
6.189301738423086396e-01
-2.079053204606601604e-02
-7.634684021268792753e-01
4.808161313788459346e-01
2.961189034074981907e-01
-4.381323465522717342e-01
6.115407778113145926e-02
-5.153946324923051048e-01
-5.903018924179717075e-01
5.978235283431182490e-01
-5.186332950838544731e-01
6.325673091419005412e-02
3.935659045811319701e-02
-5.253670134748140708e-01
-8.027267706523792679e-02
-5.985912970416036316e-01
-8.067851964896057826e-01
-8.412393186513902332e-01
-3.783957800572335661e-01
4.842278720181667495e-01
2.215612128604654493e-02
-1.139807267038325800e-01
-8.100529678814305523e-01
7.599455378782931092e-01
-4.456399793409644983e-01
1.154468042025877245e-01
-4.738555169703214665e-01
1.749754244246989887e-02
-6.625430738770504702e-01
-5.695194216054004777e-01
3.755097583809632877e-01
-3.431454168500403523e-01
6.810430257299621148e-02
5.467034812460205145e-02
6.348247341247809095e-01
-5.678755998203502964e-01
-1.612294503452463279e-01
-5.880715791320367813e-01
-8.713345545853612428e-01
-6.099525088902878478e-01
-1.664698427323737517e-01
6.794566642485233565e-01
5.072200579252109653e-01
3.099185991356355821e-02
5.381671785918269446e-01
7.328304835202488210e-01
1.149033356590645899e-01
-3.949778486458507265e-01
4.197973916309486603e-02
-6.374308923780745983e-01
-6.008542815343596022e-01
5.485909740774909116e-01
-3.031445868239743269e-01
1.425141135412813335e-02
8.676803934270926888e-02
-4.545463465931073865e-01
-3.041996262064666778e-01
-1.187862153341936317e-01
-6.603862752628034682e-01
-7.951392583123713109e-01
-5.097396825707033452e-01
-5.888244473532443513e-01
6.825664920142695546e-01
6.724096782626994180e-03
-8.244240323294969031e-01
7.366977364904434555e-01
-2.705852539498350140e-01
3.306758096663757751e-01
7.942546930950034056e-01
6.972652618669011870e-01
-4.299099909745843773e-01
1.524933373222055535e-02
-6.277077435395298499e-01
-5.767793378157867190e-01
4.311526877224891585e-01
-3.841890902597995816e-01
-4.177365066977884595e-02
-2.873105187396406829e-02
-6.765533278053843524e-01
-3.561528631081065654e-01
-2.009384905840460589e-01
-5.430876226973262444e-01
-6.964240659272289413e-01
-9.810254804243757620e-01
-4.372718203281732441e-01
6.584028891825253194e-01
-4.822291714398106027e-02
6.431668338725659018e-01
6.129638175759585250e-01
-2.912624212338873475e-01
4.790750779392888847e-01
-4.652886782540340271e-01
8.780054798747356781e-02
-5.212629941866111505e-01
-5.930967718768065389e-01
4.267169522914318613e-01
-3.610150257669205165e-01
4.868940957588160923e-02
8.744172055964019585e-02
-4.752205106919383248e-01
-7.666439358648453883e-02
-8.615775569123308719e-02
-8.041482478463490846e-02
-5.531239203400577509e-01
-3.927509108131348459e-01
-7.903246623803453774e-01
-6.513765788622521979e-01
6.366107275204357929e-01
-7.738205999437554328e-02
6.308701099976240512e-01
7.101701045440159676e-01
-4.067130311500204987e-01
3.354193893018997952e-01
7.007389720711476588e-01
-4.911571711328232559e-01
-1.045665511931508952e-02
-4.543833491931121293e-01
-6.235086377833295446e-01
4.509576756170480816e-01
-1.654625335676723069e-02
-4.666334464331593768e-02
-4.321758400696415481e-01
-1.177136065369322054e-01
-2.901667490717967923e-01
-2.193426401370773271e-01
-4.344075573485705055e-01
-4.599977165019271119e-01
-9.172163381399985882e-01
-6.932464767285135832e-01
2.891856321426850562e-01
7.714929813405520254e-02
-7.927802168609531241e-01
6.960519275705768782e-01
-1.510493393346412916e-01
1.698222011030829370e-01
-3.705388172080876785e-01
1.053256076047468653e-01
-6.378111702543651784e-01
-5.982610263070688994e-01
4.725895716443953010e-01
9.665330376782552135e-02
6.289262551621775665e-02
5.564140645948451036e-01
-1.728703484008180524e-01
-3.414777739752453134e-02
-4.130032898330389668e-01
-6.190532375123460884e-01
-8.793364036230044700e-01
-3.362170792926115759e-01
5.161827192545321852e-01
9.403445712605490447e-02
-2.193636481550131911e-01
6.124681273431530348e-01
-1.679521229085691181e-01
-6.738467994181145115e-02
2.373246996091504524e-01
-2.612761950776784081e-01
-3.117004916388823113e-02
-4.164685131676476026e-01
-6.321445787583883646e-01
5.151654924467282681e-01
-3.743563223748486157e-01
6.862539804283691695e-03
7.721797107604980726e-01
8.661508130138058370e-02
6.084157307267922254e-01
-4.094365207659035333e-01
2.391510765073992864e-02
-6.707696001344940484e-01
-6.810877910528391199e-01
-5.099504311976933435e-01
9.242288107772916872e-01
-3.061161955045338390e-01
6.404640175697812188e-01
3.712858487759650248e-03
-8.400107560668944595e-01
5.902997688426792067e-01
-4.926273453392850388e-01
2.416005431624282107e-01
5.043387062319253378e-01
-4.023066321098678344e-01
2.107132399497780445e-02
-4.197526169932118689e-01
-5.541559040970773786e-01
4.058367591590150703e-01
-5.157114565364254721e-01
8.665026629465037711e-02
-1.727155123212743490e-02
-4.711935853296120302e-01
-3.670217244854931948e-01
-1.723577335850993431e-01
-4.461869157955610232e-01
-8.611221961330899344e-01
-7.427414486093362189e-01
-6.318413505701112598e-01
4.061629951488688328e-01
4.805716945857232275e-02
-6.516731679426842616e-01
7.844869840059658372e-01
-1.464962615281698854e-01
5.139318190881547732e-01
5.401526059662785650e-01
-3.978646899234661860e-01
-6.264322070154536293e-02
-4.461862876652616938e-01
-6.251515123723230261e-01
4.763472942289960765e-01
-3.986364476572615834e-01
3.991673944770565696e-01
3.927813113687865509e-02
5.177214063120037096e-02
-4.099193872779285375e-01
5.391098904455733365e-01
-2.164835368343800970e-01
-5.493770720905234439e-01
-3.475283604810806004e-01
-9.035968442749503504e-01
-5.109851881810223428e-01
8.093189190130515298e-01
4.765555985875421369e-02
1.678289615718961403e-02
-7.900281987671471384e-01
7.455254344300481506e-01
-3.490072356738911363e-01
1.810731188707636052e-01
4.461062098279102717e-01
7.201068693949891353e-01
-3.327873084375356783e-01
-6.284868436025137228e-02
-5.752440506465141823e-01
-6.440483423427423304e-01
3.337468700575534353e-01
-3.427953291047569628e-01
-3.761707140554306633e-02
1.447755114669870835e-01
-4.161236887406695728e-01
5.769154179723743336e-01
-2.272179418779468607e-01
-5.965083740609109508e-01
-6.661311683375635839e-01
-8.109542285319254473e-01
-5.314291655074074860e-01
7.812461941014509081e-01
-8.725782085498758056e-02
-3.399567783431016732e-01
7.220045689498124641e-01
-3.277328341844017168e-02
2.905784412602944178e-01
5.809680955930287549e-01
-4.775409599037696018e-01
7.332647756871409073e-02
-4.110109663208417752e-01
-6.582915641023352471e-01
3.207948605767983463e-01
-3.724012782269996991e-01
6.034512491539952700e-02
-1.696292516185927968e-02
5.652461930842141991e-01
4.860638314541638194e-01
-9.512429974134775645e-02
-5.023103268462354443e-01
-6.839002502848785525e-01
-6.491848807762935492e-01
-5.550339182009953465e-01
-5.838288626604933862e-01
6.049886965427497820e-01
-1.175006022909988318e-01
-7.830366862382556192e-01
7.357319141400358031e-01
-9.115650802100540295e-02
1.521699705111576595e-01
7.708994878000313689e-01
-5.103916961760471827e-01
1.401661676735870554e-01
-6.142587404250581251e-01
-5.876943802941339001e-01
5.105240795132856002e-01
-2.769242305942255511e-01
-5.711943084868455200e-02
1.007959414126159969e-01
-4.384295409147859757e-01
3.951266380577408976e-01
-2.010944612722342650e-01
-1.238713232689564042e-01
-5.674019016669622495e-01
-6.671977214138953283e-01
-9.365171361626143387e-01
-2.592058469609465066e-01
7.285697274155389369e-01
-9.211773286160812590e-02
-9.340481388248578209e-01
8.057499318401197819e-01
4.866670464123123985e-01
4.198264650204844850e-01
-3.085015748238216227e-01
7.392940792769542302e-02
-4.157699094356008263e-01
-4.987910130191531843e-01
3.030504434713887085e-01
6.066398150403806006e-02
1.882857981315098628e-01
4.446356008014397121e-01
-1.894567186303434680e-01
-5.612593210774928787e-01
-5.815829758024215757e-01
-9.010823441158704039e-01
-6.242695265351888567e-01
4.905388543989988581e-01
-1.209579959088940837e-01
5.495821081919707307e-01
4.910441539800586286e-01
6.905998902813224871e-02
-4.287577663319596666e-01
2.402039722038540326e-02
-4.599225332292440904e-01
-5.880806276662275955e-01
5.394922388290778192e-01
3.758678669008843481e-02
-6.270841546111697307e-01
4.653255580915034439e-01
9.328903412624815761e-03
1.159528845939737374e-01
-5.841427951055959689e-01
-8.389277008207172148e-01
-9.262634813920633814e-01
-4.522989196916012977e-01
5.494246288967985503e-01
2.296562033050111515e-02
-6.268816930283507283e-01
6.357229819017801153e-01
3.683558968201641193e-01
-4.817012867322590930e-01
5.044116623376639075e-02
-2.954528004537241292e-01
-4.403917462953327311e-01
4.665831724231387367e-01
-4.677555338470170687e-01
1.612767004936643267e-01
-5.753392017664699966e-03
-5.758592488879661353e-01
4.229176051843056006e-01
-2.214928804263578965e-01
1.166026605589924325e-01
-4.509381031341715418e-01
-7.544929918635329136e-01
-9.104421912017182095e-01
-5.819895207420978656e-01
7.471415079206696896e-01
-9.326144657443917463e-02
-5.839353701743184022e-01
7.460356520487545495e-01
2.747679856681055632e-01
6.593642843599747394e-01
7.140239717731499125e-01
-2.495531052243679312e-02
2.672769374980242529e-02
-3.174674887264712919e-01
-4.944958693451265153e-01
4.273572667600527009e-01
-3.407901240751375904e-01
1.483976267991019005e-01
1.320496971744160308e-01
-5.112367401529664956e-01
-5.394272541230569207e-01
-1.561670375837717617e-01
-2.783182459345187043e-01
-5.174269473710357836e-01
-8.040026944995112279e-01
-9.644794384320962699e-01
-5.519040775651079533e-01
4.337094169435849467e-01
-5.822659174924374459e-02
4.483841853020980039e-01
7.142162974022431277e-01
-3.714969858402563108e-01
1.302544305536936786e-01
1.512621370155484701e-01
6.902825463822858110e-01
-3.630229659345573512e-01
5.755409172998884708e-03
-6.003507931981727497e-01
-4.432428445487476831e-01
4.806992788646598513e-01
-4.592482735958950957e-01
6.281126178196644316e-02
3.774909756057377025e-02
6.838675562606213454e-01
5.189430968426582691e-01
-1.675811223335197386e-01
-2.562830519424668663e-01
-5.750910877716923775e-01
-4.911064358748649106e-01
-8.469506511448434694e-01
-5.636258256857475946e-01
7.669259516556012901e-01
-6.893644781377193664e-02
-7.362576306223331812e-01
6.970975186004593205e-01
3.605117903123699064e-01
5.356121826999507007e-01
-3.179314469390353559e-01
4.648396395012126953e-02
-4.279640486053896686e-01
-5.686447754300324453e-01
4.670062287472774853e-01
-4.571143765216137411e-01
-5.704041928669924960e-02
5.383245821798485764e-01
-5.560008352374651297e-01
-6.712669874460085173e-02
-5.678279746332993705e-01
-4.927628936319943254e-01
-6.879315073868016439e-01
-5.402587234257260063e-01
-8.756236482452035563e-01
5.190695846643406108e-01
-5.230939394112538859e-02
-8.725847789196026216e-01
7.548157588453313638e-01
1.764264786655070638e-01
6.256294926993272165e-01
-7.339340040008948129e-01
3.721518027690728231e-02
-2.613166231825203578e-01
-6.362648637270975627e-01
3.552109383939315301e-01
-4.643260352732148100e-01
8.316589082876135741e-02
1.479407492065269447e-01
-3.359436341777123358e-01
-3.809813594821941929e-01
5.615853830801382368e-02
-2.372960452240209794e-01
-7.130710182828448040e-01
-7.720283608369222783e-01
-8.896380458180103146e-01
-5.881033591458408871e-01
6.615973858218868742e-01
-9.342632856202078007e-02
-7.742133788201255307e-01
6.954539347572489261e-01
-6.542313564624861744e-02
2.486249710064332707e-01
4.640811241524409603e-01
-5.788782002868729792e-01
1.232084833275767267e-02
-4.428766402385148626e-01
-5.629486590127571466e-01
4.392620004760712793e-01
-4.154054669285924262e-01
-1.873902350727664201e-01
5.302177898083777485e-01
-3.571587913227860511e-01
-2.744511427737997833e-01
-6.794567748719073652e-01
-7.091726527539592428e-01
-9.587926475461190368e-01
-4.197167131845247479e-01
7.753447215923512381e-01
1.566496413592958006e-02
-5.122913319422316425e-01
6.422129449678976032e-01
2.117892846082885736e-02
3.888045186804843234e-01
6.979524871172042566e-01
-2.016405000521057089e-01
-3.970346090890014730e-03
-4.973083757022366824e-01
-5.242495829189077750e-01
-4.114612763533164741e-01
5.031757637276773609e-02
1.870161522997303705e-01
5.808835971806602938e-01
-4.998122207615793844e-01
-2.250856396746916399e-01
-6.385486031918589100e-01
-4.302667440938554022e-01
-7.103518864110709430e-01
-8.840262040041326763e-01
8.951938960985528215e-01
6.967536196746315635e-01
9.569819576787269577e-02
-3.813554390164921037e-01
6.088394612253295035e-01
9.634135011283702366e-02
-3.114077018545541309e-01
1.927917025791586877e-04
-6.093087220009733018e-01
-5.731503016501732217e-01
5.008013943083874375e-01
7.155357200040735055e-02
-6.367073830338323415e-01
-6.668501377974043187e-01
-1.394399971902353930e-01
-5.929418966359465415e-01
-8.679504762000233020e-01
-8.291724493965391130e-01
-4.197079229325533234e-01
1.329532398050408681e-01
-5.445821534656527380e-02
2.431473474220035569e-01
6.193412976353342980e-01
-2.624777600040810802e-02
-4.640158857163644845e-01
-3.255614034304839255e-02
-5.373821632758272182e-01
-5.689547828811292174e-01
5.849800870819374943e-01
-5.100592453784990044e-01
8.472333018390612036e-01
-5.225572467473740129e-02
-3.894148707441387192e-01
3.535378547829225171e-03
-2.084888462082471194e-01
-7.347822215971543391e-01
-9.416439052199994109e-01
-8.834292792398651395e-01
-3.471493075280846496e-01
8.691451024806348125e-01
3.069899390876089096e-01
-1.843553654975680495e-02
-6.035144938801045855e-01
6.215380304626446639e-01
1.223496087754856465e-02
-5.171704671169488066e-01
1.076052300333998901e-01
-5.815851613634154260e-01
-5.944891039021862333e-01
5.137356378576414251e-01
3.427119835348731158e-02
5.460850907936675158e-01
-3.213053981912412649e-01
-1.940646784613650477e-01
-2.160100967323694554e-01
-7.253353863520723976e-01
-6.662508195976928338e-01
-8.344057345836189965e-01
-6.470523729185155837e-01
8.210131716233973753e-01
5.820098573470280368e-01
6.735765251097746154e-01
6.488345415773090485e-02
1.980480793460910882e-01
5.078602800848107668e-01
-6.497516862820602590e-01
-1.461056063811595751e-01
-5.713896581220552218e-01
-6.099456938411159657e-01
2.745665050550384900e-01
2.370420081855312278e-02
-5.300295131262557913e-01
4.107611311449733960e-02
-1.226732846563317741e-01
-7.696501204221363190e-01
-7.905578829952603082e-01
-8.951905385024805373e-01
-5.600166932556219779e-01
9.765668469748050029e-01
4.268290549860346839e-01
3.690283199997277525e-02
-7.708459960071474271e-01
5.936054916981292617e-01
-1.648524506761543107e-01
-1.845919142693818946e-02
5.586648684625400429e-01
-4.897508153994187263e-01
1.103262547839444496e-01
-4.321467112456568449e-01
-5.147091530209885191e-01
3.415353210133627582e-01
6.440028998860413134e-01
-9.093710947675824607e-02
-4.197568515850709225e-01
-2.578011937461194281e-01
-1.467155732195137841e-01
-6.537142278506015147e-01
-8.106923283480040876e-01
-8.226984208913499241e-01
9.918741283719703095e-01
-6.350430588397942833e-01
9.666473607660419631e-01
3.398449342649961236e-01
8.289794595500728225e-02
2.887361559310124282e-01
6.434733419464269133e-01
-5.405208648853597475e-03
1.922194306560857935e-01
6.007639613277205859e-01
-4.006730625829751369e-01
-1.786901535759583687e-02
-4.598481591204211516e-01
-6.224878280193666402e-01
-4.743982947446008236e-01
6.943622834095090901e-02
4.749449116034366036e-01
-3.264586512434508592e-01
9.199681376124355103e-03
-3.126549961392351418e-01
1.436561079561511634e-01
-4.331101929714125109e-01
-7.356437899528134317e-01
-7.244884567362431804e-01
-4.558740295879281090e-01
8.765892272641312433e-01
4.672421639643964397e-02
1.380553343583000858e-01
6.484364783173972580e-01
1.322863485349334012e-01
1.729184836771968659e-01
-5.111687154158706115e-01
-1.033914078144496512e-01
-4.403531487357165153e-01
-5.749476534898196878e-01
2.854754617527729965e-01
-6.922526678510307341e-02
-3.422944129594838181e-01
7.744871976579494055e-02
-3.324756678045526770e-01
-6.278399056556760449e-01
-9.555514185092247592e-01
-8.107867740143814839e-01
-5.219187022817018962e-01
9.012951947993526058e-01
-7.312998207464888045e-01
6.661372813943258198e-01
-7.413598285001854471e-02
-1.888196652633860884e-01
-5.965802979571792619e-01
-2.343598970740501039e-02
-5.234504480458241904e-01
-5.904079646622547584e-01
1.189972622486320207e-02
-7.576682303296242149e-02
-1.319071306904233964e-01
-1.877822459488212303e-01
-5.520955542275179928e-01
-7.313443178886154250e-01
-9.424349371513873752e-01
-5.012350342949377646e-01
7.524187780200873865e-01
-8.530564548685805049e-01
5.638279516321409446e-01
4.627932045976794750e-01
3.268168112613241139e-01
-4.752859335811817076e-01
4.472016690174537151e-02
-5.367701072787287586e-01
-6.329920834041576905e-01
4.162036581661602841e-01
1.704230908828585911e-01
-2.990359659358109434e-01
-3.372970662215322990e-02
-5.328776764853853098e-01
-8.543413083455839718e-01
-4.863013632771990835e-01
-5.400964859711510080e-01
6.040446035008709691e-01
-7.630689260553935593e-01
7.032441411470798931e-01
-6.014191047239797472e-01
-2.730379067959926020e-01
1.433665404480581052e-01
-4.603035587683619312e-01
-6.252248388548323765e-01
3.263622582555349427e-01
1.227565693713873612e-01
8.668192272735079917e-02
-2.180627732137417896e-01
-3.298373320407314013e-01
-6.147031981253139321e-01
-8.544885352387455724e-01
-8.208458284780817404e-01
-7.280245076123885717e-01
7.442113904026290694e-01
-7.592046134802020729e-01
6.853752202636935742e-01
-8.657406362668632060e-02
-5.885086673537391899e-01
-5.790183274269655733e-01
1.346657570628362610e-01
-4.595746804660549856e-01
-4.872139536424134887e-01
3.371900042718450341e-01
4.054561140217630144e-02
5.771857853221407098e-01
-1.715631817226821731e-01
-7.788980941259680824e-02
-5.519953527274352734e-01
-7.665448771117590043e-01
-6.901165065936405441e-01
-5.167999903582649601e-01
5.611212224651875857e-01
1.212748567623181811e-01
-6.472041197890163744e-01
6.842558538353582520e-01
-1.677633325832696420e-01
-6.216686578443557654e-01
-5.790191337817854889e-01
-5.316101518193672593e-04
-5.570072474925508166e-01
-5.969459630404326811e-01
1.669314166172130576e-01
1.728966144206845745e-01
4.414884679245895116e-01
-2.921222325065944703e-01
-1.826807509007267738e-01
8.524111030767998753e-02
-6.595707528002573428e-01
-4.375058462715401553e-01
-8.982010996573509543e-01
-6.084631016757816591e-01
6.312010385506552357e-01
1.166243267991191185e-01
-5.350172938220303376e-01
5.665984682580914589e-01
5.316044623816293391e-02
-3.386866616319226253e-01
-4.234825044274812544e-01
-3.776347971583803032e-02
-5.634088492912623369e-01
-5.527514939389788218e-01
2.701961433464223350e-01
-8.472357721420732679e-02
3.973887790855087920e-01
-5.943898188466367749e-01
-2.353775838660482067e-01
-2.330688628143166574e-01
-6.655146921709668151e-01
-7.308831305171079595e-01
-8.476375390593264836e-01
-6.257682176220797921e-01
6.415161266297161324e-01
-4.870589718130698131e-02
-7.881730920935103857e-01
6.165500685994306229e-01
-2.515001494614279021e-01
8.462298939016890328e-03
-3.654034687668710202e-01
5.947828675180124591e-01
-5.176852870123661576e-01
-4.592531134866031928e-02
-4.955619984574687886e-01
-5.166293867324259770e-01
4.006522477818416639e-01
-6.967806846353645500e-02
2.604317193056521762e-01
1.252374678240639194e-01
-4.389207663878855192e-01
-6.433975780018170720e-01
-2.725724308542307739e-01
-6.692548260342159328e-01
-6.471048372532588466e-01
-9.383921974708180347e-01
-7.364577796058271453e-01
7.989900949584939349e-01
-5.901110008747547653e-01
7.320663916171381569e-01
-3.642369737895289616e-01
-2.259588235333853112e-01
2.272540587901529172e-02
-5.888204575584684575e-01
-5.817988075880624610e-01
1.159408628463523827e-01
-5.094164663601975507e-01
-6.712215743117585509e-01
-8.265801293624132351e-02
-4.846387605488257089e-01
-4.884496077422579297e-01
-9.025160494440286341e-01
-9.271810012085268671e-01
-6.087552459686523809e-01
3.115476708201236899e-01
-8.149807168125188239e-01
8.056991506998991692e-01
-2.078327611182315682e-01
-2.284895345028997993e-01
7.574346505802569407e-01
-4.836418697845029646e-01
3.347930157031052401e-02
-3.642245635138671722e-01
-4.938150641283425291e-01
3.781889227058214398e-01
3.048903840646967067e-01
-9.343083941252285085e-02
-4.647993517797367469e-01
-5.865905696340976139e-01
-1.285951753188474822e-01
4.493205782082330957e-02
1.687031653378252005e-01
-4.265847073090155428e-01
-8.590294965761189339e-01
-8.191765245815493257e-01
-4.086493094370454715e-01
8.303860878150950420e-01
6.205974070561545708e-02
5.007498799373731879e-01
8.442582988993043713e-01
-3.482294446040266611e-01
-3.110507983620799943e-01
5.931028247933368691e-01
2.415726611045093952e-01
1.169781779293856128e-02
-5.049735762437843611e-01
-4.723222749831844647e-01
4.746059413961524753e-01
-3.012014130358754010e-02
-3.031053445862964546e-01
-6.839417766810005350e-01
-1.093975307895729276e-01
-5.248630651054898566e-01
-6.582835473268459081e-01
-7.939296686052156327e-01
-5.670051524227107675e-01
2.555966676700783258e-01
-3.168179024621753381e-01
7.474252329327537581e-01
-2.959309266702490060e-01
-5.660541074341021162e-01
-3.511998711960078734e-01
4.143223645596626897e-02
-4.829123492404851503e-01
-6.405083107149512900e-01
4.564637522422433369e-01
5.146671411542425717e-02
-4.700637193362203758e-01
-5.417485199158550424e-01
-6.353869201909519149e-02
-5.099923627074022248e-01
-5.037976559599273152e-01
-7.450958173413572139e-01
-6.704946003800421606e-01
-4.451847763430528682e-01
2.149414028221250106e-01
-1.253224795159471952e-02
-4.377923268254819700e-01
6.345876480032383027e-01
-7.884076724494475386e-01
-8.583478535983454782e-02
-4.804123342669902041e-01
-5.496372286647079886e-01
1.586202828494781003e-01
-4.849128522604814195e-01
-4.487316702498611587e-01
4.294816999206095276e-01
3.630486601872456309e-01
2.239788879637213265e-02
6.655205531150256704e-01
-6.203101608694492342e-01
-9.930309753736787926e-02
2.263711165374445167e-01
-4.271569310629755867e-01
-6.450538636469688170e-01
-7.267120577344838850e-01
-8.457270821594713439e-01
-4.838102490687627433e-01
3.283260231428996034e-01
2.855583138384333863e-01
4.626345297779950183e-01
7.211125753908957936e-01
-2.007194855568378844e-01
-5.653688967017376221e-01
4.105766591973186719e-02
-4.156133142448518170e-01
-5.869110772471630710e-01
4.588017903259165031e-01
2.442837097860903472e-01
1.311811969317148996e-01
-3.646069700535697899e-01
-5.530522599033671494e-01
-1.417483865612166050e-01
-6.727334765157304552e-01
-9.961764878278352997e-01
-7.754176793672653556e-01
-4.237855585305723150e-01
9.410565454673354147e-01
8.514526002716261699e-01
-1.122552790809204764e-03
-7.119063153762460461e-01
7.021007097292790711e-01
-2.473779457149961059e-01
-3.083467165640569330e-01
5.967164848827540835e-01
-4.862662733675890969e-01
1.079445938540052607e-01
-5.037310097027971612e-01
-6.158176352966979739e-01
4.491087873887262272e-01
1.912638427631538907e-01
5.259238583704275299e-03
-4.404103507475174983e-01
-4.522527022437546895e-01
-1.937302619206110743e-01
-4.703486521561325850e-01
-7.773813645994325228e-01
-9.171500189041205120e-01
-3.994262234463964445e-01
3.330278138919137154e-01
-2.232448423223189204e-02
-5.118777132898952864e-01
7.410043633352714210e-01
-2.425027093281785229e-01
-4.049332249902287129e-01
-5.158511270054164655e-01
7.532163151103569987e-02
-5.310482116080735837e-01
-5.536413013283963958e-01
4.564858304266132261e-01
9.221305683020405985e-02
-3.347452419684667779e-01
-5.941276257789938064e-01
-2.934962232579101937e-01
-7.429148160689236224e-01
-4.807158322971396558e-01
-8.099970515296728291e-01
-8.111397070840548063e-01
-5.374688597060720552e-01
7.241906075391187914e-01
7.884660399013782017e-02
4.536343773938493751e-01
5.867686120239047343e-01
-3.796333629380997943e-01
-1.465787106285505736e-01
-3.971787851493348009e-01
1.240690100266514106e-01
-4.191585061915512056e-01
-5.324049607718991384e-01
4.933991196660408307e-01
9.128108294517306431e-01
-6.484064595491934035e-02
3.700536219387857706e-01
-6.487734931590632970e-01
-2.303584003750071274e-01
-8.003517566952061957e-01
-6.975687469883200542e-01
-8.641306096359563371e-01
-7.990986536982277455e-01
-7.056318279146542860e-01
9.430400965154168702e-01
-7.049943866552722815e-02
4.836190352594759712e-01
5.991013684325927624e-01
-3.200702706621344484e-01
-2.162727929751717681e-01
-5.996146465095225642e-01
8.532741977748602158e-02
-4.588436694005790240e-01
-5.732082622169880626e-01
4.348642910781091997e-01
2.562601804221167345e-01
7.940540512570865017e-01
5.565400406610883366e-02
-4.846360716506739608e-01
-4.438237878574685658e-01
-3.066184312595522377e-01
-5.357049278407975956e-01
-8.513374407549182399e-01
-8.335553871851100194e-01
-3.684292954164440914e-01
9.751988277182758180e-01
3.024504227192932326e-01
6.220441671449442739e-02
-6.233499546423434401e-01
7.820517051216342441e-01
-2.224637025979999683e-01
5.045809148693001234e-01
-4.316246847348113591e-01
3.539698697249178683e-02
-3.270556364051884768e-01
-4.614978199711601836e-01
5.406337669352527797e-01
7.893853792451884649e-03
-5.615263494719839876e-01
-5.446465295602191947e-01
-2.076801810581299645e-01
-1.455511207202771773e-01
-7.808242526389903571e-01
-6.249172171979274770e-01
-7.447447486407301476e-01
-5.142135488913429642e-01
9.395862022337347907e-01
2.070893294699794468e-02
-4.082834237487915074e-01
6.832502013064253310e-01
-1.645309986382739176e-01
-6.070683078613250405e-01
6.045304048932331059e-02
-5.745922816433693958e-01
-6.495220274561879226e-01
4.939145406769726576e-01
2.663643577486099479e-01
9.056639797772513267e-01
-2.000758161146637751e-02
5.327213003637562005e-01
-7.154646150298692442e-01
5.058055692801984721e-02
-2.295171822019981545e-01
-4.541186227398431030e-01
-5.612938033501166935e-01
-6.818968840594589187e-01
-2.584279791032745299e-01
8.392716880132384816e-01
7.181465851263282296e-01
7.305872594959745836e-01
-3.578866255845503663e-01
-2.761415759024374861e-01
6.213607256671044299e-01
-5.670086284745197158e-01
9.170872340971018832e-02
-4.455008992264337664e-01
-5.887418437365946611e-01
3.099199301734243406e-01
2.864165731247135804e-01
1.157396223964532109e-02
5.976834118544467334e-01
-6.738892031889420764e-01
-1.050772547064412199e-01
-1.652174861156947006e-01
-3.895159320813588733e-01
-5.122087068294853829e-01
-4.986944521931035434e-01
-6.935943285270943504e-01
9.428236584294260592e-01
7.061923248862826963e-01
-4.516983132316193528e-02
-4.828838953036441173e-01
7.791543726265650616e-01
-4.511025006969203721e-01
8.489336692008204732e-01
5.137203961928804574e-01
-4.922669791144144158e-01
3.649470973764198326e-03
-5.853904607292487183e-01
-5.455399138896810385e-01
4.588512792905645732e-01
2.385212230786215581e-01
3.074147886779079672e-02
-3.851759697118664616e-01
-6.046826940289952157e-01
-1.811125544846300395e-01
-4.110604236625937657e-01
-4.760515664127715207e-01
-7.907304334700223647e-01
1.331811477669734844e-01
-3.601757733704336051e-01
7.559582344342977711e-01
8.010102102569622851e-01
-2.229387041802646796e-02
-5.821186249448436767e-01
7.299250782729320708e-01
-3.356991818756035473e-01
7.894430602919451090e-01
4.728980677389622578e-01
-4.659949312306732039e-01
1.337350587988916928e-02
-4.356861161692052176e-01
-5.949162344238978495e-01
4.737435331746232547e-01
3.523772484265391136e-01
-4.959350925980038696e-03
-3.431939663009071495e-01
6.818907706858159945e-02
-1.611037174119242521e-01
-1.218191751667204309e-01
-6.532270328650549018e-01
-7.020175715636147729e-01
2.498861264188481091e-01
-3.822845361642086548e-01
8.831383410231696818e-01
6.889844965336080485e-01
1.055437924329177823e-02
-6.458080433494424177e-01
7.428386545505805127e-01
-2.322996719398809640e-01
-1.084758253486577534e-01
-4.519710249298460325e-01
-6.243516848928863661e-02
-4.887485422585426398e-01
-6.323637720721857480e-01
4.700364354183686477e-01
2.435779044879768374e-01
4.398508046910715175e-02
-4.528297750688802803e-01
-2.770726469201673092e-01
-1.930962656101096742e-01
-5.232651814310202987e-01
-5.533423645068250574e-01
-2.398242949407780322e-01
-4.069206679004285787e-01
7.328162841044609799e-01
7.432740056693010189e-02
-7.452353092868692075e-01
7.004584237800306479e-01
-2.766465481673683335e-01
6.863708036334732476e-01
5.870427758839729115e-01
-6.175097273806108289e-01
1.450082871988172747e-02
-3.872532560433027959e-01
-5.138690403245229632e-01
3.976148730524258768e-01
1.657110172580952001e-01
9.506445136612400038e-02
7.284910446085040014e-01
2.287609265966860650e-01
-1.470277281377507239e-01
-5.373987114790570313e-02
-5.714319211478148253e-01
-7.153133332653808241e-01
-3.643409036995588490e-01
-7.103182135280208254e-01
5.566552228739620745e-01
-7.600420777916245818e-01
7.630807976804866444e-01
-8.841634023617474247e-02
7.850938058841985256e-01
-6.401702550182835072e-01
5.025762425243639892e-02
-5.826685222459936364e-01
-5.580384989142826990e-01
4.338339082081144604e-01
3.369742434676764424e-03
-5.811035938877135987e-01
2.312252756756363881e-02
-2.012877759267216737e-01
-5.997661729284635701e-01
-5.628018402013914567e-01
-6.731045984321393227e-01
-3.871086200960433543e-01
7.946569440243560489e-01
-4.602845935371438491e-01
6.459792654068535755e-02
-6.690534188507238911e-01
6.896491976202089313e-01
-1.213304721060954466e-02
6.930783687497366063e-01
-3.618950366696541132e-01
2.420424993911338488e-02
-3.211736562016752061e-01
-6.102677505150047033e-01
3.466114334455098200e-01
1.344826256669791054e-01
-2.952017009931624802e-02
6.020573410756672184e-01
-4.796256232489214816e-02
-1.087620912590446659e-01
-4.861407968707547322e-01
-6.078398215098816948e-01
-5.840018095344354787e-01
-9.245973256929387318e-01
-2.330314287186437683e-01
2.998532928908777540e-01
6.283871599041473965e-01
7.720458017715561283e-01
-4.062329144949757276e-01
6.420922789387133456e-01
-4.385558836970575025e-01
9.002376363292742545e-03
-4.047828237124012074e-01
-5.345900714472499038e-01
4.376655020589313994e-01
2.813405233380097403e-01
-2.567957999911946176e-02
6.686433422017520334e-01
-2.595419275157030345e-02
-1.940323199582320579e-01
-4.020544765141452204e-01
-8.807674998638765906e-01
-9.448365254032405902e-01
-3.740183052335679936e-01
6.302685041934129595e-01
-5.107899290140089851e-03
-8.135428411138837523e-01
6.283233746509656603e-01
-4.194401511825471274e-01
-5.689599546198148561e-01
-4.799661408697067366e-01
2.256567986107285706e-02
-4.169177731273225884e-01
-4.722479064055845055e-01
2.528145606696559078e-01
1.398920576251955761e-01
5.577395288932347761e-02
-2.508668680419544050e-01
-1.872259971134331846e-01
-7.464454876689603502e-01
-8.145612958566125217e-01
-9.323312000642411945e-01
-4.591895832153733426e-01
7.413018694679700538e-01
-8.222901333671872592e-01
2.441636674777825367e-01
5.302739772664320783e-02
-1.330454655765329064e-01
5.889304379361319786e-01
-4.187037800166659163e-01
5.926270133374655219e-02
-4.146482649392541631e-01
-5.400237702013576113e-01
4.512302680606836702e-01
1.852330026406343033e-02
4.481889411076435126e-01
-4.397071620971076400e-01
-4.474903377642635571e-01
-3.881604141385555651e-01
-7.797675366602119240e-01
-7.039593128132285438e-01
-5.356815178934626331e-01
-6.198368611329957423e-01
7.696920726345198860e-01
1.854484387770055642e-02
3.198365815381054578e-01
6.415477409730006020e-01
-4.351655582976864389e-01
3.309330578189727534e-01
-2.765249285546098057e-01
-3.977657335497561397e-02
-4.873572265802906256e-01
-4.618040566253203139e-01
3.960866102073414829e-01
2.125488682728847722e-01
1.648910860770697387e-02
-6.169435491093971935e-01
-3.878467442027955063e-03
-1.486563059889045579e-01
-5.780638838190444995e-01
-7.841446191025067680e-01
-9.271909006321342739e-01
-4.221498839033347439e-01
4.758678691090353352e-01
4.005496535578034756e-01
5.992674486970441805e-01
-2.088370194966548410e-01
6.227677433100501370e-01
-4.174423239149328002e-01
3.866061831298563817e-02
-4.971356780412888310e-01
-4.540601350276688430e-01
2.124214905179395707e-01
2.130736054192881590e-01
9.943155058678104785e-02
-2.614655365838801648e-01
-2.616320199793118959e-02
2.624637300545508700e-01
-6.543738525605513612e-01
-5.230764882534195692e-01
-8.252038605346513345e-01
-6.404431470691616113e-01
3.878884258785242345e-01
1.852487615195535717e-02
-7.247893511076007877e-01
8.392361126068281774e-01
-3.051214447470681490e-01
-7.711155775948090874e-01
5.063771788941661134e-01
-6.742604442204106485e-01
-2.431497985158823094e-02
-5.378945451738419425e-01
-5.931980962444640681e-01
4.574036364068295724e-01
-5.355097595707929842e-02
-5.243601771060979466e-01
-3.393963215620592749e-02
5.125374339998296780e-02
-3.994064993670113362e-01
-6.349292932249605004e-01
-8.579423033717000768e-01
-5.535863749547146329e-01
-6.652897589487934971e-01
7.828248859166992979e-01
-7.713490006110216290e-01
7.276745359519816159e-01
-1.586299079287273595e-01
1.376444672388801860e-01
6.564045058577788749e-01
5.623585562071425903e-01
-3.488769173335218299e-01
-1.207307756287203104e-01
-2.194995314571250300e-01
-5.568126489482498886e-01
3.106506129784727399e-01
4.502794709350330105e-01
-3.049222933298078100e-02
5.273279035635580758e-01
-1.000007181576222509e-01
-2.350925497772953510e-01
-5.883350819974859647e-01
-4.039029770720580781e-01
-9.177031842843227372e-01
-6.160565614022270875e-01
-4.018518387443959505e-01
7.162598774525281708e-01
2.344000058848051127e-01
-5.438307044025922909e-01
7.133990984320909279e-01
-2.008561612267924790e-01
-5.496444199129765229e-01
5.652548100764558381e-01
-1.181239213062642845e-01
7.721021629062028990e-02
-4.987710183277671572e-01
-5.839001583144658447e-01
4.957765977867212293e-01
-8.997658981094099062e-02
-5.754905308418594156e-01
2.851123722845904096e-01
5.908433093659219010e-02
-4.632602130732262902e-01
-6.349192459675283562e-01
-8.050051872766024186e-01
-7.789745609026580420e-01
-6.067937623823553839e-01
5.875061468446786117e-01
1.277424000778517622e-02
-6.607165512607545699e-01
7.655112917056472455e-01
-8.345310910227370094e-02
-7.789200089897063695e-01
4.231205347572069564e-01
-4.429596768268038165e-01
2.886536818532992044e-02
-5.059733279590790112e-01
-5.188376156959885188e-01
-5.713145543253144165e-01
1.815029894579118508e-01
1.138852791070402853e-01
5.188042527688332406e-01
-3.151225718903534756e-01
-1.285904909046440003e-01
-7.023100429065071149e-01
-5.886862783433786106e-01
-7.391241228691209919e-01
-8.318613759626349857e-01
-5.448201339040485980e-01
-7.883188237580605051e-01
6.610490253449990972e-02
-9.838577764770010115e-01
7.051058480659719852e-01
-5.516818830381619021e-01
-5.663500109675519978e-01
-9.934240009239767022e-02
-5.443571616715197070e-01
-4.903528802861802371e-01
4.897667300995337536e-01
3.476332310798179726e-01
1.385494137202867952e-02
6.889397272342946410e-01
2.731559199355291234e-01
3.301890306405031589e-02
-4.841598057389357446e-01
-7.303044763440220688e-01
-8.193731452394376058e-01
-3.726265331933228397e-01
5.149351894932048257e-01
6.076000745895170953e-03
9.129285794687644340e-02
7.264663333087085784e-01
7.053458845453177695e-01
-4.378999942198757989e-01
5.023403339030555609e-02
-5.965974931007095305e-01
-5.591712037014121561e-01
3.972850435012602599e-01
8.504365759920032852e-01
-3.598631872510418220e-03
-4.982341845359779531e-01
-8.170313428188554286e-03
-1.131594446585970637e-02
1.402518297267610903e-01
-6.489152559830657641e-01
-8.989883752340690481e-01
-7.765437971779305393e-01
-3.678089178632298339e-01
2.818007951781738574e-01
-1.504260347620494376e-01
-6.022588064631585469e-01
7.116318477419117938e-01
1.350740640424751005e-01
-5.943494551536585568e-01
3.199041445248564930e-01
-3.620137038293894105e-01
-1.092867422495613222e-01
-3.251425107742762499e-01
-6.412436230350639921e-01
4.579463837284508121e-01
1.434470559680227353e-01
1.441580079146688150e-03
-1.140098288346697714e-01
-2.471696886738901089e-01
-6.598627606115177180e-01
-5.761066622924571057e-01
-3.155273208791687378e-01
-5.249500149968182594e-01
9.029750732695391857e-01
6.714599957856931534e-01
-1.516265468370181155e-02
-7.042845476726826703e-01
8.064772878705896986e-01
-1.920818371823134474e-01
-6.504423127684786365e-01
-1.527133445913599619e-01
1.305820633749986137e-01
-4.836688935257022481e-01
-7.264358537996677967e-01
4.382568970613350268e-01
1.715475975721611757e-01
-2.853708808803478644e-02
5.345062745149941064e-01
-3.388731798093163050e-01
1.750639177418416431e-02
-3.146751351770865623e-01
-6.037371042937661469e-01
-7.812193571048351437e-01
-8.630879009508251043e-01
-5.485711518845500789e-01
6.397461110168636278e-01
1.870191538844956647e-01
-4.925044262522824123e-01
7.390168494996895987e-01
-6.515536274674539330e-01
1.243518264910390414e-01
-4.529320369454874484e-01
2.607069312087869923e-03
-5.174428059978791739e-01
-4.459252554705994132e-01
3.921534334918408415e-01
9.213291658910302551e-02
8.752030019782415238e-01
-1.385672649645887655e-01
-3.555857555468953657e-01
-8.949723022157601848e-02
-2.635386987142512294e-01
-6.028979492289952002e-01
-6.858098431051867783e-01
-7.031161265894794177e-01
-2.325161490409671516e-01
8.757999847167520224e-01
-1.733057353740227085e-03
7.401616771715610610e-02
-8.814744058483494626e-01
6.397960130924690292e-01
7.739278786299688684e-02
-8.323421148755192345e-01
3.606722684893368669e-01
-2.692420614033056436e-01
-9.394270186432834152e-03
-5.552181160324737297e-01
-5.960000228107719122e-01
4.674083764413442532e-01
1.594324438921506382e-01
7.324469159781892280e-01
-4.906513648733763777e-02
6.104220932227520935e-01
-2.241064168898399545e-01
-1.764346091786709314e-01
-6.758694004895913210e-01
-4.447601700414990922e-01
-5.294770697543526028e-01
-4.322254602830545300e-01
5.817366322176018567e-01
2.328913849555990390e-03
6.000168009703659155e-01
7.491863043379336506e-01
-3.182979666465569901e-02
8.969118625601076866e-01
-3.985830794550099809e-01
2.931142260022225055e-02
-3.218609198751633538e-01
-5.751231466385509083e-01
4.054825454976275223e-01
8.679312387395325956e-01
1.404505529771404027e-01
-4.123353825530125527e-01
-9.802613362113371531e-02
7.156557032192702519e-03
-5.164296227547913176e-01
-7.437997318598121854e-01
-5.333797005369038668e-01
-3.829033947825032924e-01
-4.179534108568568329e-01
7.350087877898470179e-01
4.277009331393056835e-01
7.292012893293688958e-01
-1.587254135240048492e-01
-1.676357107738679353e-01
7.750217680153094202e-01
-3.404091083983561417e-01
3.467710276133359470e-02
-4.008545639809873440e-01
-6.295810259529465158e-01
4.931826576343173452e-01
-3.364439674888095033e-02
8.295490194864496569e-01
1.073756924022903347e-02
5.252120491471423680e-01
-5.428093020340510888e-01
-9.497555628642991021e-02
-1.884050059094129759e-01
-6.813636652490469015e-01
-7.153230688827413308e-01
-7.554644835379489276e-01
-5.080698786909966236e-01
8.366645694943777301e-01
-5.628029723958757197e-02
-3.677578984122517047e-01
7.158383101251232228e-01
-3.554370445283856483e-01
-6.749627845999743858e-01
4.231646401961730586e-01
-3.077576330988936459e-01
8.805515342786347788e-02
-4.558747618823136838e-01
-5.863730609242430170e-01
5.417961589050152016e-01
1.022403290653183805e-01
8.615132397664851949e-01
9.497952826700473139e-02
-5.193904837623386506e-01
1.788493671665976337e-01
1.269468710068680228e-01
-4.983875721815963500e-01
-6.919492834299024731e-01
-7.137719707675167502e-01
-4.936153533804278348e-01
-3.012359262196298570e-01
5.411875336981126772e-01
5.410434270948437652e-01
7.662032667861912172e-01
-2.247489336291817186e-01
4.972728507198890813e-01
-2.396548345615652498e-01
1.182657882881672437e-02
-4.089209381901743878e-01
-5.956961050440717775e-01
4.998764032523539957e-01
-5.185915858394715000e-02
8.662213972513834737e-01
2.364240815998324419e-01
-4.907684029027994388e-01
-6.423776252765134309e-01
8.132078929081186514e-02
-6.906382875845705760e-01
-7.365175114079087759e-01
-4.018721948621861717e-01
-6.610141231464611300e-01
3.345206256744309159e-01
-7.996970782925613697e-02
4.542474697920448889e-01
7.157535873188736186e-01
-2.357105259206649650e-01
7.599135023396567101e-01
-3.762424724399031084e-01
4.546179954823665464e-03
-2.663368410094468230e-01
-3.374054980360443046e-01
4.828971354104904523e-01
8.692079963272181242e-02
7.763425841174910191e-01
2.427349261691489485e-02
5.621533553849260567e-01
-2.187980418853351927e-01
1.837987817766522924e-01
-6.376145675870378282e-01
-5.981912593728059280e-01
-4.219180157476831727e-01
-3.972946002176767633e-01
-6.022842870342839383e-01
5.232163018080135952e-01
-1.028132576530132146e-02
-6.874695495587719307e-01
7.416711904845032510e-01
-1.318039636240629919e-01
-7.742633829606497819e-01
-3.935791785645125773e-01
4.222569666892810047e-02
-5.313054299472909081e-01
-5.799404324149860512e-01
3.987563411183370765e-01
-3.508986976582995077e-01
8.983438531033852148e-02
8.308724478705410421e-01
2.431005831504323700e-02
-4.993390591077537799e-01
-2.451201798713591451e-01
-4.147891580291471897e-02
-3.695730410336414140e-01
-4.940163741668396336e-01
-9.249694487475859095e-01
-5.832476752377903084e-01
-3.832676919000956306e-01
4.667300178263120713e-01
9.065746605032765082e-02
4.138636612580391394e-01
6.481321182863074570e-01
-7.363834673136950837e-01
-3.293651817429663065e-01
-1.434288478470328865e-02
-4.217187239505745810e-01
-6.407028366093181493e-01
4.685412213675523851e-01
1.699839496582121814e-02
-5.262311819883896263e-02
-5.140856954706274351e-01
-1.037160366560058861e-01
1.062289350190750645e-02
-4.531889485371217718e-01
-8.813005902619218679e-01
-4.776449160715596776e-01
-4.519155199195139527e-01
8.582937725321970746e-01
3.793810754341381264e-01
7.906586628547511708e-01
7.617343933089493202e-01
-4.022368326647884351e-01
6.004687535026146383e-01
6.731977865877122325e-01
-4.844792902332025197e-01
1.773263911099717816e-02
-4.854758755109553348e-01
-5.497502249571700750e-01
5.484277953506221381e-01
1.363662217845294788e-01
1.273461562715623718e-01
5.869466454676097733e-01
-2.749962727320038325e-01
1.154816299454993617e-01
1.959141096850478686e-02
-6.103493158791760687e-01
-6.663974949336113340e-01
-4.793846986943682276e-01
-3.297727686176980533e-01
1.894269645524532069e-04
-4.646289826291533087e-01
6.611168532207117865e-01
-2.713171580731181254e-01
7.258875357282301710e-01
-3.528329391896857792e-01
2.033946109166262853e-02
-5.397385913140833047e-01
-4.011193308588611450e-01
4.421025180408884037e-01
-3.376452558486662259e-01
7.087070875852907736e-02
8.006389725462342843e-02
-5.307509940100842982e-01
3.030779988058060481e-02
-4.866239621214349387e-02
-2.769880859423839992e-01
-6.931106611791163497e-01
-5.615731570087996172e-01
-6.993452287777125465e-01
-2.657397997041742177e-01
5.072521353431557189e-01
1.278749485614481644e-02
-6.888318478784494214e-01
6.632357249060404358e-01
-4.138496931309462168e-01
-8.847213517558368823e-01
-2.000137326902016455e-01
-3.424054917400256443e-02
-4.813097772375654060e-01
-5.943821585525185247e-01
5.393590486726247413e-01
1.360368960109803183e-01
4.716946850759592275e-02
5.475958667138766112e-01
-3.065726440001276254e-01
5.918733274399591571e-02
-4.960019341725832032e-01
-5.498543046291357594e-01
-5.830819765821841916e-01
-4.525401409492427751e-01
-7.063890167145836507e-01
-1.665918019361856406e-01
-6.438530992699999234e-02
6.183453732160022476e-01
7.312483607503716954e-01
-8.647292215905857393e-01
-5.156197670821771606e-01
-4.727367693888567118e-02
-6.139951243167549588e-01
-5.574953875418138249e-01
4.464541551296934419e-01
-3.456191688664232015e-02
5.580354447936691081e-02
-4.602451525808469723e-01
-9.542544678052013174e-02
1.103269038952549644e-02
-5.989801300016599495e-01
-6.404122232320681452e-01
-5.897699432306354739e-01
-8.958384093629367939e-01
-5.473586392617384444e-01
6.941545763819573223e-01
-8.868667904152351122e-02
-8.007636659770394072e-01
8.186459099559643127e-01
-5.368407876252311306e-01
6.514411678111248216e-01
-4.671579255473971570e-01
2.582894707529017828e-02
-5.482313838772490122e-01
-6.438156190717567728e-01
5.119249250061649326e-01
2.189553708338180804e-02
8.971916383789798471e-03
-4.597311458054044730e-01
-2.842495980459756599e-01
-1.318195797199463726e-01
-3.544230902411781847e-01
-5.089142299418177862e-01
-4.127165225603067200e-01
-4.431671265942467297e-01
-3.439171744936576069e-01
-2.376924969805765953e-01
7.840962702819616326e-02
-7.966052376650067934e-01
7.950488817339604886e-01
-2.995322850398322578e-01
7.185365929592749668e-01
3.636579772166488311e-01
-6.242778777013332503e-01
-2.399477469094359831e-03
-4.985485702413422482e-01
-4.593089721234742684e-01
3.442671038976616305e-01
2.290865422030176812e-04
3.664941045662611918e-02
3.614126858897995231e-02
-5.757229369358770610e-01
8.633387078461426944e-02
4.120631747609344170e-02
-5.669240080501869450e-01
-6.888708198869937238e-01
-7.008740925235081853e-01
-5.748598313621513523e-01
-4.550717918314196586e-01
4.158399169540584750e-01
-8.619801188264596473e-03
-8.562555991561852098e-01
6.815576699200875943e-01
-7.234440964006627617e-02
8.188157027073338368e-01
-1.957546459539748762e-01
1.309986532297222062e-01
-4.014302737614043881e-01
-6.022654468670028960e-01
4.658297861781035554e-01
1.550712936171355916e-01
7.765722091693560980e-02
-4.111073338744512529e-01
-3.505697879246133519e-01
-1.872805525328286036e-02
-3.586925885345466636e-01
-5.162648566693626151e-01
-6.360349681454006143e-01
-3.713309654796972392e-01
-5.664291573220717746e-01
6.574867691756018928e-01
-7.754000898717047230e-01
6.609113047748071956e-01
-1.967545506235610919e-01
-6.791395923370404653e-01
6.256551788113225987e-01
-4.458080327389120634e-01
9.887318043245407750e-02
-6.525508603750228565e-01
-5.865205105105828487e-01
4.359882391482358122e-01
7.700121348776502173e-02
-3.232532344849871342e-02
5.533951467045050698e-01
1.398632628954885326e-01
-2.378214771218205847e-01
-3.483670977112607869e-01
-5.767342457807084211e-01
-8.292052823583071497e-01
-3.982009083636071645e-01
-5.816623670894828235e-01
6.788946706134525444e-01
1.024598181370287991e-01
5.219695923441471930e-01
7.418823465974475617e-01
-2.246695865783096546e-01
-6.538436921631664012e-01
-3.595751449864129090e-01
1.766972177502359933e-03
-4.767681800140780579e-01
-5.508651925661217641e-01
4.057385946495057349e-01
-2.590830087171323154e-02
2.364594730041351400e-01
-5.943267676468969585e-01
-2.548561534707081133e-01
-1.353655349066910651e-01
-5.425208828253230697e-01
-4.565256317166048738e-01
-8.722273068667425466e-01
-7.380689925666211737e-01
-3.304041312972919031e-01
7.944210420564791209e-01
6.317615128153702964e-01
-4.043892763484002728e-02
-7.151210505080372037e-01
7.763510232881676298e-01
-6.783890592421797094e-02
-6.143449770087364703e-01
5.474727480114601752e-01
7.174771447946176606e-02
-1.143848297972951478e-03
-4.263120688602327624e-01
-5.050840220068264497e-01
3.187381020489429284e-01
6.142444774504909194e-02
2.360082390438883460e-02
-5.130105029352081125e-01
1.209984680249447629e-02
-1.247743482675403859e-01
-7.524337886628633676e-01
-6.954647391623925978e-01
-6.401036370556825172e-01
-5.340482042903197391e-01
-5.527699672832856459e-01
1.657554979544000606e-01
1.127034128963260579e-01
-7.068152163992591497e-01
7.730668506119018346e-01
-9.023759645178992816e-02
8.126540857634607651e-01
6.050051423258305805e-01
-4.706034465100469855e-01
1.204812726846635623e-01
-5.797819740863039417e-01
-6.783748591091682822e-01
5.196499683840162254e-01
-3.422870108243275533e-02
8.620989862719426189e-02
-4.933047674213081324e-01
-3.223033008069827177e-01
-6.152108435107093987e-02
-3.958042559261667481e-01
-5.111470808809217559e-01
-8.672895211430360352e-01
-5.647632406213191070e-01
-6.160968195557308125e-01
5.374612609379144645e-01
2.403576205602297733e-01
-5.999283938742633326e-01
7.485135603557502293e-01
-3.722338424723384276e-01
7.928384453113097585e-01
-2.084262796499904424e-01
6.433447800826651297e-02
-4.129315020170599704e-01
-5.533636744764445226e-01
5.635945444204214505e-01
1.404839666668074305e-01
-5.896858012107122349e-01
-1.274013959003044150e-01
3.101448946752757840e-02
-3.082633851625261046e-01
-5.031414579118487218e-01
-7.840174585454415812e-01
-5.682596646932386308e-01
-5.923264554807350368e-01
7.237513930490457881e-01
6.294686931246551431e-01
-4.286844070785428840e-01
7.692857308919580639e-01
-1.697227379866445285e-01
-5.762369664462464458e-01
-3.722584371094628808e-01
9.735050976090779684e-02
-4.952480556772441700e-01
-5.514371841697488508e-01
3.901927079541197552e-01
6.140748722128033105e-02
7.772982941391258678e-03
-6.251333791094252357e-01
8.357235356766867795e-02
-7.780037651468418858e-02
-7.348251782749379846e-01
-8.645448761017169303e-01
-4.707129384494452284e-01
-5.635339599482898088e-01
6.523962665050385690e-01
5.873502276505201264e-02
-8.838999408450406436e-01
7.942495196588673645e-01
-3.464306082063622894e-01
8.143831022242883355e-01
8.527985709647880608e-01
-2.325511645050376552e-01
1.496429873590382764e-01
-5.482703573790361773e-01
-5.530237538679377840e-01
5.722365236733114591e-01
5.165285244412640836e-02
5.293075260568495810e-02
6.066647677920112836e-01
-4.741847354092916522e-02
-1.135877483646255230e-02
-3.811394797495541997e-01
-6.184107657509683165e-01
-5.114502175053018407e-01
-4.324078395471637748e-01
-7.115630787940712132e-01
6.713750337052299955e-01
-7.561440082345324276e-01
7.173789992806176574e-01
-1.958040496370205552e-01
-7.178277373091651592e-01
-4.296782985614040484e-01
-9.319458282295783186e-03
-5.004947016443838104e-01
-6.330525144435721341e-01
3.955614711798134397e-01
1.810983985817966879e-01
8.679337094024368315e-02
5.424833743932733210e-01
-1.501616034363872088e-01
9.526465633251181286e-02
-3.646966047760954455e-01
-6.406610549720824777e-01
-7.909458419733079726e-01
-1.675563156547172916e-01
-5.194558562072403296e-01
8.205113069652026914e-01
-7.666414164408379417e-01
8.172347246307913871e-01
-1.199527270165808290e-01
7.213949764765537065e-01
-2.943954589527735810e-01
5.608518243696375416e-02
-4.608259497186829590e-01
-4.963117992756970742e-01
3.855261915351468893e-01
4.826446342886267504e-02
5.003477220155724131e-02
-5.855947495979810791e-01
-3.792799672172202374e-01
-3.063891649604463460e-02
-2.555819739526186130e-01
-4.639629277258317530e-01
-5.357144506658798599e-01
-4.545205157153244802e-01
-7.989745776330516858e-01
5.380435003644803427e-01
2.037605984764826253e-02
6.302851632177063346e-01
7.396992970726351535e-01
-9.845125102310911536e-02
-5.665873112515356080e-01
-4.843081502542556094e-01
1.074210094781185149e-01
-4.752007906553473160e-01
-5.712290479659909437e-01
4.201933600189520224e-01
-8.483144692145573248e-03
7.394355194755382055e-01
-6.367286420721569862e-02
-5.493846114801035352e-01
-1.474438940863589675e-01
1.122971040224917672e-01
-4.887453204329934853e-02
-5.919123268365773516e-01
-7.955720522924001337e-01
-9.134523290462510658e-01
-6.293228108002201227e-01
6.356863782338956215e-01
6.955837813060990193e-02
8.708272244679624574e-01
7.968206123718375444e-01
-4.742913029908040617e-02
7.710203725021143040e-01
4.991165583675308826e-01
-3.505395443660344612e-01
8.536581313111840652e-02
-4.722699350444082844e-01
-5.597717691717828403e-01
4.555070609095672740e-01
4.857470299244984746e-01
5.450146382869117123e-02
1.105498312832877139e-01
-4.296093143145627846e-01
-1.201496371505720445e-01
-7.391605009145557452e-03
-3.828116686990272743e-01
-5.139463585482214603e-01
-8.475253951223872262e-01
-5.152986011110617381e-01
-5.052326308317455217e-01
1.116632406767208291e-01
7.273356420405181766e-02
-5.512362633643831389e-01
7.163217948974462956e-01
-3.055820545525362864e-01
7.987120204044001470e-02
4.819951971102587329e-01
-1.683512463015131300e-01
2.093490266895211074e-02
-4.101966243316871319e-01
-6.133224139843740375e-01
6.125683198428362175e-01
2.150105976812966002e-01
1.105833209355182867e-01
-5.353669382710812830e-01
-7.439954701768911050e-02
5.354401656101909213e-02
-4.432590111870637339e-01
-6.973648643196850294e-01
-8.492094364172999565e-01
-5.918236276209477564e-01
-6.031136758387831698e-01
1.853181126454958305e-01
7.671865994464426297e-01
7.693093634258280078e-02
-6.507500806500077228e-01
8.240941932852461349e-01
-2.546882509951286511e-01
-2.155484614171918334e-01
6.220084287255669420e-01
3.182163058617954454e-01
-4.857027114127271950e-01
-3.531756522985458890e-02
-6.281749633753096473e-01
-5.113342920677094172e-01
3.519445735802394504e-01
-8.432298363641727371e-03
1.256456705708301411e-02
-5.469043927011889572e-01
-4.708421065246896631e-01
5.871393021453989031e-02
-3.846521437268237142e-01
-6.462486841312897745e-01
-6.133183674087255843e-01
-6.170275631415592654e-01
-5.509123203485334352e-01
1.186534144490343917e-01
7.820764149464541626e-02
4.525153715840963264e-01
7.517938061899407387e-01
5.468925992486117077e-03
-8.174408436594249316e-01
7.642039675509610941e-01
-5.578484161139832809e-01
9.933439913681860189e-02
-6.365641867339664195e-01
-6.654392257649239806e-01
5.156892085313540264e-01
1.040671141651868803e-01
1.170283764803759369e-01
6.234994034445875410e-01
1.951664501559854104e-01
-1.148132498961299160e-02
-2.504150849589240613e-01
-6.553342308244024528e-01
-8.496165334218993559e-01
-5.762502367349684462e-01
-4.403400181741651265e-01
5.717263342110379121e-01
-8.088414779827923784e-01
8.098789512367994270e-01
-2.273632945487689960e-01
7.422866921059201317e-01
4.551282643351186596e-01
-5.014938603679154339e-01
6.407942656790872882e-02
-4.816619551380674213e-01
-5.637439434621058787e-01
4.775215295146003625e-01
3.709138034075708246e-02
3.608546915588187881e-02
-4.848010584064456063e-01
-3.699489237387423857e-01
-3.839385521456054745e-02
-3.386584355670126945e-01
-6.574650644545564360e-01
-6.301278549133785267e-01
-5.958523507884224690e-01
-5.076306605904127300e-01
1.419496233777614302e-01
2.816059128050446211e-02
-7.164983634181005812e-01
6.912082011459488307e-01
-1.198321033130053254e-01
6.274953583386962963e-01
5.038262106259742135e-01
-4.916308358012460022e-01
5.271339775562856877e-02
-4.840442819156524079e-01
-5.876497603711311468e-01
3.616538109628195663e-01
6.466376945282932553e-02
-4.213720470153134445e-01
-2.363796180288519899e-01
-5.980817929946435907e-02
1.506974178151275490e-01
-5.709621681548311400e-01
-6.245714406018665343e-01
-4.710283228707478620e-01
-8.240989485035657980e-01
5.247652598208472075e-01
6.323546083369109561e-02
5.571299685409349944e-01
8.249435953997330540e-01
-4.805070476601457363e-01
-8.133025326184868398e-01
7.374968591090047543e-01
-3.519557283925326407e-01
5.019790792704111743e-02
-3.902197909793920227e-01
-6.312293848178064382e-01
4.118224297542886214e-01
1.333793682092985211e-01
9.220923130117536504e-02
-3.401020079805083807e-01
-4.162314471894086321e-01
-2.696103029680717578e-01
-3.528736528065750666e-01
-7.755119652729102198e-01
-7.017973514283066816e-01
-8.195187985506491302e-01
-7.303870088335652211e-01
-2.653031277846054081e-01
4.409972459301012004e-02
-7.937282177653937065e-01
7.564099759416567093e-01
-3.236768467452963982e-01
-4.670867769752823362e-01
-3.773844887600415476e-01
-2.324115454262260655e-02
-6.036515703388047882e-01
-4.648632787950773282e-01
2.899570900752286851e-01
1.094749096388020378e-02
-1.018792722576446069e-01
-5.322393010558778004e-01
-2.977769341821653870e-01
1.099597866220456410e-01
9.539768086090610888e-02
-4.779782340232413551e-01
-5.684364511419145449e-01
-6.780452423731417877e-01
-6.157834886155054699e-01
-1.105446689254404175e-01
2.791185761267631765e-02
4.676550987071399490e-01
7.563021469892110549e-01
-6.625375910419704084e-01
-4.610853021328187307e-01
2.553861996881906862e-02
-5.363226388806836553e-01
-5.050191020168088851e-01
3.146936848163418010e-01
4.769564939374208029e-02
4.889235137784390672e-01
-1.813425972429760225e-01
7.982535156839302981e-02
-2.073126220862770153e-01
-6.767210635213504188e-01
-7.811411210684844342e-01
-3.735917599595988126e-01
-7.995258663882832684e-01
6.383250313944658361e-01
-2.423582636398029580e-02
-1.852312268324070588e-01
6.808711122578943176e-01
-3.129408166071885877e-01
5.743628186594693652e-01
4.709399353987138159e-01
-3.445984148609955722e-01
1.306672300800318376e-02
-3.371090980228619305e-01
-6.015139774038354981e-01
3.932525430503128194e-01
1.171705679903773112e-01
-1.064911554142417005e-01
-5.563555971847531367e-01
-3.858503797967554050e-01
3.842924179653062905e-02
-4.741377173801011174e-02
-5.853508149869433019e-01
-6.673735207418108883e-01
-4.689897511855537493e-01
-3.822456620970034469e-01
6.076446062393384695e-01
5.135024443982557640e-01
5.832377918858482335e-01
8.320859006722621798e-01
7.382523915196526065e-01
-3.296281068800383518e-01
-1.249294996799511781e-01
-4.293127803168924062e-01
-6.515373776225583669e-01
4.692898234001448010e-01
1.474222713669935958e-01
1.069652612679135167e-01
7.119444572738861110e-01
-8.412074003117922874e-03
-2.009811193134055651e-01
-4.379269566796708535e-01
-6.385897347922220302e-01
-8.903493896157932408e-01
-5.342983477651018775e-01
-6.264105533003473392e-01
6.426890286994326740e-01
5.485226573905196412e-01
7.095941989471536704e-02
-6.590079589566554263e-01
7.578011103608205401e-01
-1.085058519119961734e-01
-4.687022979659642430e-01
-4.813291153563603597e-01
-1.275947804688796205e-01
-4.588221082776593462e-01
-5.072458316621955010e-01
5.263858383436010868e-01
3.880393308242410105e-02
6.933907101951992946e-02
-2.862450958661797440e-01
-5.300150690193533576e-01
-6.347030969404608980e-01
-7.518307154775878409e-01
-7.057296790887142013e-01
-6.112502769540797409e-01
5.221000867874875384e-01
-7.853123794453251150e-02
-8.432705247011106353e-01
7.227205746992828583e-01
-2.142752226549863304e-01
-6.489754845899688984e-01
-4.921036623978514712e-01
7.371305201205481661e-02
-4.551648276413324812e-01
-5.482631793513450535e-01
2.829276030332847913e-01
3.411595911027596323e-02
-3.492166256366579374e-02
-8.964179520737806106e-01
1.947367378444763708e-01
-3.698215876009744441e-01
-4.684450677557571163e-01
-4.049134156131224405e-01
-6.758270698152271105e-01
-3.348567196054256789e-01
-6.088929116873925684e-01
2.326785292833126739e-01
1.891051557193241250e-01
-3.402412697214234061e-02
-7.338187334226204950e-01
7.841228642570762242e-01
-6.705164541764496722e-01
-5.582752994591119178e-01
5.126022323064696566e-03
-4.760714121339831850e-01
-5.682294852973240884e-01
4.103561340982227468e-01
2.845941996179511546e-02
-1.315163159101909705e-04
-7.132869583905909749e-01
3.033004162570623885e-01
-5.595605503981316842e-01
-5.630313892849179158e-01
-5.600375982961293131e-01
-5.974050670356070292e-01
-7.158285471345845474e-01
-4.869498971960666348e-03
7.666545367225241492e-01
-4.896689213633916710e-02
4.045900772273906885e-04
6.676330878050142914e-01
6.177638023240945575e-01
4.547415156750063137e-01
-4.550016043119348153e-01
3.561246344070269354e-02
-5.738570566386727023e-01
-6.186111724408683843e-01
3.167223413745009486e-01
-5.420058071566377774e-04
-2.448614331866241084e-02
4.720135654399603142e-01
7.064707613854634971e-01
-6.649259614103174287e-02
-5.798270243745029529e-01
-5.608271494533845214e-01
-4.530735821502522298e-01
-3.966766326210779958e-01
-5.813790640349754124e-01
-1.097071890394481740e-02
7.546880113526900358e-01
6.090640166558111135e-01
5.179446390675741807e-02
4.700750903393759450e-01
7.189662710760404973e-01
7.010270170509387277e-01
-4.171576124355365622e-01
1.530078292110401660e-02
-4.411509608401235627e-01
-4.833321076593211085e-01
3.977593539422767943e-01
-1.492432087688873830e-02
3.541623317965518492e-02
7.549408221821437559e-01
-4.054370535900983508e-02
-4.008735631228227958e-01
-5.335522383266204649e-01
-7.342302273936791579e-01
-6.603811037921023530e-01
-2.818242642946367504e-01
-4.635816317154902721e-01
5.990759034825521301e-01
9.698938750213353943e-02
-5.515289353882220080e-01
7.419523135424348492e-01
-2.827156192567122917e-01
-6.984408909372076257e-01
-4.942674469034805118e-01
-4.191616559991594854e-02
-6.100820891884143338e-01
-6.495708650286659003e-01
3.370663576583349252e-01
1.351769443585401353e-01
5.952471552522344000e-02
-8.101596094965939354e-01
4.393657713453732322e-02
-5.014066260870471137e-01
-5.671468866024852451e-01
-2.400038745581990207e-01
-3.941924782872404109e-01
-3.367121644438776928e-01
1.338498537184468207e-01
6.723637204498116304e-01
-9.091155079561803465e-01
6.348234429379236987e-01
-1.501222575011955385e-01
-5.495595144627405393e-01
-3.017133085910626566e-01
2.494046082972714573e-02
-3.899554407024521940e-01
-6.483807860420037761e-01
6.037979285130889995e-01
-5.259257693426859503e-02
3.785838829475466488e-02
6.531558344972790975e-01
8.993648446888883458e-03
-3.066045907109410384e-01
-5.681624724559334316e-01
-5.708003150905025525e-01
-3.570211506262871981e-01
-5.403270778985475031e-01
6.048467897586506936e-01
-7.568764911577435806e-01
7.198055137401296877e-01
-1.157118751868468631e-01
7.221341703870940432e-01
-3.956027712043364564e-01
-1.046259168006604366e-02
-4.976489816246527642e-01
-6.631933883466250013e-01
5.680589132958471232e-01
4.394816551563023727e-03
8.108808384357790722e-02
6.420387810053028721e-01
-2.018502432028951993e-02
-3.688496079880428935e-01
-5.180534330299523260e-01
-3.611978646945306348e-01
-8.685346424976534419e-01
-3.764840352319441252e-01
-2.838658355920358756e-01
2.740931152852962294e-01
1.270943714140119751e-01
-6.006187716453647019e-01
6.885327488396078000e-01
-1.479355278970916343e-01
7.842262436800767622e-01
7.187580470981528302e-01
-2.672731979113423528e-01
1.504954447512540754e-02
-5.103484406347861269e-01
-5.498876479266834316e-01
4.688743898883828143e-01
-3.457399827559943378e-02
-5.292785394444902147e-01
-2.035368948330314454e-01
-1.449378427251803159e-01
-4.311996125490042409e-01
-8.878872581020125221e-01
-7.117888976262176648e-01
-6.901203345167454539e-02
1.927193575800066339e-01
5.515216465244157651e-02
-4.511413184026653589e-01
6.669765471710679128e-01
-7.137734788690577314e-01
5.163390683187669694e-01
-4.093452722414747114e-01
-2.873330481668792419e-03
-4.066349662333348935e-01
-6.203013243395946175e-01
3.003451616311957895e-01
1.116887339054118133e-01
-1.026458885258818288e-01
4.519936608970866465e-01
-5.272739167606335098e-01
4.706119827447087511e-02
-5.286017766402997808e-02
-5.645369548251658598e-01
-7.944517516600899665e-01
-3.626169513573742065e-01
-5.496472596900822127e-01
-1.165304728540669105e-01
5.052755264560016002e-01
-8.503462889051660589e-02
-6.224694546925594318e-01
8.580080099997076104e-01
-3.122994511796378103e-01
9.054965415779365756e-01
-3.963293586603499064e-01
9.038626251083167404e-03
-4.599739700763383343e-01
-6.775386222831984995e-01
3.563904545464774420e-01
5.322268776061839929e-02
-1.797053506009064008e-02
-5.768583143832641813e-01
-1.393899039750313984e-01
-1.574259853213835769e-01
-6.851619686338381032e-02
-7.121666849438947899e-01
-6.588754758140510370e-01
-7.339031847689146959e-01
-5.928758227553585503e-01
8.251170445482407523e-01
7.151675208517571658e-01
1.593491631070196868e-01
-7.214075466511113977e-01
5.863179420832659305e-01
-5.750961823218753155e-02
8.068441492441776886e-01
-3.860338602987363199e-01
-1.101976317915410869e-01
-4.862267748591338479e-01
-6.079637294758617472e-01
6.481469446653403965e-01
-1.793535121171151853e-02
1.271092739578814079e-01
4.104897048434695828e-01
-2.382149259154277554e-01
-3.648236768413440356e-01
1.392097352115476139e-01
-5.852968208133288996e-01
-8.729545112766721182e-01
-7.555316454425889949e-01
-5.511686870325530618e-01
-1.289494892576245610e-01
6.316129542437098898e-01
1.280621919398023008e-02
-9.584163476558714700e-01
7.280695285520011328e-01
8.334679783065503944e-01
-5.358987635024914375e-01
2.871187995465791093e-02
-4.442792604882699892e-01
-6.441153583283837358e-01
4.951621056873842242e-01
9.820145141627194263e-02
2.560950067739592786e-02
4.075363011427903248e-01
-1.623791814794846577e-01
-4.825767387586664126e-01
-4.999905161040961166e-01
-7.110371264807957559e-01
-6.488828778937201225e-01
-9.020725096405129984e-01
-6.188584489475814632e-01
6.161825907219865561e-01
8.358115986490555205e-02
8.573277195025882924e-02
6.082191644456835800e-01
-1.746782726228362365e-02
7.904648593470953166e-01
4.838042825521604029e-01
-4.050812449798155690e-01
1.910429206022298473e-02
-3.183042372425973765e-01
-6.134035132256714373e-01
3.570131940565123840e-01
-4.643281527567068995e-02
-4.579860291726150015e-03
1.529999364745377455e-01
-3.687260007387322958e-01
-2.568454711983937377e-01
-7.259842658108741631e-01
-7.827713651973953191e-01
-8.671776365061860670e-01
-5.678788555442649821e-01
5.491119496598024785e-01
1.043076213584689799e-01
-4.960318923606289454e-01
7.037940432422205017e-01
3.622103713395974454e-03
6.923682601901312017e-01
-5.083333727678142067e-01
5.221390319413113379e-02
-4.033944975235166375e-01
-7.102199357451960404e-01
3.739580438910845572e-01
-1.900737867985407767e-02
1.840402217832713128e-01
-4.226580247859725858e-01
-1.045936079114488104e-01
-5.344381718843443929e-01
-4.353012074672619192e-01
-8.748043540452186129e-01
-8.195367410123496343e-01
-4.291744900991215639e-01
9.300422982795479854e-01
4.697197935324817220e-01
-8.096716293437868917e-01
6.444977536700895460e-01
-7.280873387353214987e-01
-5.446030848111376166e-01
5.466688965824097191e-02
-4.187624980154575627e-01
-5.804558429009458731e-01
4.692228712156557568e-01
3.645610966555395960e-02
6.287353621577854157e-02
-8.784004154651913199e-01
-3.344719666442054207e-01
-1.590697945636766475e-01
-6.504836332486901851e-01
-6.304945193679076798e-01
-7.829656305745712475e-01
-7.863112173697845986e-01
6.669631101378548088e-01
1.953149760260875032e-03
2.657697407000110257e-01
6.510026874426126930e-01
-1.526212943186479147e-02
-8.150053535500570989e-01
5.575826211498827734e-01
-2.776576298403626297e-01
-6.074443901268807705e-02
-6.149964148708060296e-01
-6.040017534422525980e-01
4.244313504842811002e-01
2.313690503943674134e-02
-4.245510699890223116e-02
8.797215952566184161e-01
-7.328565355859884001e-02
1.742939340318296892e-01
-5.325878413756792717e-01
-7.394108919048174577e-01
-5.393411655941071636e-01
-3.384861839216130042e-01
-6.548912967871653966e-03
-1.057396642214654264e-01
-4.311155720269359455e-03
-5.327539575366363467e-01
6.430608645561106673e-01
-5.907698206553260167e-01
-6.075234290857046693e-01
7.614191875952600573e-03
-5.012163020418840542e-01
-4.756040069093339651e-01
4.897862203580716223e-01
2.732710602257912291e-01
-4.877909082647336608e-02
8.272379514417328439e-01
-1.992017987551867111e-02
-4.565682374676428013e-01
-3.555550261580371352e-01
-6.230597521064269451e-01
-6.368311540450833919e-01
-8.045473633007542702e-01
1.610918917637503833e-01
7.138254186675232482e-01
-1.049114294888844057e-01
-6.213764208095620134e-01
8.433132680114717727e-01
3.273362857309539686e-01
-6.796705202881264674e-01
-3.260347524438892974e-01
-8.850640582093355357e-02
-4.965209288001634635e-01
-5.320257592715785799e-01
2.820134772528138933e-01
-3.393392194214274737e-01
2.682080282674928484e-01
8.472289516715481028e-02
-4.872710176286580430e-01
-2.213119978911785579e-01
-3.934967640195439764e-01
-5.430950215217199561e-01
-3.537664460156044743e-01
-5.528671599290007066e-01
-6.130313823987216804e-01
4.545434077013235652e-02
-7.552832390891144332e-01
8.124095517419378520e-01
6.476172036590759074e-02
-2.744763984301697990e-01
-3.661077060870165933e-01
-7.429644286739536634e-03
-2.946149508326998956e-01
-6.190377309936923034e-01
5.428826841558899163e-01
-3.894927098051372827e-01
6.733415009873207346e-02
-4.264011431051251133e-01
-3.361183853145831568e-01
-5.630804840049411508e-01
-5.582787220236186121e-01
-6.988417681804592885e-01
-6.882130524180389841e-01
-6.711613611304595439e-01
8.664837484840307580e-01
-5.868413388691748889e-01
5.792732070567551128e-01
-9.211675084982187123e-01
-1.764022984295181840e-01
-6.450455298460870679e-02
-4.096462833712189444e-01
-6.385505416925632005e-01
4.566929085733901772e-01
1.141961826209707404e-01
-1.241058037154876142e-01
-3.517684262315808330e-01
-2.593220567864464379e-02
-2.988891682135216832e-01
-5.281010351868598018e-01
-3.205022339408257204e-01
-4.143589095352012697e-01
-6.340538412971947757e-01
5.766727734369224700e-01
-9.281571785884020764e-01
7.456311922414580184e-01
-1.712166051895221974e-01
-6.649732467554295701e-01
-4.808620608670654550e-01
-8.311511471207480573e-02
-4.926232295680366691e-01
-5.684700840884830964e-01
4.578625973233603208e-01
8.094821298124381392e-02
6.115745088467844370e-02
-6.302292369400565031e-01
-3.623085570892432550e-01
-4.017553090767156387e-01
-6.926643879977826268e-01
-5.664161253473418700e-01
3.457887465464276611e-01
-3.658525401078847050e-01
7.124694413016807726e-01
-5.532403708063626802e-01
8.372375039644093242e-01
-1.794021009342296191e-01
-6.328897276069695987e-01
-5.886265035013283908e-01
-1.750008384093255931e-02
-4.886131647575236436e-01
-5.244028416528363490e-01
5.003762095595244430e-01
1.608677201148185631e-01
4.007703994859707249e-03
-4.958472703259672043e-01
-8.587069265175262256e-02
-4.488499867191564352e-01
-6.697604277492869018e-01
-5.023402615714454011e-01
6.516753897644744775e-01
-7.390703513803346114e-01
7.132972447197860610e-01
-6.129432161005627933e-01
5.870357113175248553e-01
-9.563283722687341282e-01
-5.039095907722496159e-01
5.705853992290405713e-02
-6.154466924155265195e-01
-6.083945581699474747e-01
4.048886663722069956e-01
7.537500237193718589e-02
1.649738894230463049e-01
7.351640771448959555e-01
-1.728044691639263331e-01
-3.449679262664071544e-01
-6.204919272187818802e-01
-8.654077887236288902e-01
5.503044765732405530e-01
-4.998733981749975963e-01
4.508561063613777953e-01
-7.942414089789022746e-01
7.623488200489253463e-01
-9.994558689180300659e-01
-5.145969895022048934e-01
-2.677385970816932581e-02
-5.771175838790724155e-01
-6.308658622135094873e-01
4.427880011284642814e-01
3.976588027278864929e-02
-9.810584471622099678e-03
5.871480154315054101e-01
-3.720865036798947645e-01
-3.939027369677005064e-01
-6.111470962141518637e-01
-8.073590685948011103e-01
-3.915088080081318145e-01
-3.761521336350538980e-01
6.006338653565175267e-01
1.420169923488555086e-01
-7.752337494167528265e-01
6.599033649896018927e-01
-9.039371077667428533e-01
-3.506291853624606825e-01
3.867378250836495807e-02
-5.027154137445668525e-01
-5.799394354678673036e-01
3.262683828480291703e-01
-1.607218039985630967e-02
2.527419301067165835e-01
-3.933314142255510681e-01
-3.115352159545741184e-01
-2.993871517766840129e-01
-6.101295826561613511e-01
-6.360760001118032081e-01
-7.211490468222081507e-01
-5.826781494499135849e-01
-7.712210492727227251e-01
5.070517541157099073e-01
-1.099572929064085158e-01
-7.620007498113458011e-01
6.378304399084672172e-01
-4.425429857670767908e-01
-3.285849849624680186e-01
-1.960215065598412687e-02
-6.433064948702273966e-01
-5.597677256696131920e-01
3.772092675334323131e-01
3.121943568246547326e-02
-3.760241342595115055e-02
-5.012077090385459455e-01
2.474165532974713366e-01
-2.244157549209997160e-01
6.594351968668955566e-01
-6.754655293114366632e-01
-4.462959613588549646e-01
-7.864378278849903925e-01
-5.851427221448187721e-01
6.754012933758674064e-01
-7.404339226436636168e-02
-5.554158268941415955e-01
7.677268311240303955e-01
-8.002438487489409447e-01
-2.843713729783340360e-01
-3.555713989061448643e-02
-5.129542347015221271e-01
-4.928827613961042076e-01
3.791431188733869195e-01
5.446139183525992855e-02
2.811948290115894381e-02
5.821841784927590524e-01
-4.532804761032781515e-01
-8.462923266802807598e-02
-6.389240437567571540e-01
-6.612158245708000814e-01
-5.862168819914999052e-01
-7.070500096265255330e-01
7.147705857057091716e-01
1.184774703400392482e-01
-8.892422337625720541e-01
6.428705101250945519e-01
-9.638566225133473817e-03
-5.234440016524130046e-01
-2.139015056800693815e-01
9.928312349569781703e-02
-6.112682635567144862e-01
-5.887500099870270898e-01
3.772244739562584659e-01
-4.782304241768333131e-01
-7.320512799987943450e-03
4.372526410421894577e-02
-7.028771926533011749e-01
-4.265029268562419568e-02
-1.510149298429229736e-01
-5.903760747237055684e-01
-7.099632284539182381e-01
-6.327760181808873563e-01
-6.841159213562501007e-01
5.224647003129616607e-01
-7.957879967510886887e-01
6.029545856536402404e-01
-7.090188850953321742e-01
-4.694453056368183552e-01
4.247195844342815246e-02
-3.961423954604170738e-01
-6.028863401650287335e-01
3.039610837453562975e-01
2.292732187879459316e-02
-1.225484434933079569e-01
3.863731777686902347e-01
2.098648145750179883e-01
-2.567453222038406091e-01
6.170925306133028254e-01
-5.218550077246042473e-01
-7.510517287786192542e-01
-5.453620591611143542e-01
-7.033462206003452399e-01
5.724953899065524654e-01
1.542362563568243534e-02
-8.273427654444434065e-01
7.109579784019659510e-01
-5.808560739872515866e-01
-4.720916078240329217e-01
4.861123610666891887e-02
-5.211295593723204167e-01
-5.619986158273566623e-01
3.021647597064349156e-01
3.514641588790234916e-02
6.592658319023129987e-02
-5.048303851565857370e-01
-3.095898056456639624e-01
-8.539780770284673139e-03
-4.872941671534270491e-01
-4.668466461883754581e-01
-7.775918022882252201e-01
-4.840488196998635195e-01
-6.289997254770773871e-01
6.395973963358050352e-01
-8.059625373192130793e-03
5.479462728355640744e-01
7.019153764137104901e-01
-1.925065887683793664e-01
-8.334675448959001365e-01
-3.546889960135773401e-01
3.467212900790558189e-02
-4.603394831400308695e-01
-2.692872994763105265e-01
3.959301755875624385e-01
-5.679015555905345992e-03
-1.560694443086451666e-01
5.043083367096358183e-01
-3.224124477989427362e-01
-4.676067988844449796e-02
-6.515788650677615257e-01
-7.028326874232053711e-01
-5.170714106592693149e-01
-5.822895161439941569e-01
6.302876757089591608e-01
-7.817410942873526114e-01
6.491771687214528685e-02
-2.700968927362436545e-01
-8.333307113932773014e-01
-5.472237654576019850e-01
-7.736199287537853797e-02
-4.053501906585310066e-01
-6.110955394324603107e-01
4.492903621360556654e-01
-5.669148202986681873e-02
2.066038374840889202e-01
4.806399104365738362e-01
2.652602768406900346e-01
-3.610508475662255745e-01
-5.799315251547616512e-01
-3.922101512147211366e-01
-5.709809998536979903e-01
-5.309848897164932691e-01
3.955006633353280905e-04
8.681685760025724397e-02
4.042108583336510019e-01
7.552826089116587704e-01
-9.984005450452301256e-01
-4.413646855075568226e-02
-1.414266303392104802e-02
-5.977194042703973809e-01
-6.012986555155502844e-01
4.360069007742911062e-01
-1.196136073700337227e-01
2.768073821294497402e-02
5.400591905592965203e-01
-2.119750477399335031e-01
-3.278175990068569190e-01
-7.133760850736979853e-01
-4.262167230399513396e-01
-6.097530579671092132e-01
-1.943402656101659853e-01
-8.301840571388328094e-01
6.292476676588686368e-01
4.973925563043295195e-02
-7.837868858795526972e-01
7.300661289153542732e-01
-5.725116830362555476e-01
-4.433399718021572289e-01
-4.194391452400788589e-01
6.570298393835273879e-03
-6.568481936505868868e-01
-5.904062425554373883e-01
4.145064850329558959e-01
4.544577353750582915e-01
-9.059356541636508220e-02
8.777068324827039247e-02
-5.827720328013286100e-01
-1.355444479787187573e-01
-2.457568817777726899e-01
-5.226417248546054717e-01
-8.014645304744394405e-01
-4.653465651854051255e-01
-5.501388697765591251e-01
-3.082521832354341573e-02
-5.280990111426224487e-02
-8.980414813212602709e-01
7.954096774389651792e-01
2.644519286538208822e-02
-7.063178929262718952e-01
-4.850993172186350288e-01
1.828232444746940438e-02
-5.488164963951692732e-01
-5.464332161983341818e-01
4.487768976960177514e-01
7.697910471008295730e-02
2.504848348669762303e-02
3.935459823487035269e-01
-4.902795906823589900e-01
-1.279396511640582268e-01
-5.816804924527185783e-01
-8.613493673450558497e-01
-6.440366940771452553e-01
-6.257746758209555837e-01
5.328226471396354524e-01
4.357524986315360754e-03
-9.272557626284628762e-01
6.243103175097464153e-01
-1.076435334778161335e-01
-5.853859108501232589e-01
-1.320642949634022179e-01
-2.468694051984713159e-02
-5.537782658244222445e-01
-5.069980126454465275e-01
3.620051906178720080e-01
8.163649484087555364e-02
-3.763198493259035660e-01
-1.524550187507228427e-01
-6.262568459130405385e-01
-5.896600165150222006e-01
-6.323742697763148346e-01
-3.567200649073729579e-01
-5.318464985204153228e-01
4.561928941237342050e-01
1.586482507187170210e-01
-5.409654922951893097e-01
4.979354146733825925e-01
-8.085340938418250634e-01
-6.240096550196779779e-01
5.230885045846025289e-02
-4.872197958829966313e-01
-5.349701543486946598e-01
4.457165060120588662e-01
4.467639145555209884e-02
6.599077780767884094e-02
5.537096813852430133e-01
-5.169149084790689574e-01
-2.198247409936865127e-01
5.945882286561382513e-01
-6.548014585468241444e-01
-4.922723437855968109e-01
-3.441286013916999842e-01
-5.476835811574031210e-01
1.573623099055172503e-01
-9.763701039912249524e-02
-8.956735323064726195e-01
6.891220074510526761e-01
-5.253664990870273721e-01
2.093393974834430182e-01
-6.872446280129446139e-01
-3.950252940886375130e-01
-9.962888394031190961e-03
-5.277893536736619762e-01
-6.115387486078339707e-01
6.099153842618231236e-01
1.464809487122377130e-01
2.342776342648930990e-02
5.930896501469498094e-01
-4.427857936730463795e-01
-1.870407827092986919e-01
-3.779173969924125021e-01
-8.672062296037129636e-01
-2.039628243570298372e-01
-4.526928499731603384e-01
2.206784980122070416e-01
-1.349137854709568131e-02
-7.654400424593221786e-01
7.166450491577801563e-01
-3.482843212463011817e-02
-7.364872446434508335e-01
5.828840390465253041e-01
-6.461187254556325366e-01
-2.630728896124163996e-02
-3.915902745298250887e-01
-6.312796307279499031e-01
1.468097402411494834e-01
-4.159567147293532358e-02
6.705998297639028660e-01
-2.316818923559325061e-01
-2.446960225037268233e-01
-2.943019116503964860e-01
3.540896475648753206e-01
-5.381837986050040934e-01
-5.792607602019059776e-01
-3.511816955219133618e-01
-3.637058627479238249e-01
7.167885255689425694e-01
-8.188137699832156446e-01
8.568159995125308459e-01
-4.933557033008973969e-01
1.250332929583188590e-01
-5.099480565898940609e-01
-5.699577293754687357e-01
5.293494659960333582e-02
-4.382335793163253945e-01
-6.497217638144542340e-01
5.128894391189412483e-01
-9.457979963918622390e-02
1.016267384632068976e-01
-5.133192059836545473e-01
-3.128681267039455927e-01
-4.713821970011037449e-02
-6.025224154953492395e-01
-6.607043873199747175e-01
-7.351245934639769608e-01
-3.065504013504036229e-02
-7.369925755373003540e-01
-1.003060780684796385e-02
-4.235580115987624406e-01
3.514820857578478119e-02
-5.687566364331176905e-01
7.117187573873708928e-01
-7.106770406286018193e-01
-6.005717981181275533e-01
-3.743293756060293159e-02
-3.775453061870469029e-01
-6.628333851439555113e-01
5.716578060838987119e-01
2.628950607124469485e-02
1.341637816978070996e-01
-3.286562663146559427e-01
-3.102150602194720941e-01
-2.919121935562670744e-01
-6.691742159229903120e-01
-5.524911929250736486e-01
-2.706352941354972508e-01
-7.272634740309096291e-01
3.244132112331296613e-01
-1.021951036155981374e-01
-8.679748526444900358e-01
6.248961407253622591e-01
-1.139660383985315606e-01
-6.879958264130963119e-01
2.691476245367440678e-01
-3.092153151078509410e-01
-5.279099905067454780e-03
-6.781522250687692654e-01
-5.776705006169391421e-01
3.287690283171144645e-01
-1.520042456738733005e-01
-5.052791415643403949e-02
6.032471766569438287e-01
3.006231422665568698e-02
-5.530736249610788968e-02
-5.602163565398192713e-01
-5.696370695321386624e-01
-7.701530841917576531e-01
-7.409003211081915952e-01
6.383934371803845487e-01
-1.710256116442887900e-02
5.990889273244648372e-01
3.622659937866947732e-01
-4.947676671871454879e-01
-9.361739377021047748e-01
6.699020947295672990e-01
-5.713833543623229039e-01
-2.147855166541762229e-02
-4.368343566016159030e-01
-6.571575061790568828e-01
4.741608688004273486e-01
-1.905693959918819055e-02
8.121671367894765792e-02
4.895081417641875543e-01
7.663266771587792792e-02
3.029672210327941334e-04
-6.277394090943654303e-01
-3.324221436890903991e-01
5.244689154588798585e-01
-6.142676181227280097e-01
3.609532416737863403e-01
7.289238518039256043e-01
7.130034076182778513e-01
-2.797274328823090017e-01
-7.232465473251153965e-01
5.964754429032561589e-01
5.472797814766907631e-01
-4.854778901736526708e-01
-3.851304000019562315e-03
-5.740787934609564713e-01
-5.609907648728942320e-01
5.854151130928776370e-01
1.780318644898365166e-01
7.328824003634835937e-02
-4.603344186877655897e-01
-3.092340587901861726e-01
-6.276405605278083388e-02
-4.531993683952286189e-01
-9.508044048257663361e-01
5.144463020980255541e-01
-5.447444779590954189e-01
-3.409029100472021206e-02
4.396071625098013635e-01
8.426613096237477174e-02
-7.439875843594614402e-01
5.506345098753776535e-01
-8.211939495577074144e-01
5.591794822523291630e-01
7.404259381924886974e-01
-4.514671725814979331e-01
-3.576777394329309911e-02
-5.290032347383507583e-01
-6.453420123026972766e-01
4.986797910562341674e-01
-3.435807385729247945e-03
-5.616351962186048874e-02
-3.142336946635332917e-01
-2.041643713982883301e-01
-9.393502205448366060e-02
-6.383710582380495158e-01
-7.541343856168266635e-01
-6.946114780305089331e-01
-5.507031157277657574e-01
6.034159759461640293e-01
8.656402376908012286e-02
-8.460610954355043400e-01
7.056729535383895469e-01
-3.245683195244599140e-01
5.811271377820446116e-01
-4.994934690474776007e-01
-1.382719893470506223e-02
-4.665251617799414663e-01
-5.762461539521338549e-01
4.068286603510782307e-01
4.822058162150272970e-02
7.867137332265396795e-04
-5.069775804600210600e-01
-3.786102096565608921e-01
-4.450869497011706866e-01
-6.659215009505036198e-01
-8.234175789523112687e-01
7.188910424961220125e-01
-7.123537540565108017e-01
-2.293560041386949744e-01
6.128707117768392720e-01
9.611425655753491615e-02
2.423453487525172867e-01
5.679732765017173612e-01
-8.926398999486248043e-01
-2.389097172081174336e-01
-6.239133813525286898e-02
-5.079651650691370257e-01
-5.747759330176813730e-01
4.333307160038369910e-01
3.226762258121183835e-02
-7.412241864686580639e-02
-5.388709833444467190e-01
-4.211081316687388387e-01
-1.243194742945703951e-01
-5.313533631141771352e-01
-6.166457447927685687e-01
4.290031408929926848e-01
-7.141910737659104003e-01
-5.830178380204367183e-01
-2.822428781806206322e-02
-6.985676870123654902e-01
5.908236556863807332e-01
-4.857533068183225167e-01
-2.939930071087406421e-02
6.008752021484725647e-01
-4.162434775472886872e-01
-7.712244710791046898e-02
-6.297270970391508627e-01
-6.178931028439286210e-01
4.153092737203102902e-01
6.405580851151329580e-02
3.368012392705659053e-02
5.313239535953668824e-01
3.840240302439873465e-02
3.963653506021649897e-02
-5.918439982389431808e-01
-9.534091887495809159e-01
5.514622056838398567e-01
-5.359504094284146536e-01
3.596005181473339585e-01
-7.199428769189226696e-01
7.264795859168665659e-01
-4.036456381523311210e-01
-5.786926564584182753e-01
5.683649760823058505e-01
-3.079574917197409611e-01
-1.920607558254674996e-02
-3.529296072495245462e-01
-6.068075726962679495e-01
3.861838923507537880e-01
3.494256254916895676e-02
1.570682017753448623e-01
5.925727902435162786e-01
-7.533987139160559787e-02
-8.373152282530942070e-02
-3.282357169593067558e-01
-5.295775225362422400e-01
-8.129977921611971636e-01
-2.936617858673309378e-01
-3.534203740252564452e-01
7.193336399625820388e-01
7.278849641172114859e-01
7.230103145179138657e-01
-1.654416290594694083e-01
4.357693186401551122e-01
-4.540451567996754978e-01
4.838111707312967719e-02
-4.495326221361727881e-01
-4.544971208877333635e-01
3.372017267711268640e-01
2.798731177210776397e-02
2.340418157256171292e-02
5.518247217305514152e-01
-3.670175835745516646e-01
-4.403292139231049229e-02
-6.389958604846649459e-01
-3.102052124302244196e-01
4.678011236852819832e-01
-6.786534087034914453e-01
4.983781809154074205e-01
7.929293577921073255e-02
-5.809904606099295377e-01
5.969225150523443935e-01
-5.706135548158129955e-01
3.919556072331710772e-01
-2.822856551413507331e-01
-1.858397165266782725e-02
-5.706808251729547088e-01
-5.727972212590579648e-01
4.187376939241989615e-01
7.991943299566506287e-02
7.388382603159082684e-02
5.269717505216745534e-01
-2.718584412641226189e-01
-1.454334602371164797e-01
2.030963561645253435e-01
-4.239769017412143293e-01
-7.852860554186918973e-01
3.366671291363216856e-01
-5.373988087424702575e-01
5.537298955901855946e-01
-4.310293696756181681e-01
6.746508414065502945e-01
-4.520065025663331237e-01
-6.509920481161558525e-01
4.128254442230400167e-01
-5.148530850980004292e-01
-1.167615289593469750e-03
-4.091557415715214030e-01
-6.022086702855067308e-01
4.267000724246634569e-01
6.995241019014437726e-03
-5.277051574825396968e-03
-4.533406620317803060e-01
-3.109565738575049698e-01
1.198430422888229069e-01
-8.001844228267658288e-01
-6.566928578141394413e-01
4.065452732210191877e-01
-6.748572440385598448e-01
1.070153323538436813e-01
3.190997315436178844e-02
5.885459030719639717e-01
7.371684720980165029e-01
-8.540675908831893981e-01
2.586663531279814188e-01
-3.637269533935098553e-01
5.658575586802753327e-02
-3.721709037011924903e-01
-5.592529816979969759e-01
5.228718936304918019e-01
-9.501119145255317033e-02
-4.222684474305064134e-02
6.798283774281435043e-01
-5.019931477751491400e-01
1.354897775601191477e-02
-5.883886794438834000e-01
-8.566147431302713056e-01
-3.788265789188340338e-01
-5.511160476236450778e-01
7.329424401379958098e-01
-1.669431297422636559e-02
7.451976366531075646e-01
6.217137624655579842e-01
-6.686525872747287602e-01
-8.398683246534698055e-02
-5.541814094309820832e-02
-5.396666128909385352e-01
-5.581775833791736696e-01
4.199838649367447774e-01
1.197365443328514967e-01
1.696402500200201724e-01
6.634801013646051127e-01
-5.642773086360560741e-01
2.724514267338951426e-02
-5.543738174883052761e-01
-7.618214062301539302e-01
-6.822282096055251044e-01
-8.238608994675207242e-01
-1.686896328906368758e-01
-9.331243325080841589e-02
5.899780899436906090e-01
4.818547797204538186e-01
-2.798573814775915380e-01
-2.889609673256937072e-01
-1.023292313147848923e-02
-3.134374707404472549e-01
-4.894339005927122455e-01
4.852921841591340546e-01
2.244757133678217387e-01
6.489079919791077011e-02
-5.342875141654129800e-01
-4.854369541499509166e-01
-1.466767310393448376e-01
-4.441478726063584070e-01
-9.155702994743227796e-01
3.960375766379851115e-01
-4.457640854605287029e-01
7.672663233515887304e-01
-2.269197262151914640e-02
-7.821883148046147038e-01
7.046437802891997171e-01
-2.141169262894265235e-01
-3.463832973161183326e-01
-3.262991914891916895e-02
-4.662828174732042141e-02
-3.888832516186770949e-01
-6.417892176140412852e-01
3.582374810314146174e-01
1.425028621136716078e-01
-4.802396752852779449e-01
-4.685281487972402514e-01
5.221838405176717351e-02
-4.925366002977286661e-01
-9.418855882689892711e-01
2.537488491135488911e-01
-5.652754753283946165e-01
7.445221681649134560e-01
-6.627796029555334256e-02
-7.225860323888382286e-01
6.599265141103639598e-01
-1.576974838619515928e-01
4.101868883641958119e-01
-4.194805280823846738e-01
6.413948397570930215e-02
-4.388050039830870275e-01
-5.711999714955731111e-01
5.175969682906982339e-01
-6.388038317925212595e-02
4.427926708721003912e-01
-6.603548445570527337e-01
-5.839193601319363491e-01
5.249686469799849653e-02
-4.567256359938989263e-01
-5.225697127253086105e-01
3.821378600345059495e-01
-9.573202662710350586e-01
5.481217369208137846e-01
-2.704344643164966477e-01
-8.735001020895152291e-01
6.770682308710701536e-01
-6.836731884885167698e-01
-3.131868434745204155e-01
1.425702545281507493e-02
-4.887843037274618996e-01
-5.619945629151726907e-01
4.018050412609475153e-01
3.458217779517362700e-02
4.298075552013699147e-02
-2.324291481426312422e-01
-1.361177396423303709e-01
-6.579421971259903357e-01
-6.654944297719296298e-01
5.170179814188718970e-01
-4.404445500850311945e-01
4.131518784616126094e-01
-1.056770455346971449e-01
8.270240161504927023e-01
5.282528596209660199e-01
-9.254527434069419467e-01
6.095818505138925758e-01
-3.778311104831491019e-01
7.495342666939431089e-03
-4.890131068115609048e-01
-6.477541152754426879e-01
4.051352142691543867e-01
5.977359812178585641e-02
6.246335737012835843e-01
-3.094949181373959357e-01
3.965337853798708151e-02
-3.997756711613665304e-01
-7.975805968822147207e-01
5.891170610900643423e-01
-5.506077461175802323e-01
-1.483497357242507808e-01
-1.029784012222703313e-02
2.030706942338205701e-01
5.275954210269323541e-01
-1.374132218823794771e-01
-2.686710810595029919e-01
4.763023226394764165e-01
5.886637422061123948e-01
-3.805451776382611784e-01
-1.282032543476706136e-02
-4.607502211707433237e-01
-4.358152632805235016e-01
3.536194818213700408e-01
-8.538310548746683160e-02
2.666726411714771816e-02
-5.174688441680085071e-02
-3.577495355365243324e-01
9.097972486944765069e-02
-5.990734515371336499e-01
-7.756269965888374918e-01
1.222327723637185171e-01
-7.563870393061589148e-01
5.323205456234701982e-01
-8.436300702152119690e-01
7.234555670441811248e-01
-4.226240209511684109e-01
4.540104146532505380e-01
-2.399645476619921558e-01
-8.362636865856910851e-02
-5.194118333255537401e-01
-5.172227939660980489e-01
5.080398799038845503e-01
3.225788132337999159e-02
1.125478088206685184e-01
-3.764230273847375685e-02
-2.833835547204890254e-02
-6.506373519197530264e-01
-8.458248168094228969e-01
3.451037458301702832e-01
-4.034334326312560837e-01
-1.172950464841742979e-01
9.024235868426515317e-02
-7.136152832746158747e-01
5.607431814123818858e-01
-4.924446807090122613e-01
-1.130026741973323007e-01
5.152483501376299291e-01
-5.347063624746786203e-01
1.267584776430996413e-04
-5.266758907119979405e-01
-6.364275490586860373e-01
5.072731734137554405e-01
1.701008421295231998e-01
4.625094678376038236e-03
1.627282308751976658e-01
2.075122758082996177e-01
-1.761689504181563060e-01
-1.042341960776342058e-01
-6.081222694740506807e-01
-4.819578774809603061e-01
-1.262957780950262343e-01
-5.218704759857428765e-01
6.524876470389072702e-01
-2.429027865709657563e-01
-7.845740047720414223e-01
6.210856924139589452e-01
-5.245849376820856946e-01
4.026258853219483180e-01
-4.455456687281587058e-01
-4.298003764359021456e-02
-5.809960633908741734e-01
-5.743765999891365936e-01
4.121999180176358357e-01
-4.993102345166033906e-02
1.552634296764851540e-01
4.584812197575300480e-02
-5.577312076256227824e-01
1.056396452577178756e-02
-6.108461050377904655e-01
-7.561440352276961319e-01
-4.607436322919747362e-01
-7.911121736029144147e-01
6.450645255265454736e-01
1.635687796174103287e-02
-8.002095255186754130e-01
6.819050800113708455e-01
-3.514690544723117482e-01
-3.240752806814626297e-01
4.026525059280100516e-01
-6.037464147284782312e-01
-4.232645486253899109e-02
-4.092538925912270198e-01
-4.162337405927873379e-01
3.915281666811017414e-01
1.076899148975983891e-02
-3.740618641684138185e-02
1.841373652389685089e-01
-4.312069320448208010e-01
-1.245903536312179122e-01
-5.316627996663375599e-01
-8.449326727974542095e-01
-2.739782333232136935e-01
-3.889851902937964678e-01
4.582716380963766101e-01
8.716106170749665649e-02
-5.638365171885397764e-01
7.334730173383416929e-01
-6.537470531092475223e-01
6.154187363930153642e-01
-2.795688511335755466e-01
9.277128922671305788e-02
-5.734594334575711105e-01
-6.867012231914970677e-01
1.166328057129694395e-01
1.795629221916986706e-01
-4.649108148844985355e-02
-4.662196490695715012e-02
-1.173038709784514355e-01
-6.187833370428776902e-01
-5.932823452717912449e-01
-7.019724733700114516e-01
-2.220921219711818884e-01
-5.231492033251992080e-01
6.116050391846035161e-01
-1.332207177170658119e-01
4.836983189264656979e-01
6.088696746636604873e-01
-4.178135692395268941e-01
5.002101437225441316e-01
-5.142384113341403884e-01
-6.233078700478949553e-03
-5.372118263317290365e-01
-5.558584616864035155e-01
5.920337324283284630e-01
-8.682901121550355705e-02
4.986304692903547608e-01
-2.211375429186895336e-01
-1.294504125942620987e-01
-5.424839599215384167e-01
-6.793200396640619587e-01
-2.006708090920848730e-01
-4.624401030494809661e-01
1.934296129059170088e-01
1.230459371322413509e-01
-4.826180714606438382e-01
6.778798665338641172e-01
-9.847331132575777302e-01
3.036290146489497022e-01
-3.779795124710178533e-01
1.021546355706326181e-01
-4.542523480920551693e-01
-6.425342022994546820e-01
3.057714612115060571e-01
4.204481374812382016e-03
1.158569474819571427e-01
1.205872160261502735e-01
2.720094963342369887e-01
-4.049484103807663993e-01
-1.260223059666135959e-01
-5.295368016828329027e-01
-6.856216698491137684e-01
-5.052621682919034019e-01
-3.896627393102308212e-01
2.345086198995020577e-01
7.193257103659071727e-02
-5.900127362089867544e-01
6.665924829235277960e-01
-4.407012869342383232e-01
-7.530615291026141467e-01
5.746584297476113878e-01
-5.648801926798716622e-01
4.036919631591164015e-02
-4.559168269932409867e-01
-5.405524432280531810e-01
4.190400703281707551e-01
1.721655953364997771e-02
-8.464377674848193311e-02
5.320629391129180208e-01
-4.047336197511240685e-02
-1.701147880146925695e-01
-5.067481739869460489e-01
-7.439971899802488853e-01
-4.871568425163483318e-01
-6.815887053276148411e-01
5.941967439531444795e-01
4.623193934170139602e-02
-8.681308991143217302e-01
6.860209165206846427e-01
2.602795340089736897e-01
-7.078955553180437121e-01
9.690510192406859291e-02
-5.169988089801307307e-01
-5.245088802205006839e-01
4.662463492500711904e-01
-6.082289051300515670e-02
5.989707040752879214e-02
6.100646135867006103e-01
-1.960226395159241353e-01
-3.795602665509589246e-01
-6.982609365730573225e-01
-4.195290438905612262e-01
-7.665022529846268196e-01
-6.928070195744727711e-01
-6.047849630002171128e-01
7.187194162284714638e-01
1.511495046435921974e-01
-6.393397351316945088e-01
6.370043229302617682e-01
-3.623677030624813250e-02
-8.621141334428543690e-01
-5.182854545913495592e-01
8.590038011375024374e-02
-4.407068341609854389e-01
-6.332161765787628349e-01
4.931633118571293051e-01
-1.593258967386080097e-02
-3.131125735266691856e-02
7.771594668841302900e-01
-1.355286971073447755e-01
-9.358720736015550823e-02
7.767660670338759621e-01
-7.094285635557451286e-01
-6.933724934557008446e-01
-7.797639152054710587e-01
-4.960947870152627170e-01
5.426910681747526555e-01
9.534336432965619113e-02
4.534458916426503672e-01
5.971472971730549251e-01
1.089655245871535595e-02
-8.423350844636944279e-01
-5.803799839118642945e-01
5.299505688666221459e-02
-6.769583344515404111e-01
-5.692566360638674494e-01
3.685136600643494909e-01
1.138552717154008992e-01
1.264675834642684515e-01
5.265717555859334986e-01
-3.047589393604803742e-01
-4.828992671911174761e-01
-7.631660821697741071e-01
-8.386036453154663839e-01
-7.251235546459925407e-01
-6.297841908535074529e-01
5.549314361365528248e-01
-5.968670685682249399e-04
-5.758692192656525988e-01
7.587238783226727401e-01
1.525371558855429244e-01
-9.439003704381830895e-01
5.439642973361810130e-01
-5.877014227803426527e-01
3.331700528161287561e-02
-5.547174161385157731e-01
-5.547253281689079607e-01
4.381656577570353650e-01
9.832321050117581729e-02
5.461649184775040598e-03
4.233736505171477038e-01
-2.410170508788636590e-01
-1.089777732341232624e-01
-4.369088799184905336e-01
-6.847456503730487976e-01
-7.331046031237995475e-01
-5.858581257907591322e-01
6.170059207798730405e-01
8.808894556512790464e-02
6.409864905358230169e-01
5.924470119112913435e-01
-1.998885289814194416e-02
4.926718162005926938e-01
5.221228100714350173e-01
-3.700753332916456029e-01
-5.966628451667855410e-02
-4.332459551352976779e-01
-6.112285497496253717e-01
4.444992656990033320e-01
4.242775885289807453e-02
1.160723135598030753e-01
5.334689110476511509e-01
-8.200198200857297670e-02
-3.021933569773543327e-01
-4.366989665230496809e-01
-6.573681889537643652e-01
-6.403438485693646598e-01
-5.684442510216146660e-01
8.204900920397677488e-01
-5.607439898519587240e-01
7.348062692400607609e-01
2.368692286158907978e-01
-4.554796482350006448e-01
7.503814989467050278e-02
-4.801020446118503537e-01
-5.623470232396954316e-01
4.854324771436528962e-01
-1.500736983426354254e-01
-8.687551251779286610e-03
4.942793418100718816e-01
-2.899801472965399252e-01
-2.310434647463984192e-01
-5.750595312681410221e-01
-8.429246886393235716e-01
-7.306048179972107759e-01
-7.569139336900523318e-01
5.505329496849535875e-01
-3.319362293795807134e-02
-6.563446957458896058e-01
6.404112682766284204e-01
1.528625691191751734e-01
-9.926961366432924816e-01
4.161663298735173155e-01
-3.345536349264078835e-01
1.337249731068676159e-02
-6.657100486205242973e-01
-6.272594276372387423e-01
3.677950887558162352e-01
-9.591878408030440895e-03
1.901375235477414660e-01
4.059062926219202394e-01
5.124519403891698577e-01
-4.003123223375360529e-01
-1.202586265202022636e-01
6.677733735845227114e-01
-6.805546066198476796e-01
-6.703187001875983153e-01
-9.333815552294475459e-01
-6.656564997245726367e-01
6.576321360225514390e-01
3.289120870373651861e-02
-9.008559640652356038e-01
6.436385892059808267e-01
-2.227303473515471754e-01
7.749494180469016502e-01
5.769056798267135910e-01
-6.638400091440480599e-01
-8.675576449897580422e-02
-5.273381225712796549e-01
-5.291119012024918522e-01
4.862352521292604979e-01
1.271736309847772139e-01
-2.875076990207263081e-02
3.722923407242864080e-01
-2.074319950168814972e-02
-4.031838774172978312e-01
-6.720638988566048910e-01
-8.628246252758302592e-01
-7.595674543318486904e-01
-4.002380099369615141e-01
6.796089245856758998e-01
8.299634124782719058e-02
-6.581795076164167480e-01
6.117619663781239669e-01
-1.237842588869631361e-01
-8.441683677049141021e-01
3.358736255531569737e-01
4.091855186025287749e-01
-3.745601032204506353e-01
-3.295735013299752603e-02
-5.939926702233035982e-01
-6.239776531012285465e-01
3.238736661183124754e-01
-7.014285373026148129e-02
4.833231499311205770e-01
3.544803613301746644e-03
-1.740343199681002595e-01
-4.263991330774077881e-01
-2.462908582437999538e-01
-5.748285307758371765e-01
-3.945216646150497275e-01
8.754708738452032790e-01
1.053964892542633425e-01
-7.082247806261074974e-01
7.194083506099535619e-01
1.374116587839467052e-01
8.246480792074628585e-01
-5.028135646368232514e-01
7.266979599808694179e-02
-6.022224428374369776e-01
-4.909714329196798732e-01
4.759434370731980835e-01
-2.081478495183639033e-02
2.477015048616457438e-01
3.780737666741214031e-01
-2.378303558144455043e-01
-2.688932562280884064e-01
8.754532972593861428e-01
-5.548859946326510917e-01
-6.801035121700318431e-01
-3.281870528192494252e-01
-3.958769703090830872e-01
6.226706945122451042e-01
-6.576924979237525060e-01
5.843199869457966766e-01
-5.825452488966288422e-01
-9.695645038587190623e-01
3.501377085160437552e-01
-6.184895212340814075e-01
1.335386857489163264e-03
-4.289845358640451134e-01
-4.472870472022152377e-01
4.608450314928410063e-01
1.887624089908932767e-01
1.010053461945321571e-02
3.846947608174792754e-01
-4.764753482864473311e-01
-1.819167706381434046e-01
-6.584214547126296946e-01
-7.108022154601068010e-01
-6.050280772004178464e-01
-4.572330310992714364e-01
5.944975173519401190e-01
5.574254116919450386e-01
7.497145204297868126e-01
-1.146966403040559773e-01
-9.694785634734294222e-01
2.894313625754405539e-01
-2.086814167709116208e-01
1.086591486456494650e-02
-5.237429760819860558e-01
-6.334158639541886959e-01
2.640895537639874058e-01
5.681343040384567028e-02
1.342520560706195742e-01
-9.435766043579557616e-02
5.100670506446536301e-01
-2.775265485867132731e-01
-3.250591254532619878e-01
-7.327741842881996259e-01
-4.485647511482220851e-01
-4.288928203562953900e-01
-4.129501408217332026e-01
-8.605499170034680567e-01
2.314080743189143516e-02
-8.098749482654097331e-01
8.498078576529449757e-01
-4.819190704957529992e-01
3.259045998119286525e-01
6.709532009991634460e-01
5.132283678746282218e-01
-6.087083913516361244e-01
4.812991276597926998e-02
-5.113784420005748066e-01
-5.404807088529457459e-01
4.960879358401681927e-01
5.106577487493225986e-02
6.117083254277140281e-01
-3.559299581673023849e-01
-2.135445482203184031e-01
-7.365470776290949928e-01
-5.168495343513336282e-01
-5.990847449693882387e-01
-8.065663516249863552e-01
-4.183862292517414039e-01
6.428059534322333457e-01
-8.267173252397423955e-01
6.635710915837153001e-01
-2.141754908549095560e-01
1.764008830684203055e-01
-8.962119299874740097e-01
-5.222296795674432612e-01
-5.150895410856378559e-02
-5.858088209647680511e-01
-6.385188404117173588e-01
4.100964733741673252e-01
8.187145912539280090e-03
5.723275253282555930e-01
-1.582755603965853020e-01
-1.315325308895929357e-01
6.840726298751704793e-01
-3.748666505452513675e-01
-4.971051101408274220e-01
-8.775327677420956540e-01
-5.580540993956736306e-01
5.531624582969630888e-01
1.697185844888671538e-02
-8.719299064133737565e-01
6.045978968065681691e-01
-8.619941350526377777e-02
6.267999949341760413e-01
6.191378693153885004e-01
-5.015765330377803810e-01
5.572644521886609831e-02
-4.504917919575369134e-01
-5.154075768831845039e-01
3.241393565216159622e-01
-5.287694565450229423e-02
-3.321145453760810523e-02
5.238973341670956074e-01
-4.339098653290655028e-01
2.214443116661779856e-02
-7.280922329348790134e-01
-6.152618377917717929e-01
-7.235052819051877027e-01
-5.615101757630449608e-01
-2.701268242708752543e-01
3.080587689455613343e-01
-4.554817060914428256e-02
1.190883319888526304e-01
3.048711478557955545e-01
-5.186222847649414325e-01
4.393543140408986414e-01
4.605088768209912309e-01
-3.232247981789762026e-01
-4.443038201185875447e-02
-5.343082438730730743e-01
-6.764836617889942172e-01
3.969732006963723747e-01
7.906829626322005311e-02
-1.175870024653809659e-01
5.575438502694143317e-01
-1.710618178328109362e-01
8.507059959055809917e-02
-5.636712519631525975e-01
-3.636594869083103476e-01
-6.266243531403434819e-01
-5.859794845384302953e-01
5.271082026747018201e-01
1.028425471020183585e-01
-6.555826292615917206e-01
5.991003622859335520e-01
-1.111111239079468765e-02
-7.269787032581065400e-01
3.582732456014826039e-01
2.355740619070262679e-02
-4.788817406634111040e-01
-4.661637439387935067e-01
4.159945616637182875e-01
2.051109342400473101e-01
-2.188094099245245505e-02
5.150533374982998458e-01
-1.453707494378017329e-01
2.719195386835772735e-02
-5.836593396443571224e-01
-5.799607711999433812e-01
-7.406874444877282748e-01
-5.506860161449196323e-01
5.151921355776758471e-01
2.813676996380992668e-02
4.117189498256514368e-01
7.394160347194940197e-01
-4.919819450213017697e-01
-3.037384149011002066e-01
-1.040218247287277853e-01
-4.648142244484571028e-01
-6.374956056917684410e-01
4.972204841762821736e-01
9.902935647560888455e-02
4.770145097915193949e-02
3.145906244673749019e-01
3.781852336687979710e-01
-2.530919467656543853e-01
-3.156091807524520898e-01
-5.007167718559036862e-01
-5.899190610293677528e-01
-6.947391815760718403e-01
-3.665263847374939932e-01
4.601887053083195123e-01
1.589261809224923883e-01
-8.515530996444604650e-01
6.875357953119598520e-01
-8.427900798844695576e-03
5.232457876847368405e-01
-8.419373405687228251e-01
-3.348877885339425486e-02
-6.507858858582227235e-01
-6.208938636874616890e-01
4.511749557725641679e-01
2.083657356897221022e-02
2.928425835153266044e-01
-1.089206664144587583e-01
3.788584050494111372e-02
6.634918498250239605e-01
-4.858614557605449025e-01
-8.209596993705564616e-01
-7.757551056642266740e-01
-5.175136300989013893e-01
7.170943774017316530e-01
-3.637889525224928811e-01
7.946081732550172028e-01
-9.238235423829689319e-01
3.875307789108694556e-01
7.657667884106202083e-02
-2.989136569900816554e-01
-6.390378317494760374e-01
4.954292805193008520e-01
2.374065934035470837e-01
3.906311373205361148e-01
9.558932773234625480e-02
1.629095027752914260e-01
-7.586878482922607692e-01
-5.975077268785979889e-01
-9.449525374721747806e-01
-8.487220191332471853e-01
-4.253500423451965218e-01
6.722253007058961449e-01
-5.795183279813765909e-01
5.670648503549053920e-01
4.663996968258753983e-01
-4.654667833964207802e-01
4.882684782472591911e-03
-5.556732698929379710e-01
-5.283805195085492512e-01
4.726790996295197611e-01
-2.129127858024764536e-02
-1.220272898161150477e-01
6.433798540895279139e-01
-3.674446289634097362e-01
-6.277701736003533928e-02
-8.008655743403080285e-01
-6.741844711757499775e-01
-8.924548340859278506e-01
-5.490281064889458440e-01
-5.869162140369713621e-01
3.863767841560349359e-01
-5.174050889931705068e-03
-8.537619241471836595e-01
5.907799314042467831e-01
-4.235757589090458630e-01
-3.329908385448760583e-02
-8.622412228715232718e-01
-1.619926038522062628e-01
-8.477404874305270732e-02
-4.681780393375724048e-01
-5.994204049363249798e-01
7.366508387446620010e-02
6.175000188910890753e-01
-1.333371020487011671e-01
-3.691721104491615391e-01
-4.494767025792721360e-01
-7.554274717802706984e-01
-5.798951542835802941e-01
-5.628322290550435980e-01
5.237912411598270035e-01
-4.590034597568511121e-02
3.259120015584100472e-01
6.165921693075022691e-01
-2.564523075645017691e-01
5.160412666202093268e-01
-5.179947008722223245e-01
-1.051698031718660831e-01
-6.901508001710160434e-01
-6.003370549408877377e-01
4.084931979740926145e-01
-4.457448633221872680e-01
2.697433190680900011e-02
-7.924658129095552006e-02
5.873922747151943957e-01
-2.978879492316713895e-01
6.847759437924447190e-02
-8.017299343725768912e-01
-4.696437350298351410e-01
-5.620076586887269299e-01
-4.381741242038169060e-01
-4.600702485896758231e-01
6.550067116212608953e-01
1.508475594851190760e-01
-8.204039265378706425e-01
4.816391018314176709e-01
-2.704577290713255922e-01
-6.111090141643550355e-01
-3.014095675375305650e-01
-3.978217979888246103e-02
-5.098119462460668494e-01
-5.697841244991979082e-01
4.009469275605579974e-01
3.521019004991350013e-03
-1.734437340557637777e-02
6.441048129016978541e-01
-4.864922688011563690e-01
1.071583157895193567e-01
-6.260518302743222074e-01
-6.956616239958884895e-01
-5.880180706558857384e-01
-6.040075993959509448e-01
1.373335064495954383e-01
4.420185237605903095e-02
7.031187907106213331e-01
7.453484110165041754e-01
3.089249638690393929e-01
3.646608931420631250e-01
-1.577978145005815847e-01
3.411038382987881951e-02
-4.109071272241849315e-01
-6.108970060879038710e-01
3.649699494086945939e-01
5.980240493893530795e-02
1.498158000162049808e-01
5.388398121589084155e-01
-6.140958989776081900e-01
-2.821505848695086138e-01
-6.221918449631826942e-01
-6.257227937312281885e-01
-5.932339491652085517e-01
-7.170416513503590217e-01
4.978361766579330605e-01
9.134744695560789718e-02
3.520534962407774748e-01
7.777147891465808760e-01
-9.276872225824668305e-01
3.568966780964853425e-01
-4.099609873245979030e-01
7.298437025814752399e-02
-3.260997911387897852e-01
-5.392759393737733831e-01
4.010488362681751129e-01
2.972732288702282719e-02
1.519027540306006063e-01
6.453397773226660084e-01
-4.521278906402768638e-01
-4.938911314924218686e-04
-5.643970543330267819e-01
-6.144508640032516622e-01
-7.151096738080711113e-01
-5.949512169350348323e-01
6.483771270991907087e-01
1.284764159073413514e-01
-7.827891190402571642e-01
6.034486566466454871e-01
-9.349759806548970653e-01
-7.056209419493880697e-02
-3.467224601476912721e-02
-5.086779212424586971e-01
-5.210073001710796570e-01
4.330911281536905522e-01
4.082521696002699985e-02
4.529834629086194053e-01
1.893759458550096086e-01
-3.446489710019287611e-01
-1.384731038890661958e-01
-6.598507549940718642e-01
-4.432399204023951822e-01
-6.522774517503665548e-01
-5.550833192125784743e-01
-5.154381936830092492e-01
6.214143679087862360e-01
-7.046850753710887094e-02
-5.320514943404307528e-01
6.201866417251121755e-01
-1.276046601001211978e-01
8.520687792145548167e-01
-2.881364762173075147e-02
-4.218477828920477180e-01
-6.077834142961870967e-01
5.157935659607834067e-01
-2.705741644305679205e-01
9.846992534312512535e-02
-2.217379225854544944e-01
3.498563615181282116e-01
-2.155015474525861022e-02
-6.392980779299574090e-01
-4.707214452678651906e-01
-7.219769186713218545e-01
-9.046791627885722997e-01
-5.661376325315673474e-01
3.502566383289750784e-01
1.226959562094783740e-01
7.280470605592519462e-01
6.955778911512617846e-01
-1.853057792930687953e-01
-3.322249702914298330e-01
3.788276862565762571e-01
6.417969248488986089e-01
-3.599385063737348123e-01
1.259621838709638342e-01
-2.643747021379754814e-01
-5.951125280734750334e-01
3.258212578697748940e-01
4.822847637399867160e-02
5.561913608394058323e-02
6.317005899376799682e-01
-4.516523897230186324e-01
-2.458736660712579625e-01
-5.108308790967397428e-01
-5.653846641868276457e-01
-7.358197461382367521e-01
-7.698460013627691501e-01
-4.186227655671660441e-01
5.695919530500503924e-01
-6.863379694442176548e-01
3.557764729958450278e-01
1.964341768257745757e-01
-9.887903793668426644e-01
-2.340018892038162393e-02
8.381159895606989096e-02
-3.551691420761511897e-01
-6.496082810995859047e-01
5.812422016596584529e-01
1.310780651545473130e-01
3.184858708480260703e-02
5.963934328662582329e-01
-2.359419438287430337e-01
-2.843292297678969849e-01
-7.779736962542176393e-01
-5.532690459106924807e-01
-6.235563829569747973e-01
-5.133517353454206678e-01
-6.778336132296941541e-01
5.531389221679882118e-01
1.675530956369622460e-01
-7.246299683687245086e-01
6.374802282241052165e-01
7.999871167760083113e-01
6.296598703818494513e-01
6.298262658867830044e-02
6.385394294120437519e-02
-6.544292086546420473e-01
-5.321693777755303056e-01
2.609920765181390490e-01
2.642579376186075107e-02
-2.636097277035533148e-02
4.514027227630235672e-01
-7.084312310685139669e-02
4.449377477439941247e-02
-6.741117477886662268e-01
-6.326299969529874945e-01
-5.195450740249917265e-01
-6.844883051493300119e-01
-6.786416489843303257e-01
5.940850604192374762e-01
-1.791974955324975374e-02
-9.280766878907849016e-01
6.503744667352155950e-01
-6.888535316456556590e-01
5.110912277154638222e-03
-4.066489501645327576e-02
-6.743617111529740527e-01
-6.460446413200588989e-01
4.718376740599159458e-01
1.599989536904566634e-01
1.504835645027992608e-01
-2.159970163757655437e-01
-1.710742997037845853e-03
-6.665690844299113627e-01
-4.471727544181897662e-01
-6.345476450389815337e-01
-3.930248054061058482e-01
-5.085343032948518305e-01
5.193393353816357916e-01
-1.001589458395424001e-02
-8.438492163968501769e-01
7.355175789465484559e-01
8.950141523900962959e-01
-2.523063894083456618e-02
7.233573635614708175e-02
-3.588659537696974877e-01
-4.956819754447178150e-01
5.400907857075715190e-01
1.097364903893058644e-02
1.018065428499208801e-02
-3.963802526740762833e-01
-5.426291257335585233e-02
7.923161137202555659e-01
-6.085940287309423713e-01
-3.863684066103357795e-01
-6.598165818219647871e-01
-6.818936063840874695e-01
5.039301205950157403e-01
7.095923519307170135e-01
6.748091792923054388e-01
-2.996571280928708725e-01
8.251718794061566609e-01
-3.470882443416422602e-01
1.017595100830231553e-01
-5.289711323531860465e-01
-4.804740669516179286e-01
4.431803210514081437e-01
1.089257829416386825e-01
-3.824265485789531960e-01
2.543370778821615330e-01
-7.307420931723103141e-01
-4.961083060473116535e-01
-8.797937368307937600e-01
-1.250955463454981875e-01
-6.740701349500763939e-01
6.498293961803264240e-01
1.431630504202554069e-02
-7.489719356371045134e-01
3.636767074554708712e-01
-2.954634469174319822e-01
1.952550453047951773e-01
8.085479750050543757e-01
-4.185093138709313210e-01
1.293735617467456633e-01
-5.443312415862241460e-01
-6.806417289284847350e-01
4.221639202144099601e-01
4.273006778984764220e-01
4.599974901441185315e-02
5.090990847404792685e-01
5.794172186348880427e-01
-3.923951792589036591e-01
-2.600988090801305552e-01
-1.864473907712782264e-01
-5.535755488783483669e-01
-8.287375340675660063e-01
-6.729907309770919444e-01
-8.083594259395040504e-01
7.419516141956642441e-01
3.051125036533591448e-02
-6.845600524235270212e-01
7.384125593630920248e-01
7.450938974727889796e-01
5.100902504540885118e-01
3.229159945537047882e-01
1.574845072176039862e-02
-3.477449448303778223e-01
-6.206763471434754154e-01
3.059329830953111395e-01
1.393787616238896243e-01
5.287857832111197975e-01
-2.855844179373836500e-01
-3.724611258059193908e-01
-6.659084712791080163e-01
-6.584319933553193227e-01
-3.950743280024556214e-01
-2.258719667895436600e-01
-6.708214664603390220e-01
4.223728371911042445e-01
1.491561998197790950e-01
-7.992667427608766140e-01
7.082266579474154611e-01
-9.966956218496371145e-01
5.983524188609926631e-01
-1.608039342258253956e-01
9.502608316942801059e-02
-4.017647506617261777e-01
-5.453955895444738688e-01
4.816890290136034425e-01
1.220907837638138677e-01
4.976187520406216008e-02
6.047721330717759081e-01
-2.187583122359397503e-01
-3.389251074288475718e-01
-6.337407366160821010e-01
-4.912097580639316896e-01
-4.927149920550080164e-01
-6.471054974009069483e-01
-3.816492307183727561e-01
3.523426017909752073e-01
7.012534057786470876e-02
-5.789975077170437245e-01
6.020208093056420573e-01
-1.812993398707303250e-01
3.417788450500610087e-01
8.256866810738489049e-01
6.245038276829493196e-01
6.468878019599106910e-01
-2.682077647533301704e-02
-5.624392472437542700e-01
-4.351708156249397552e-01
4.200122881489459781e-01
2.473282372882025862e-02
-1.228149649425159945e-01
5.389064201380134866e-01
6.544575615657930445e-01
-9.428698332385872238e-02
-1.025787200206776245e-01
4.080687130221803960e-01
-6.585633312765477587e-01
-7.875660616709942996e-01
-7.148798797822853990e-01
-5.548561479351657999e-01
5.258938054071931045e-01
-5.960598462502458839e-02
-7.314377570184131816e-01
5.022022675885433607e-01
1.087733174987028789e-01
5.064695614821376202e-01
-4.626419167581802272e-01
1.938597157216256570e-02
-3.729484807054751494e-01
-5.895566185768685852e-01
5.320647549642570917e-01
-2.647522801403611251e-02
1.076383087713129461e-01
6.761587784901482712e-01
-2.847261941491544546e-01
-2.459252870240457786e-02
7.733688892953128891e-01
-5.850677719865317039e-01
-9.161504181103514721e-01
-5.091461391901291877e-01
-5.607824142880574181e-01
6.203401393262433228e-01
-2.416572612199577568e-03
-7.691645978021038887e-01
5.826496781985892603e-01
-1.060282776066701349e-01
-4.904157126218768314e-01
4.374976476090560173e-01
-4.342498232756484833e-01
8.979721472584779873e-03
-2.882627085008874768e-01
-5.787440017224421140e-01
3.742686934976341973e-01
4.937828540304971259e-02
5.513610960816078821e-01
-1.774363207321342784e-01
-3.451534444449783634e-01
-6.952679790074500765e-01
-4.482776717420393076e-01
-5.972879354766783555e-01
-5.768282352497371424e-01
-3.742466804691937377e-01
6.070550928840925398e-01
4.277322825867282963e-02
8.298586268580167014e-01
7.429799162708043969e-01
-1.536270798019085115e-01
-1.108077149178887527e-01
-8.562909449129161299e-01
3.282068242499590616e-01
7.020997312360119924e-01
-2.284656242653115010e-01
1.816873056496583552e-02
-5.522613115718454369e-01
-6.254753154590240172e-01
3.891494155049609605e-01
8.819411688239501071e-03
-1.443750558979891019e-01
7.061556013485266181e-01
-4.125189225012639849e-01
-3.913759418975833182e-02
-7.078794642138002136e-01
-5.373120421315286110e-01
-5.420683273627923127e-01
-6.537987704687060475e-01
-2.781078179279938833e-01
6.548060015897496644e-01
-9.182436495990226044e-01
5.423468903903757576e-01
-8.259315329206657896e-01
6.991386828311035861e-01
-4.930323011532891098e-01
1.793253932522934774e-02
-5.897715881705910546e-01
-5.727814302388105627e-01
5.773197670590137776e-01
-4.810143530142992063e-02
7.611203766368768164e-01
-1.005400508910267027e-01
-4.187110198921530080e-02
-6.573693823723776308e-01
-4.899637544832893821e-01
-7.425617931149088857e-01
-2.896665744761016681e-01
-5.048598376295633239e-01
6.451453407746337021e-01
-7.128539405158469400e-01
5.287872289707830076e-01
-2.820354134960917358e-01
-6.143903165302316838e-01
-5.376601304895416433e-01
1.911333616093676205e-02
-4.883058960524184200e-01
-6.024669049320920955e-01
4.430989927614597534e-01
2.417686504515606169e-02
-7.778672617441884096e-02
7.084585073744432693e-01
-2.545298311943637870e-01
-6.839778986784292303e-02
-4.737083310608127817e-01
-3.845730298545518289e-01
-4.669575140258775958e-01
-6.966003830805694852e-01
-2.124741875281081771e-01
5.602919809244258920e-01
2.141348681792925451e-02
2.172685120025764360e-01
6.667218437920857665e-01
-7.086801158166550207e-01
2.907904848974505740e-01
-5.365778924305115716e-01
4.273303797094001738e-02
-5.303071515101493993e-01
-6.082144452883400110e-01
4.590304418758774374e-01
4.688039874403188839e-02
8.445055967017512932e-01
8.572731736202744701e-02
6.246626525211171899e-01
-1.245580201526649833e-01
-2.850369963688118569e-01
-7.723039660829962294e-01
-6.395403402737440679e-01
-7.350851581203590168e-01
-9.022901204394666586e-01
-4.514288842606142271e-01
6.992867559692153012e-01
1.509474141306440531e-01
-6.724875976276316614e-01
7.107011889198376897e-01
-1.859234925116706461e-01
5.637015587873747124e-01
4.055191451104620537e-01
-3.505513888315442972e-01
-1.656217517927494748e-02
-3.684125567573864890e-01
-4.533936781808814431e-01
4.469323275661283845e-01
-2.305601705926762710e-02
7.727131939134534999e-01
2.044159430669204303e-01
6.770468186421085832e-01
-9.627120315646447990e-02
-2.703689613524766777e-01
-8.048423602772458718e-01
-5.467863061513914547e-01
-8.461850326101280073e-01
-5.706785700402692285e-01
9.781188064797777804e-01
-3.459774378631833569e-01
2.715608034683132943e-01
3.074821545786860996e-02
1.808482021445168564e-01
3.886520710873818119e-01
-9.562064618551195661e-02
-4.383166059058626329e-01
-4.796048402046403092e-02
-5.897612324009020579e-01
-6.711138031806580528e-01
3.375206070204531672e-01
-9.411535501942175364e-02
1.326165762201362008e-01
6.967754653160936895e-01
-6.643291583785283783e-02
-1.848910956306571152e-01
-4.165498755457694435e-01
-9.255202267243179959e-01
-6.641538789857096559e-01
-4.245722636588752374e-01
5.416914021821642722e-01
-6.409124865841159258e-01
8.313074072300664641e-01
-4.327248509131439436e-01
4.091801452442696968e-03
-3.200227478910375178e-01
4.482633222990263233e-01
-2.426657847158052717e-01
-2.507177609719164757e-02
-3.988064250834005287e-01
-4.699182399934972998e-01
4.505278927546124135e-01
2.750666499988045910e-01
6.040266338469167939e-01
9.800947967411895168e-02
6.288404291049584094e-01
-2.925290803898260572e-01
-1.008594901708257802e-01
-6.161739815290203648e-01
-6.760963464631157827e-01
-7.827492506548409112e-01
-2.370418083737182435e-01
-4.470609306345736389e-01
6.141206682712749970e-02
2.369610707474107680e-01
7.480340156133193918e-01
1.393809005777075782e-01
5.377788643660434964e-01
-4.186936425863150291e-01
3.177728851210082084e-02
-3.669417212830036190e-01
-4.908504122201636233e-01
4.922429296064226856e-01
1.122650065199145564e-01
1.394349023377626333e-02
6.463983841785994056e-01
-3.376151312736849208e-01
-1.676054085914192165e-02
-5.874582298154236160e-01
-6.827730333883700320e-01
-8.173709387061611764e-01
-3.486365298825511716e-01
5.052115303509768784e-01
-1.709240730590392415e-02
3.264637516707160070e-01
5.817929870005281723e-01
-2.512526796286695396e-01
-4.500819289454176531e-01
-1.576713621277759658e-01
-5.803971229231359441e-01
-5.550392375029615799e-01
4.620554391880297151e-01
3.700325563837975756e-02
7.396081939307511122e-02
-9.600428410771644216e-02
-1.346173954874926859e-01
-5.360789872657658606e-01
-7.168158291790278636e-01
-9.281486980553771415e-01
-6.411206673182119342e-01
5.537688266165885498e-01
2.183304898554930540e-01
-8.147392855491746300e-01
6.820572472106442019e-01
-6.182362400153476600e-02
-3.925706255522863342e-01
5.642006150268811387e-02
-4.060612422912612263e-01
-3.346985803297333750e-01
5.959725430781039890e-01
1.403848252187004653e-01
6.162713557760105543e-01
-5.673644961708886880e-01
-1.202826121163924344e-01
-5.706457000848235150e-01
-6.766018004337824854e-01
-7.131476250106474346e-01
-6.101699425006271715e-01
4.311895926538145685e-01
1.465694022130204777e-01
-6.585864790165923965e-01
6.272406446876470643e-01
2.369985921583493693e-01
2.260167257803238072e-01
-6.766613083473541623e-01
-9.445716920905445485e-03
-5.930449579449417197e-01
-5.897028466084676124e-01
4.481831612149698718e-01
3.027510539332796125e-01
-7.798166609402168437e-02
9.744918984233957859e-02
6.187513432568749749e-01
-1.518209227886662405e-01
-1.325079339307628223e-01
-5.346055459650554953e-01
-9.173936818171978258e-01
-7.975556040787263878e-01
-5.815428615773777787e-01
6.814279446089954728e-01
-4.147774964630548261e-02
-5.714612580062384817e-01
6.602395329250119183e-01
-3.098482723746796494e-03
5.055239635039660007e-01
-4.987790504277173076e-01
4.339653282729663553e-02
-4.419321129867069264e-01
-5.352640542971213167e-01
3.781642336025453077e-01
-2.312201132814260471e-02
1.809826206107665869e-01
-3.167501031540686518e-01
-5.552359845476443484e-02
-6.931575042092336103e-01
-4.278335274811855271e-01
-8.559221896408431007e-01
-6.131041111056458881e-01
4.742705788360004893e-01
4.652909866210491741e-01
4.767394400025923851e-01
-3.422742578248281764e-01
-1.374172509911361362e-01
-4.772509151203599420e-01
-1.396765470844979875e-03
-4.468292928525122720e-01
-5.421869775574682526e-01
3.740082836414668210e-01
5.191734251581801018e-01
1.238465417042460409e-01
6.776758219761560564e-01
-3.261429489574690366e-01
1.792698362717816060e-02
-5.390151930775098910e-01
-8.444412718835315745e-01
-9.214063957006254357e-01
-6.308326019804207929e-01
7.685061597237721198e-01
1.122957422838716385e-01
5.255065597318928639e-01
6.112280382708006332e-01
-3.167765736787719333e-01
-5.060041935584324024e-01
-3.481917594625784651e-01
1.720961353040231095e-02
-5.398160588736070631e-01
-3.882711290224594713e-01
4.638963507255626784e-01
1.753404449204042925e-01
2.026672613833475634e-01
6.923004243533181779e-01
-2.407332646858666436e-01
-2.223256922081340847e-01
-6.291169468977000356e-01
-8.472040642959208778e-01
-8.410027739519148060e-01
-6.323132274402654129e-01
4.162758675991470314e-01
1.064330969992238196e-01
-1.170479040261416248e-01
6.779812427804801089e-01
1.284239296771090000e-01
-2.074107431383603317e-01
5.331083749076175327e-01
6.554319044209985790e-02
-5.050684397297511286e-01
-5.404888499971230997e-01
4.373687689356959285e-01
-5.216512560637686508e-02
5.758187956306120014e-01
-4.094414715627038848e-01
-3.259903928320289079e-01
-4.424195438865544672e-01
-4.297087188507274780e-01
-6.360694554848094207e-01
-7.845329098113952293e-01
-1.018934306719390809e-01
5.958375628822167869e-01
-1.089786599069082484e-01
3.827457158657383007e-01
6.027170055693538142e-01
2.086254024733680268e-01
2.558826745455792251e-01
5.937648079826627345e-01
2.297787721129854743e-01
-3.101490524465888576e-02
-3.878045434562525928e-01
-5.753413455722977687e-01
4.250188900250037594e-01
3.659259415312037661e-02
3.305987823062022102e-01
-5.336997592382587419e-01
-5.040173298425972698e-02
-3.744496433647208633e-01
-7.174922947820752128e-01
-8.894343803144990623e-01
-4.528086893662899293e-01
4.719294603757158146e-01
9.298464433461449408e-02
-9.789032607593447510e-01
6.817492578678763238e-01
-2.783196632591323216e-01
-1.887008394686900958e-01
6.612224239752128030e-01
6.774954219801856414e-01
-1.393782691714168590e-02
-5.781978461042021067e-01
-6.245121974249513430e-01
3.287389609987403927e-01
1.460805975124523752e-02
9.076939273183685930e-02
-3.171148651159370613e-01
5.996425724459873707e-02
-4.768019356103772033e-01
-6.009732005090380191e-01
-8.353084775351679037e-01
3.970997427905361560e-02
6.325769298430949927e-01
1.219027055672536330e-01
6.058635132632756992e-01
-1.901898559142602141e-01
4.452192782611482658e-01
3.480445926401000700e-01
-6.147506187618056311e-02
-6.732275941172379818e-01
-6.122631461788876628e-01
3.707581816351391835e-01
4.771977877395479628e-01
-7.108744302536290638e-02
1.624770306018642196e-01
6.727821032940285439e-01
-2.772710022093840543e-01
-8.499684185091312127e-02
-6.191293388511809326e-01
-5.759025967104580701e-01
-8.219427422737870526e-01
-4.464508877767477957e-01
5.370790003328721474e-01
2.023898886605857150e-01
-8.503362235971562155e-01
6.358507314127296306e-01
-3.484679392918971219e-01
5.267703249955016376e-02
3.465926227372648216e-01
7.355065679884020824e-01
4.917716023025573563e-02
-6.091491213545978667e-01
-4.932209059382763883e-01
5.949875686994146040e-01
3.009636106994896532e-02
-3.922016867226877368e-01
-1.568673570827770480e-01
-5.309176640047938989e-01
-7.983745565965094659e-01
-8.864851692348105772e-01
-3.025311151927582154e-01
5.618087635282742465e-01
1.956583202892727136e-01
-3.678779614928719410e-01
6.350714030835221680e-01
2.101338960864489458e-01
6.151847680675136543e-01
7.057156645215301172e-01
5.158712722984659660e-02
-4.683636776220418407e-01
-6.374478345570216975e-01
4.014502545979665715e-01
1.404637461992878922e-02
1.794438474792106608e-01
6.064418522241903364e-01
-2.701275237502530069e-01
-1.416306364560010744e-01
-5.495943665388951516e-01
-6.989684815221618441e-01
-8.377890968595269605e-01
-6.071897845781667469e-01
5.270999221528986922e-01
6.836696850939780190e-02
2.418730637221074564e-01
6.325957140832414449e-01
-7.670686817868622998e-02
-3.264536385955987829e-01
-1.921268283376357522e-01
-6.599333257731006264e-02
-5.587140599918088979e-01
-5.697228236411731039e-01
5.768782202620933441e-01
1.047416094672517645e-01
1.084507482212686141e-01
3.089336705557130247e-01
-2.273612086190677506e-01
-4.408129386177350034e-02
-6.610286955945841036e-01
-5.860785355218889325e-01
-4.687183593114016000e-01
-3.447992034306715525e-01
6.004163212627776636e-01
3.622519187504662230e-02
-8.403095932316506644e-01
6.077042304995452504e-01
3.402996474285192169e-02
1.607515295586553761e-01
-2.345988881682921634e-01
6.275415408251537874e-01
9.602502106030059992e-02
5.906631771730861541e-02
-5.246208910747650611e-01
-5.400840033704049636e-01
5.705975790313285723e-01
8.217886815516303733e-02
5.337686399769470819e-02
5.620235021249495588e-01
-4.614264101077343305e-01
-2.069884757667572392e-02
-4.269227639503531679e-01
-6.566724422926137894e-01
-5.841864457062390104e-01
-9.371604848257408804e-01
-7.104876744369350572e-01
5.390652703350600206e-01
1.191795819998102274e-01
-6.265927725630003886e-01
6.425201583566020336e-01
-2.654351557206284795e-01
-6.815263360542528348e-02
4.601779624576046723e-01
2.331790943138164762e-01
4.287712929303041584e-03
-6.166115996803458454e-01
-6.090719347272377515e-01
4.102230439798960071e-01
4.074457924144993942e-02
1.390909041283465153e-01
7.328397188739657064e-01
2.831721695275262254e-02
-2.531923508265339073e-01
-6.146745406621797470e-01
-5.720795856729173900e-01
-6.553913938586075627e-01
-8.567009074518039391e-01
6.779542180068012236e-01
-9.489153609345050283e-03
-6.331153460378620146e-01
6.813691754531512323e-01
2.166718795849645607e-01
-2.273258347760684361e-01
3.460226501712828084e-01
-3.398268421962010732e-01
1.260689527537822187e-02
-3.521838613788266792e-01
-4.963092073276889615e-01
5.012046548570442406e-01
8.177965541632450930e-02
6.616379434105440493e-02
-3.998864154282009142e-01
-2.813741424702554950e-01
-6.636734712178423701e-01
-7.551469193193334206e-01
-8.095507146380105379e-01
-6.200330260157306261e-01
5.398733957344757917e-01
1.504101201371295903e-02
-6.241976108601362538e-01
7.447158527794631722e-01
-2.038418073653605889e-01
3.999603451370398743e-01
-8.758979094118778119e-02
1.946416997282071452e-03
-4.106466735648814370e-01
-4.727727525006418796e-01
3.280498663825387462e-01
2.129378691731177720e-01
-3.629647596228007672e-02
-2.784544851086309669e-01
-2.444917127090212028e-01
-7.480247866765465936e-01
-7.631033070173193211e-01
-7.663702695678871191e-01
-6.091644880399474937e-01
5.786247808556442829e-01
-3.301144140021893165e-03
-7.577370102378599981e-01
7.314349348876139079e-01
2.420796708621245630e-01
-1.189579033524569424e-01
-1.065976413640505605e-01
-4.485454679055572713e-01
-6.107376872172021187e-01
4.925085106538854007e-01
-1.265909709270280070e-01
-8.933797645489613415e-03
5.451966789376841982e-01
-2.745743845554079465e-01
-2.315127232109392696e-01
-6.089289894482646792e-01
-8.789089589580738604e-01
-8.251363604216491732e-01
-9.011291433729997635e-01
5.173299779734777948e-01
1.127144963322465193e-01
3.935930569797173595e-01
6.341045349751681659e-01
-8.741997618615421350e-02
-1.691029957115324223e-01
3.676165074482488637e-01
9.656975530970104415e-01
1.146288676694467643e-02
-5.389720800135338052e-01
-6.655796364406461052e-01
3.904590885676192946e-01
1.757087023885093857e-01
1.507808604548428744e-01
4.181419440472217142e-01
-1.632997103046387732e-01
-1.463814974165850435e-01
-4.445122524132599229e-01
-5.349208510528774552e-01
-7.824117707252514764e-01
-8.892647967803648523e-01
6.193009830236809732e-01
-7.967330396945164761e-01
5.276504615353890815e-01
9.950936786620602492e-02
3.454980601402821705e-01
5.028302922692955423e-01
-7.125767379596681383e-02
-4.623253183818703538e-01
-5.601645781439010818e-01
4.970342625407485615e-01
3.405874694000385339e-01
-5.782439182059680161e-02
5.887511525655978462e-01
1.663953371013878746e-01
-2.300148740016839111e-01
-4.377887110445960461e-01
-8.203922977655819793e-01
-7.786869644361006371e-01
-6.501806203554272301e-01
8.293926193347159748e-01
-7.749709454767641503e-01
5.333931282697838006e-01
2.199244706490425527e-01
3.362065628730045996e-01
8.536867702248678025e-02
-4.280622583899511557e-01
-6.175378392135677519e-01
3.405299955745612062e-01
8.534162014426856235e-02
4.951389414341996753e-01
-2.552316348397277168e-01
-3.360794477383881040e-01
-6.658718125077852656e-01
-7.711755664817576683e-01
-7.832830930119103474e-01
-6.306957503173917789e-01
6.560962568293551289e-01
6.008857306690246897e-02
-7.378115248272345550e-01
4.479781399288872423e-01
-1.674907645114503962e-01
2.647964397217842936e-01
4.982505784312414310e-01
2.038334979735167973e-02
-4.856150520142848981e-01
-5.347667326381858599e-01
5.174305567756699586e-01
2.799487565029253749e-02
5.643470953861783324e-01
-2.441180951272764743e-01
-1.877543390344807994e-01
-5.660462509444227353e-01
-3.866509368962777748e-01
-6.561686377180173668e-01
-3.846893318423988961e-01
6.112448996255694933e-01
9.116476292836332707e-02
-7.043364085707768396e-01
7.552951184121937667e-01
4.392271985918223126e-02
-3.833391917512458114e-01
7.334807102013178870e-01
4.777302366992204896e-01
-4.259230167155043933e-02
-4.958082161471201732e-01
-6.101627947897082516e-01
3.862238531875439307e-01
7.556026101488304281e-02
-9.768294615983434681e-02
6.052905903672252119e-01
-5.615207521833988358e-02
-3.251269127010394944e-01
-6.165588470790719366e-01
-7.106722659906794526e-01
-9.744078926451863465e-01
-5.925422807492972677e-01
4.817883802866452236e-01
-1.292983274096323743e-02
-6.239192446445651630e-01
6.869396037128547849e-01
1.390572441974219364e-01
2.751962886304530898e-01
-6.359442068316530916e-01
1.903946369006760328e-02
-4.848121821333682413e-01
-6.258857056919503448e-01
2.754740084267945366e-01
7.972395991170437568e-02
-2.785169531015698960e-02
5.093486858978509835e-01
-1.234485366643964244e-01
-1.360394593666072460e-01
-5.979628323415423496e-01
-6.066127058519369397e-01
-9.311844128374735519e-01
-5.123040817629339605e-01
2.810306741172268197e-01
-6.957906527720113948e-03
-8.239736963192352270e-01
6.991119957762532700e-01
2.899499769776976987e-01
2.852047913443393479e-01
4.813338670500750260e-01
9.782466055175248129e-03
-4.340010927841648214e-01
-5.913105180968553087e-01
3.830603334800759541e-01
-4.940524101751564423e-02
5.011979759649264343e-01
-3.385336967075841530e-01
-3.970585571275006553e-01
-6.543105103373226816e-01
-5.013958218023919500e-01
-5.926337837536674868e-01
-5.660447813890138180e-01
6.787480598818476096e-01
7.897369215560756661e-02
-9.402202025182995193e-01
4.272972645086477450e-01
8.438560816510941309e-02
-3.713951860964695428e-01
-2.627759943218366812e-01
6.860335965379774081e-02
-5.011252079129765447e-01
-6.108395030230079348e-01
3.546550388398548859e-01
5.188036410098920137e-02
2.608255013217940926e-02
6.994819551375521804e-01
-2.488391429665169352e-01
-2.891829589256811328e-01
-6.798231432246321093e-01
-5.807691047451634114e-01
-5.224383032775291591e-01
-6.816653086427550967e-01
6.745895051072090531e-01
9.594550172411733802e-02
5.609644707722200030e-01
3.819483340940583727e-01
-3.821847548413835338e-01
-6.206632202903628048e-01
-8.625401197879341286e-02
-4.283460732882450883e-01
-4.752413467595220653e-01
2.915348722038751395e-01
6.273568386690012155e-02
4.381043905487650436e-01
1.808843657301925298e-02
-2.836587561392809112e-02
-7.361758694868356656e-01
-6.114975220095527630e-01
-8.582972785621575396e-01
-5.478282739820754532e-01
4.537243407860797051e-01
-3.305702882976808976e-02
-8.148621758464906772e-01
3.250442690692820213e-01
-6.798861251686509621e-02
1.180815569398832934e-02
-5.127911443086865528e-01
-6.730708954294932767e-01
1.741192654989087013e-02
-3.819336768577091257e-01
-5.492055015745082036e-01
5.384255819582773883e-01
1.127354326280352037e-01
3.374599127596493442e-02
6.017390039213449393e-01
-3.287658305562434213e-01
-1.310225705255107786e-01
-5.841500017186783689e-01
-6.844642783960253052e-01
-5.963083320242069663e-01
-5.712243310176127187e-01
8.678231494888438702e-01
8.421504635691109963e-02
-3.303979739430496498e-01
5.709432199294774968e-01
1.355411083727755539e-01
-2.234490099514285233e-01
-5.930061039736383988e-01
3.890512673194616022e-01
4.181450092053853873e-01
8.983066854992223516e-02
-5.677807468592002138e-01
-5.450046710679538053e-01
4.322449152330211652e-01
-9.969272140004385718e-02
-7.263748309488385346e-02
4.911508046795284299e-01
-3.727488345159513661e-01
-1.035775566919665824e-01
-5.992361265895929101e-01
-3.754429926356051550e-01
-4.528107609646553899e-01
-7.801490317426844623e-01
7.191608961787027132e-01
-1.481570165917289461e-01
6.512368206080945132e-01
5.928381381491495405e-01
-1.237001104022320414e-01
-4.996638909301596154e-01
5.867149510705984561e-01
-1.945849553602809479e-01
-2.631742431931959059e-02
-5.731156132511809886e-01
-6.985818290711731660e-01
3.994662720221582863e-01
4.492735556764453769e-02
4.261452653868553347e-02
6.445807783024856130e-01
-3.608665844867821604e-01
-3.848510230149728151e-01
-6.472566473344173454e-01
-4.525642972199854230e-01
-2.485787543967899471e-01
-8.384722041958631022e-01
-5.645518187527831522e-02
2.469525617948003030e-02
-9.144824719455583173e-01
8.097585046211031035e-01
-6.729112477000942505e-02
-8.172634293624950752e-01
2.035500237063538054e-01
-3.185749078773846832e-01
-8.623582564961590827e-03
-4.767282402379592887e-01
-6.784244215569870118e-01
5.262155620346190554e-01
-6.069873387678749455e-02
7.402830221276206213e-02
4.856075810457199937e-01
-5.922640671241737736e-02
-8.267877993326326613e-02
-1.109974594155263908e-02
-5.700474652586037250e-01
-4.389484642794214686e-01
-4.429123428444548538e-01
-2.929885746677913794e-01
5.492990079533237591e-01
-1.666740756690432423e-01
5.270910403241927389e-01
6.227665885015796210e-01
-1.809608639136737473e-01
-1.593542855156666327e-01
3.113437991569756660e-02
4.629239501756808872e-01
-4.526544137801987167e-01
4.518018417031363643e-02
-4.274269174290430962e-01
-5.550030806192941535e-01
5.602714931308752089e-01
6.395945617693404861e-02
4.273236709563205116e-01
5.574812647408701194e-01
-1.013822213357871704e-01
-8.053420785863764364e-02
-5.297110172004365625e-01
-8.062475813372657063e-01
-6.221632569014245995e-01
-3.304110694928931724e-01
6.756685139753584313e-01
2.507502792140810927e-02
-4.343282968393136212e-01
5.739900404102188380e-01
-2.234455464384112744e-01
-1.488450528833585307e-01
6.617690733029700789e-01
-5.579346514582040895e-01
1.200032590811948505e-02
-3.964899418516212859e-01
-4.926111497517696725e-01
4.872192555302293782e-01
3.768232419938807171e-02
3.373356551108409040e-01
3.729967648978192024e-02
-2.807158543995728062e-01
-6.523476541747440516e-01
-5.129175019606405650e-01
-6.877515304905599258e-01
-6.795460042187886351e-01
7.578352316017593626e-01
-1.267048027661707432e-01
-5.372222214744023505e-01
5.983242618441042548e-01
-7.838536886690193606e-02
3.341505576935875355e-01
6.013871364046714518e-01
-5.933361725498356165e-01
4.196305459969728452e-02
-4.487635062838417066e-01
-4.587900341401240922e-01
4.723241560978296838e-01
3.004831003060086381e-02
4.713869588835992858e-02
4.818755792136226734e-01
2.168127277268905306e-01
-4.354969566949312143e-01
-5.531342029534459526e-01
-9.182611171834902386e-01
-6.544101927917939099e-01
-1.094044015926647073e-01
6.525280612200565766e-01
4.793165101034331521e-02
4.986749330519731904e-01
6.961667244478298988e-01
3.793604205645036975e-01
6.566908797324242375e-01
-4.104037568620569343e-01
5.329051699093755728e-02
-2.738378910828432877e-01
-5.192773258211137444e-01
-5.607242914503305364e-01
1.154382684855855268e-01
6.705122727425329165e-02
4.621245860130678285e-01
-2.953356763251750450e-01
-7.207101395988152470e-02
-5.584640831703590047e-01
-6.215576075983058058e-01
-6.376375347632495805e-01
-4.566496203146929167e-01
2.512623363435315116e-01
4.250420433394777597e-02
-5.405294494518017023e-01
5.658047710133130570e-01
-2.045715376124493945e-01
-6.653259675985917498e-01
5.449506797305441186e-01
-4.522549567568119322e-01
3.122835584092378478e-02
-4.435456060058211025e-01
-4.935865745708896690e-01
2.536540502394420971e-01
5.377296865981252144e-02
6.029360212955086062e-01
-2.134821315540809950e-01
-8.144798463262169913e-03
-6.369653674769208962e-01
-1.378817618690418856e-01
-2.561765922794190242e-01
-5.969681100589303568e-01
-6.375315782701725109e-02
-2.750307704405284548e-02
-8.167533079882675073e-01
6.568616324401377327e-01
-9.201141172966957882e-01
-4.212800669993377323e-01
-2.206172933509256348e-02
-3.768995866281449891e-01
-5.365097030106490417e-01
5.366521748603262365e-01
2.765467281493109303e-02
-1.209797167839317955e-01
-2.186748848767756104e-01
-4.797927268535097101e-01
-4.841607557186665689e-01
-4.154092900286237011e-01
-5.552107095018142813e-01
-8.014097076851689483e-03
-1.749174608135379769e-02
-5.823447551684023393e-01
7.671031182576208973e-01
2.305940339734658395e-01
-7.330450473744838380e-01
5.061765374680902152e-01
-1.392517905373005793e-01
-3.554466250997366517e-02
-5.940316206653013520e-01
-5.191420135606866770e-01
5.624156012320783438e-01
-2.919957526144890680e-01
2.663122907953383370e-02
5.311098080161161805e-01
-2.654347634902846087e-01
9.184488557600525849e-03
-4.123865457733337792e-01
-5.612885627099133412e-01
-3.607017261959944987e-01
-4.758229029226680451e-01
4.894407801285195481e-01
2.263792617983992686e-02
7.047527601147818288e-01
7.658071417113739843e-01
-3.551182292247748173e-01
-7.242527914982739290e-01
4.496878902430794245e-01
-6.177670067431718648e-01
-5.077557096878670961e-02
-4.219085229948553728e-01
-5.494626276837621948e-01
4.036707463040100086e-01
2.703312096258518316e-01
-3.609433809427747136e-02
5.696598987079822818e-01
-1.124291091467971987e-01
-1.274250529899176865e-01
-5.837805536079935242e-01
-6.221018627312649985e-01
-5.356750607586491242e-01
-4.872481619914687534e-01
7.059229753567045629e-01
7.067839319602924053e-02
-6.260965009867002218e-01
5.575934012792962413e-01
-5.191615742220989649e-01
6.148455446352425052e-02
5.359025913258431278e-02
-4.655609831643917618e-01
-5.381661931073298266e-01
4.716868728931890020e-01
2.309704271401001943e-02
-4.436748976494783725e-02
4.402455475667345075e-01
5.923442007649731833e-01
-7.189816999854380108e-02
3.086115389028576406e-02
-5.316417025923990680e-01
-1.690036727054543553e-01
-7.608640898700507194e-01
-5.459739472215329181e-01
-2.081399806539760700e-01
-1.249634427505940948e-01
-5.861768638282440769e-01
7.028400229950848566e-01
-7.880183032282915834e-01
-5.861701093276154850e-01
5.832394203278935818e-02
-6.364292263921390580e-01
-4.558127985150108863e-01
4.641861470823940850e-01
1.841513914388812762e-02
-2.753135002119713737e-01
4.817048186799586795e-01
-9.053086608803634361e-03
-2.319843988781954414e-01
-5.695909677222592560e-01
-8.066709555487145966e-01
-2.531679656842176218e-01
-3.260658924978986350e-01
5.075268630755953581e-01
-1.219609449581512961e-01
-5.467267461098063164e-01
7.134350149794017604e-01
-1.242931438640541425e-01
4.080384323307872374e-01
-5.643184269668435338e-01
8.813383321652412672e-02
-5.339342458637199584e-01
-5.999199022451104923e-01
5.475814763719826228e-01
9.185585060750124653e-02
6.706735010038833433e-01
-2.587534418042279905e-01
-2.543733182859002628e-01
-2.580180847221074103e-01
-4.031026489609772501e-01
-6.644958605272386354e-01
-8.241856642270969924e-02
-1.261451380648771249e-02
5.844442150244897327e-01
1.904783841169253172e-02
-6.207550798884466925e-01
4.223962861107598554e-01
-2.364755585530403659e-01
-3.764620415662245367e-01
-2.192013923591921987e-02
2.904001276225526632e-02
-5.124048657234775428e-01
-5.371786065885053585e-01
4.971535053822652706e-01
2.053241712538211028e-01
6.675307635267287154e-02
6.309777495987929363e-01
-5.017976714353432621e-01
-5.626729178851517243e-01
-6.243362697549783569e-01
-4.689834825644690897e-01
-7.227988837304017977e-01
-5.032794050860330826e-01
3.169120348309735213e-01
-1.819145246951244313e-02
3.465537706747643942e-01
6.161176424661587436e-01
-5.022741145280883446e-01
4.745284876443021105e-01
2.070254915163348974e-01
-8.272112412394473646e-02
-5.907373183523949578e-01
-5.621049797726578312e-01
4.197929026501192595e-01
-3.259633886677028997e-02
1.299093524550307688e-01
5.076931646370314022e-01
-6.845978540341122187e-01
-3.190708192796246068e-02
-4.818358265105434635e-01
-7.696470689281353916e-01
-6.731211439053566004e-01
-4.373575345197503461e-01
1.544649046898679268e-01
-6.385650335209122619e-02
-4.660512214509031081e-01
5.574308981597460022e-01
-6.709913251941314050e-01
3.721113662064738370e-01
9.719790897452461609e-01
-2.682053377867218980e-02
-3.254845714389341671e-01
-5.350847286403744851e-01
4.478664727665487288e-01
1.114841993243418788e-01
6.929186922055255438e-02
6.085641144573589179e-01
-3.608633132258699527e-01
-2.467281516857502965e-01
-5.522176384809290850e-01
-8.289155049415641852e-01
-2.273327807749078999e-01
-3.775059266792630819e-01
5.844625981873433629e-01
-1.510731520523532212e-01
6.633989329693863457e-01
7.046743500503145352e-01
-2.442011501992225053e-01
-6.362362668171257507e-01
4.933127009979534350e-01
9.482414917910065855e-01
1.457068978641659282e-02
-5.073148435402284884e-01
-5.760160063648989137e-01
4.326485185065144790e-01
8.522625910897442536e-02
5.104750882503570342e-01
-3.266491725600836338e-01
1.202397041440590904e-02
-7.750311017572115713e-01
-5.089506416236783126e-01
-6.626184791655672646e-01
-5.865854304118757190e-01
6.256118352495428914e-01
1.967375870393581888e-02
-7.328182607749026412e-01
7.829444045937088426e-01
-2.070327879092630774e-01
-9.463471321775539513e-01
1.038349002368646051e-01
6.376696370322565421e-03
-4.597020572515097547e-01
-4.699119995949718742e-01
3.284054393320745557e-01
-5.328883912043062832e-02
6.293733636367460083e-02
6.925075722022451252e-01
-3.510669308180379145e-01
-1.812643487111216534e-01
-5.507696680619963425e-01
-6.738145718867410983e-01
-4.637930232951901210e-01
-4.392084062157752822e-01
7.688211502743643733e-01
-1.944502390175320561e-01
-6.658925950619580814e-01
6.525101094087937259e-01
-7.480225382499368081e-01
7.020079679228626024e-02
9.053123545270853889e-02
-2.982737484950119811e-01
-5.815615965919442854e-01
4.545727558708972937e-01
2.020269544828724034e-02
-9.673028784525049273e-02
6.270150802477596486e-01
-5.202996847307655992e-01
-3.921808654538327388e-01
-4.438242794228525190e-01
-4.763585565367005614e-01
-6.697885329533848076e-01
-3.699141332737409527e-01
4.056869280897348884e-01
5.880728122709826255e-01
5.630437316731323749e-01
-3.801240542418404256e-01
9.326376382558983213e-02
2.208344604918626719e-01
6.313703379431848672e-01
-5.286771655659096986e-02
-7.713915135526344669e-01
-5.934877691638601460e-01
4.670090886780634554e-01
1.446986110021433181e-01
7.656740121898518714e-01
-1.542905561640991151e-02
4.159297805510528412e-01
-5.586205614772077332e-01
-2.641090774685483367e-01
-6.946476867394025811e-01
-6.176019417734529560e-01
-4.681235781297211074e-01
9.796812770581040386e-01
-5.909262966344470680e-01
3.141870662817958237e-01
4.994175566387681342e-01
-3.270079122368583363e-02
-6.166764563506822450e-01
6.807399368136833884e-01
-1.242710799056686022e-01
6.403253353185283103e-01
-4.733834017691103679e-01
1.570694626873938016e-01
-6.070062026752146567e-01
-5.103360484207347669e-01
4.660252752052349567e-01
-1.109004848770197976e-01
3.753841700143722426e-01
-5.297905476650220935e-01
-3.892388969996121717e-01
-4.562011538369226682e-01
-5.925931405060080870e-01
-8.439273814468648549e-01
-3.868154084183025865e-01
5.751936425477871540e-01
3.742637545854435310e-02
-7.139657803061385533e-01
7.025271848937003627e-01
1.040900558720061625e-01
-4.215870767708542188e-01
5.694257210862738727e-01
-7.067524854158510061e-01
3.381754823229944640e-02
-3.670284912967949897e-01
-5.390867477728337187e-01
3.892968767361575932e-01
6.204826433383658219e-02
-5.786785118646137205e-02
3.902552115107373876e-01
-1.296727305041839307e-01
-1.264192810030023983e-01
-4.121977598769167583e-01
-8.387539812569817510e-01
-6.923838815656254697e-01
-4.421814159498175800e-01
5.816217291282395063e-01
-2.002159071650365732e-02
-4.327106141263195593e-01
6.252858775924965418e-01
-4.835639922651875922e-01
4.084169845138969079e-01
7.547261596985663790e-01
8.284652897362428103e-02
-4.133241609443033537e-01
-5.581013972977176829e-01
4.365548363196030679e-01
4.013980157773458513e-02
5.330749690051057588e-01
-6.127996155689339197e-01
-1.999826098443878153e-01
-6.549303054574142635e-01
-7.579672206973209203e-01
-7.667624304889236742e-01
-5.114294248791416697e-01
6.929269871905212597e-01
-5.088152703248742525e-02
-7.571915537907463190e-01
5.061000272928101174e-01
-3.143154785374920324e-01
4.499805917911643416e-01
-4.386349392344212617e-01
2.232461946825120905e-02
-3.589804617537820097e-01
-6.412675500952009777e-01
5.627786816340156761e-01
-6.449637700077348601e-02
1.532180911199194362e-01
5.739754992928222110e-01
-4.526949174353762650e-01
-9.497421015274520872e-02
-6.287954388270501349e-01
-6.480222154956594149e-01
-9.352254351914836006e-01
-3.059125438350801529e-01
4.576266147679259877e-01
-9.336066578366372659e-03
-6.790635443689133632e-01
6.437517176521837525e-01
3.316318056201368603e-02
-3.488105057038239920e-01
-4.058721785977758012e-01
1.164185405353330852e-03
-4.734478959820130894e-01
-4.845182338033527936e-01
4.815107772241414841e-01
5.214015676894969559e-02
8.359400109315378025e-01
1.242851962622727735e-01
-4.645236739930503900e-01
-6.285979908739212918e-02
-2.373598520191234074e-01
-5.396801199951691830e-01
-6.893826522442930704e-01
-9.442220047001853578e-01
-6.306677851059170337e-01
5.911589419595012496e-01
-4.803245449664104300e-02
-8.013772633854596705e-01
4.570265695124710592e-01
-5.147961426823349784e-01
1.256311648825678695e-01
7.893272784818493315e-02
-1.677857207245330717e-01
-4.534486576131583346e-01
4.738305623865496918e-01
1.368428274273390463e-02
8.100543693771374010e-02
6.311327193406306435e-01
-5.251124970249119173e-01
-2.369159165928038380e-01
-2.938818084645927198e-01
-4.163637995446411444e-01
-8.594599659635198119e-01
-5.219505542314630819e-01
-5.015676053512738708e-01
4.104664417834774648e-01
2.755522081534547002e-02
5.010543469717643195e-01
7.127412020433464557e-01
-1.257350296901211528e-01
-5.040731880400566300e-01
5.560876360241158167e-01
-2.710515806420289997e-01
-1.528567309507623817e-01
-5.197117404465070312e-01
-4.941976753101505748e-01
4.049118595899411366e-01
5.681155169190323789e-02
1.875326412543519214e-02
5.210437914745655874e-01
-3.211577014284288101e-01
3.456821751335737575e-02
-2.814749703357313226e-01
-6.353447406541401499e-01
-7.346960455853021044e-01
-9.628334542925212070e-01
-5.334535178554299373e-01
6.926323701787643339e-01
7.199253477505193621e-02
-9.538278967944129327e-01
5.433877449792464676e-01
-2.087053421598082936e-01
-2.927027498083728876e-02
-1.881635654636864066e-02
-6.130674578913823947e-01
-5.940147079908100203e-01
6.104144585534287959e-01
-4.364013463692031913e-02
1.412329534125968122e-01
5.632898516530469024e-01
-2.086234323990077133e-01
-2.502622855251021572e-01
-8.237608789557232525e-01
-4.081607181789330685e-01
-7.975345050324675888e-01
-5.103453180376068543e-01
6.428842126045760663e-01
3.060532206487374257e-02
-8.307260002065876003e-01
2.970630959394460757e-01
-5.359655840107261371e-01
5.385750194453067241e-01
-1.932497396995665750e-01
-7.889879190614434643e-03
-5.684656714924591903e-01
-4.506404356462624383e-01
5.163354913776894151e-01
1.828856195011737129e-01
5.643117417495496779e-01
-3.229100260309660242e-01
-9.002673620663376175e-02
-7.169085326734818686e-01
-6.725735411295039601e-01
-8.945486402149567251e-01
-5.065541388662191391e-01
7.174024084340366869e-01
-1.143809028623138380e-01
-7.969659138656233210e-01
6.037725581095538807e-01
-1.564480061656912599e-02
-6.641107200253295595e-01
2.074203229788064706e-01
7.416231320991710785e-01
-4.387631199915434377e-02
-6.010175979048815176e-01
-6.073999198830838386e-01
3.140789072345485655e-01
1.177020388395908640e-01
-2.571109242492194275e-02
6.069775987561156771e-01
-5.703515483717696011e-01
1.127459569541821860e-01
-5.363370666516643626e-01
-6.772854023612495666e-01
-7.612182253587196357e-01
-5.707131347799918597e-01
5.825035782784756533e-01
-9.050183445335537036e-02
-9.276564121827156617e-01
7.202535720685007137e-01
6.058255311553290695e-02
2.436409829389851178e-01
-1.648859469287012325e-01
-4.955683177428469276e-03
-6.097164407828707944e-01
-4.401047151114831912e-01
6.118869782309599437e-01
1.065422342370529046e-01
2.113512093413247653e-02
6.990963931750407978e-01
-4.143827114774820131e-01
-1.872206650766933822e-01
-5.078967917980394819e-01
-8.247675255031525765e-01
-4.554371534927190157e-01
-4.668816460699294346e-01
6.184329585136421059e-01
1.125813110723187377e-02
6.922846321665750979e-01
5.685406620389178434e-01
-6.554140230943356071e-02
1.814925337290104468e-01
1.805583587425208525e-01
-7.087280591458968715e-01
-5.194966845129976862e-01
3.348446830027780319e-01
-1.109300246716710542e-01
5.171034358827306665e-01
-5.623960065343638348e-01
-9.336157692620150605e-02
-5.141716623590263380e-01
-7.236398713615841416e-01
-7.235157853078474366e-01
-6.226361017375656726e-01
5.348782477278497538e-01
-8.205548357817149530e-01
5.764584943846340348e-01
-2.558587953699316062e-02
2.447701847047001888e-01
2.508445042087636620e-02
-5.720477453266994416e-01
-4.853150599743719651e-01
3.530277936549113815e-01
4.070945239473419686e-02
8.658324334799198663e-02
5.121551688935996882e-01
-6.238047401996373864e-01
-2.967792632647809903e-01
-2.993970079866258294e-01
-7.426537137549875656e-01
-8.407239081792564628e-01
-6.113303269355314651e-01
-6.622275730810694983e-01
6.969804912294843557e-01
1.205837660927777943e-01
-6.293706692764131638e-01
6.430478231092654484e-01
3.400830505320395075e-02
9.013404180540242339e-02
5.549905422191310223e-01
-1.845767688721922095e-01
1.365921194985810216e-01
-4.899084990899704728e-01
-5.555497062360019722e-01
5.000932101671992092e-01
4.957803688928145297e-02
1.952150525493167310e-01
5.675737491809431656e-01
-3.247748616620954043e-01
-2.585676572991593702e-01
-5.610697120844897468e-01
-9.309316095313541206e-01
-9.382891888777178391e-01
-3.207074691945784872e-01
6.608676375024989946e-01
-1.077208641250274046e-01
-8.459979994847905971e-01
3.996977665079026742e-01
-2.938694472844431971e-01
-5.918426145551961559e-01
5.900170049173132369e-01
1.912516297030036894e-01
-3.919953909867048003e-02
-4.409878988571589442e-01
-5.913529216511281827e-01
4.801792992854851949e-01
1.479855649174741973e-02
7.825408342223515445e-01
-4.774669298121000591e-03
-3.735070829861470432e-01
5.079691368389899209e-03
-6.634926213943734830e-01
-5.954802198350225284e-01
-3.369225794903476512e-01
-6.450229849977073826e-01
5.508038263050643035e-01
-4.344395331673261973e-02
-9.190546459635331455e-01
5.732919594206187242e-01
-1.111824147063057988e-01
-4.578653519468530164e-01
3.099394434845158600e-02
-5.493108931318115840e-01
-4.873336055834819325e-01
3.420812566416272515e-01
-7.041851087930450781e-02
6.401548900383967622e-01
-3.705336182150187896e-01
-1.026008722179732463e-01
-7.515404494048985029e-01
-7.743357342618638617e-01
-7.011614327611566111e-01
-6.481209192828544241e-01
7.368891127899226401e-01
-7.524808034417174163e-01
5.244460020567482950e-01
-4.677782266866118976e-01
-7.751489610344078907e-01
-2.498541846069011335e-02
-4.759363699415056770e-01
-5.739857094335488741e-01
5.349744421499623703e-01
-5.140858711638875839e-02
8.671862535660461724e-01
1.547170652619253833e-03
6.147907650807443725e-01
5.888698423479291622e-01
4.761037897599155327e-02
-2.805455030262314353e-01
-6.251071508452924474e-01
-6.942054344243933084e-01
-5.325431928547285088e-01
-4.972037033490083191e-01
6.467461532327110074e-01
-5.194070691045804544e-02
-8.745630696676550686e-01
4.394786788897790952e-01
1.482334472941309600e-01
-5.619765067826482108e-01
3.599498563277243445e-03
-4.271289585127687194e-01
-3.746484848493879527e-01
4.651369457018301734e-01
-3.013705684229871229e-02
4.495997598347220570e-02
6.294268925771150380e-01
-1.467154017785910203e-01
-3.152473415924692685e-02
-2.386553026372116859e-01
-6.510125694545483288e-01
-7.397302454347014500e-01
-7.541316332810625855e-01
-7.452949776610771071e-01
5.987252011695366471e-01
3.806206279535066794e-02
-7.306918233144433783e-01
2.967119018320963919e-01
-1.362160045136751874e-01
6.828937112205262228e-01
-6.333758986753298403e-01
4.284741054077275541e-02
-3.530863824196430190e-01
-5.505653895065791836e-01
6.599353570902644073e-01
8.434869747646838167e-01
-4.879619413831404739e-01
9.337179228081654569e-02
3.486600170229232076e-01
6.946716259123733028e-01
-2.264026814891873796e-01
-3.142954966789346383e-01
-5.338735184419874935e-01
-4.708200371190868760e-01
4.218136590460843105e-01
-2.341479985895700000e-01
7.207267684648360762e-01
3.745551411783943491e-02
-4.778640215336609764e-01
3.020931111224725574e-01
4.032286916224194773e-01
5.782301118794122008e-01
-7.268165277901025290e-01
6.172429061665071770e-02
-5.020679133691933194e-01
-6.086545597741918057e-01
4.676935962215990616e-01
5.781277871567932353e-02
8.794477624442234021e-01
1.825595705987340944e-01
6.938745994738455547e-01
5.048827454798212599e-01
-1.378504358654425166e-01
-1.030699982462445624e-01
-6.293228829951527104e-01
-9.452433768515045021e-01
5.438923749136942432e-01
-3.226711776301055545e-01
5.136475875349182374e-01
-8.407775561073684845e-01
5.042735140729066590e-01
5.299779746521618984e-01
2.522468185159835730e-01
-6.702098662777769000e-01
-5.881765888479071475e-02
-4.124468572580593517e-01
-5.322551917338282923e-01
4.944152286435430921e-01
8.638834147294069954e-01
2.581422575767601882e-02
3.729377375148582585e-01
-4.536733948933567850e-01
-2.417464937361326893e-01
-4.497352687653928260e-01
-7.742869485766896709e-01
4.504523117695127254e-01
-2.895890489246554789e-01
4.110911051920316250e-01
-4.640903136634810106e-02
-7.621078493966986223e-01
4.128298551444459230e-01
4.306303049816440631e-01
4.704950033777660634e-01
-6.904096487654698411e-01
-2.277486526403650277e-02
-6.456724958522344071e-01
-6.981372147600928280e-01
5.476786052781951186e-01
1.614144937668741675e-01
8.617180578753201869e-01
5.309677453169256434e-02
5.575640861571723450e-01
6.617477076499155009e-02
-8.061093056916883437e-02
-3.352328454144186676e-01
-3.393112057834310469e-01
-3.628283266963222009e-01
-5.483905216732924970e-01
7.826500668779260428e-01
-8.325780650961324136e-01
3.772042883471173891e-01
3.741301322003468682e-02
2.348482442059720288e-01
-3.582069845555066467e-01
-7.133593931904434748e-02
-5.480669674749847342e-01
-4.946113072018321621e-01
4.284017385381808096e-01
9.972237855556233266e-02
8.342133001641727219e-01
-8.354553854383224565e-02
5.383268723466300143e-01
-7.463098807526540035e-02
-1.914672474373420863e-01
-6.830883356382919658e-01
-5.483971958667792634e-01
1.797970787034815221e-01
-8.422939756278990941e-01
8.556444125610527252e-01
-2.505780505541994885e-02
-6.609645544619672242e-01
7.208856493248371189e-01
7.003866847733948575e-02
3.976132416364749900e-02
3.428636351126020942e-01
-4.725734071600002917e-01
-2.212180568611240780e-03
-5.478473552449251160e-01
-5.352905279517444770e-01
4.736899119179217577e-01
-9.970943106089057151e-02
8.220618042142682214e-01
-1.665982908978981200e-02
6.475319815796121148e-01
1.736291926269886016e-02
-1.679842919262803866e-02
-4.838380041169326184e-01
-9.037938480375918848e-01
4.717715370224916938e-01
-5.876483221681787494e-01
7.474147699743254325e-01
-9.503869048189073077e-01
3.196102212177021062e-01
-1.059725530620967138e-01
-4.311338487087980065e-01
5.322216740475939345e-02
-4.955959973581347544e-01
-6.298343538315425150e-01
3.904386191765675251e-01
1.491035307673813648e-01
8.642266735741070960e-01
8.352537310829842576e-02
4.362822353739961856e-01
-3.321800878012185487e-01
-3.710661485730913367e-01
-3.361932796688295588e-01
-9.979719147183305772e-01
2.242074390512105164e-01
-6.784581433036538378e-01
7.942319473574951383e-01
-3.341265968361184155e-03
-5.829938863336920907e-01
7.229446689394023462e-01
-2.084353670387710245e-01
5.141523365187307126e-01
2.689051331923407728e-01
-2.149449279263095647e-01
9.551681496988516373e-02
-4.886197561044322568e-01
-6.729791225755723527e-01
3.970885113481480988e-01
1.077964780911400411e-01
5.283668513616498474e-01
-1.917010861396369337e-01
-4.030779888341299300e-01
-6.809698893179552126e-01
-9.961584359625580420e-01
-8.081454029057949517e-01
-1.856555912984187151e-01
7.984179160495843419e-01
5.041669276505059138e-02
2.554927147723268788e-01
8.072404075127024292e-01
4.382506717944780750e-01
3.348686151941484002e-01
5.143260187252088889e-01
9.747832279912276021e-02
-4.697642206960833122e-01
-6.089468699347311276e-01
4.632282973055169006e-01
4.121582318340972356e-02
4.320521058006359522e-02
-6.099181963629435321e-01
-1.377523228494230700e-01
-5.611817855713212566e-01
-8.860577138646480444e-01
-5.885922504711010861e-01
-4.309248405870880760e-01
6.662358645590432671e-01
-1.672451681170786936e-02
-7.676089615206099781e-01
6.502601137587503688e-01
5.216695202206544923e-02
3.265951814360097960e-01
-3.994902920612704578e-01
3.661542652842396384e-02
-4.331914879670834551e-01
-5.655397419419876393e-01
4.825778890289944556e-01
2.370174464836080075e-01
-1.540257954146776300e-03
3.820667980688604581e-01
-9.522493962863484707e-02
-3.646461407569869251e-01
-6.172049923984981312e-01
-9.955093460631209146e-01
-3.309385458445764372e-01
-4.562160054509074580e-01
6.496545137766731592e-01
7.597143991952848285e-02
-5.230822598115839606e-01
6.439616343625946815e-01
8.371448362371319840e-02
2.812121419270586786e-01
4.479245739960750483e-01
2.900855283688871245e-01
5.722380620146490585e-03
-3.655759686805840070e-01
-5.139401554518806536e-01
3.911374806790954839e-01
-3.262855509588370728e-02
4.500900283193136064e-01
-5.573846181192817495e-01
-4.255722485371071090e-02
-6.031240128333932304e-01
-8.692023937985197124e-01
-5.865905543728627825e-01
-3.377567557474221438e-01
5.790423469008697532e-01
-5.224619201482764291e-02
5.340898416875008436e-01
3.456350960734931310e-01
-1.913872045834158486e-01
-4.266415435156065833e-02
-4.793979455455523730e-01
-5.775782839836687277e-01
5.121011807897961621e-01
6.460515303512273655e-02
-6.167915746676937427e-01
4.561457744032946029e-03
-5.234318611269562771e-01
-5.682242813548921134e-01
-7.536613699204008920e-01
-2.769746771185271350e-01
-2.462439505370725423e-01
7.498038396957400487e-01
-2.350542007508729103e-01
2.200365342056154472e-01
7.941269256956560163e-01
-5.054184803388591524e-02
3.184044981956883347e-01
2.542426875640356743e-01
-3.442733852969230846e-01
-4.271258405590223212e-02
-5.420669973150048504e-01
-6.040673322828081782e-01
4.942998696679837822e-01
3.300058843236499118e-01
-4.872647317202035561e-02
-1.037030383373717390e-02
-3.400885777701452284e-01
2.367660660542297239e-03
1.770382259593176466e-01
-5.671969048900211696e-01
-4.998479237018771393e-01
-3.888647758807459165e-01
-4.763135343359410911e-01
5.792982010857166131e-01
3.678585240957379932e-02
-6.804503743146341765e-01
5.951705357199137403e-01
-2.199452396043461988e-01
3.856084933948491500e-01
4.155841854063121316e-02
-4.898134710979463735e-01
-5.562283816786277590e-01
4.859990004334099889e-01
-2.314035195770009021e-03
-9.264021620012100056e-02
3.986859502601286520e-01
-3.333892559851667214e-01
8.743480448002786953e-02
-3.809614120847756302e-01
-6.659543954917476194e-01
-4.542444616412854019e-01
-6.326699570444546117e-01
-4.334834437041520938e-01
7.158224921536580077e-01
-1.298309674502472755e-01
-7.410646000326862604e-01
3.066127569240288397e-01
-1.954422430651345521e-01
-2.030952585244134301e-01
1.321274080440529852e-01
-1.534143206053577291e-01
3.107577305329563278e-02
-4.587409777257313581e-01
-4.857276594342033182e-01
5.827007714175667097e-01
1.008669590675752570e-01
7.401763313153429946e-01
1.435952230229179671e-01
5.957511298327814453e-01
-3.771147441300343739e-01
-1.709590512248813574e-02
-6.473770253906513394e-01
-6.047905202679138004e-01
-6.050229296614764163e-01
-4.966509895947902598e-01
5.839543895898078318e-01
-6.077113560861861080e-02
-4.395125191078100846e-01
3.815194239648375674e-01
2.356848270436645854e-01
9.657368424879180235e-01
-1.259030069042309796e-01
-4.286647631949372372e-01
-2.961460687632283539e-01
4.780700140783385454e-01
1.851036530085193310e-01
7.717321220136899029e-01
-1.010026030397306873e-01
5.448516650502804870e-01
-2.464331054338541327e-01
-7.724401915193974955e-02
-5.614661703680301486e-01
-4.787413859333553012e-01
-6.157584815260659372e-01
-6.149420089028025949e-01
6.044007081457382080e-01
2.775558223290511273e-01
-6.783445980480198312e-01
6.435154184941085376e-01
-4.213124585658236526e-02
-1.649814002937800561e-01
4.335757054240010899e-01
-2.973230789331395285e-01
9.681497889303139481e-02
-4.358522194002987238e-01
-4.317699484013149958e-01
3.519178040664724394e-01
8.588030642345442778e-02
8.602069852720204413e-01
-2.399015017526081282e-03
4.597083376392449017e-01
-6.503607386221914588e-01
-1.720972471876946464e-01
-6.120875650114750988e-01
-3.678939404509101729e-01
-7.175128756514084216e-01
-8.456079012063892897e-01
4.815566013529784528e-01
1.886681390695466587e-01
-8.110665317015479658e-01
9.164115278189638447e-01
-1.298488519135425900e-01
-1.709270738585667859e-01
5.829038188846702440e-01
3.201534442519541335e-01
3.694932886913516318e-02
-5.951548971514113440e-01
-3.937245444296611496e-01
6.515408751995460657e-01
-2.970605510102550598e-02
3.016507800373184264e-02
-2.029561120804603824e-01
-1.049797456969439428e-02
-4.987579748670591950e-01
-8.465708495408901246e-01
-9.274106346588100180e-01
-4.627399412089179820e-01
4.388553148305782137e-01
8.912575744039480385e-02
-7.857585411247028917e-01
6.202241999468429690e-01
1.593254044632624600e-01
-5.300815515936455613e-01
-1.208854653408934360e-01
-4.583883230355106364e-01
-6.811168969837121390e-01
4.746364051077166524e-01
4.853518547017840468e-02
-5.229377114064590742e-02
5.905691402864945427e-01
-4.647598886711909461e-01
1.275313659859491355e-01
-5.101332053238220032e-01
-5.813096465952219960e-01
-6.261013012775098474e-01
-2.740257344697252240e-01
-4.453867642501305180e-01
5.119236085312093287e-01
-6.550232634637601081e-02
-6.584240713052674776e-01
5.172654118618229546e-01
-3.475256744955749211e-01
-1.885640377714948857e-01
2.377124922903929918e-02
-4.719776468111275269e-01
-7.145459769142677997e-01
3.576647951391865310e-01
4.094647888966199828e-02
1.590118916658115333e-01
6.243922811514079907e-01
-5.278568861177677096e-01
-1.499268005579003360e-01
-4.632143471277201385e-01
-7.003347127730473742e-01
-8.663067083485266329e-01
-4.688951869170382980e-01
-6.799397972751878294e-01
-1.298233901762923864e-03
-1.928304597657627129e-01
5.910729518390842596e-01
-3.633970002617384898e-01
-9.652981615298311668e-02
5.740650333927801302e-02
-3.891910213289646037e-01
-6.515665947275641745e-01
4.535496340042492469e-01
2.654780091670593811e-01
-7.154725590945892888e-02
5.855458217045954594e-01
-2.259708923920602797e-01
-1.195701969175176904e-01
-5.479211465360662725e-01
-9.686232981360488603e-01
-7.363868981853138873e-01
-4.493884963814869793e-01
4.252827172311684500e-01
-1.484851693740781575e-01
-7.933262531546632079e-01
5.455018395519043439e-01
-4.086257200827075331e-01
9.404407718401602834e-01
-1.499193264582857239e-02
-1.305665729672487729e-01
-6.281115554360119368e-01
5.052785389161370544e-01
4.546775447563670275e-02
-2.447627482324507206e-02
4.870546114219460043e-01
-9.192339094082022100e-02
-1.482277836280811167e-01
-4.047854507519910716e-01
-8.244066559753858714e-01
-8.180585802586018973e-01
-5.677846707786674552e-01
-9.148900084188903159e-02
6.268173112768474775e-01
-9.526197889779641770e-02
-6.420868725556190260e-01
5.570701275900346028e-01
-1.298565196146719281e-01
-2.105628836426816919e-01
4.132116550023809953e-01
3.757997006737620604e-02
-4.773765530245304145e-01
-6.319410303307317900e-01
4.088437156848446219e-01
6.599248851927266846e-02
-5.683673772457939477e-02
6.444627050115747657e-01
-4.024120032573833550e-01
-1.430737337565372302e-01
-6.222849805714318894e-01
-6.867096857508849794e-01
-8.107501216252002152e-01
-4.318528073739429374e-01
7.286005215909439059e-01
-4.074514863478512217e-01
4.959143415682117362e-01
-1.489749443168288112e-01
5.193391686382933248e-01
1.449755304866383876e-01
-2.674215981066917214e-02
-4.854692862478918181e-01
-4.802419731050007745e-01
5.149348225292692538e-01
9.767740284174082285e-03
-2.290402360028163387e-01
4.875941463364474870e-01
-1.916914299644882635e-01
-1.720689311083940798e-01
-5.576681433747503469e-01
-8.287596373323409260e-01
-5.915732666386521732e-01
-4.216646159650107029e-01
-3.026876003923565511e-02
6.193168545735738828e-01
-5.928353509895081114e-02
-5.676694343029971002e-01
6.652176411294485892e-01
1.440752537123917397e-02
9.799467400337127237e-03
2.477811088330693634e-01
3.040802271556912462e-02
-5.087156158682174523e-01
-5.597353710674726202e-01
6.205378961954334249e-01
8.101360404188380493e-02
-1.180624598342369380e-01
5.171590771107300588e-01
-3.482545640496723660e-01
-1.512563580869662472e-01
-6.451865275711301528e-01
-4.776405481542296272e-01
-7.229348766619475564e-01
-4.812182100712789623e-01
6.885541872135813035e-01
-1.939413109725984016e-03
-8.279401404207662463e-01
4.879514217829984957e-01
3.715719602056142823e-01
6.517925161652016186e-01
-1.667959623016282700e-01
7.725173517504612189e-03
-3.158467712122393078e-01
-5.122716337152454225e-01
5.157170076035593187e-01
8.229281642017778620e-02
-1.291472085732677244e-01
6.296214306665578464e-01
-3.957880081198461575e-01
-1.194123251492905935e-01
-7.503553981492040448e-01
-3.541099430203406562e-01
-8.215566083599193936e-01
-3.659993161639387149e-01
7.735258629573217304e-01
-1.817170330732715633e-03
-7.268114837977095455e-01
6.074558402017496972e-01
-4.074701040057650270e-02
-2.429817499553066362e-01
2.900106516152817226e-01
-2.495939205078643308e-01
-1.226837836066730974e-03
-4.738123632233683935e-01
-5.355756965329226960e-01
5.412902437221024377e-01
-3.880756067308323981e-02
-2.828196144055135711e-02
4.143623613383763948e-01
-1.969437346070947725e-01
-2.504935245069916938e-01
-5.112075411570656813e-01
-8.292952673845691569e-01
-6.879712009685881036e-01
-5.338918213870956775e-01
-1.080075389193088931e-01
7.010439318217533966e-01
2.030109537566480715e-01
7.116881526009317671e-01
6.596543304011751596e-01
-8.152544757359082850e-02
3.622041817200936237e-02
1.918856672636937433e-01
6.208433200759889692e-01
-6.091146366955791924e-01
1.812094921422309143e-02
-3.991880308327882543e-01
-6.475742180289103533e-01
5.256036527722975915e-01
1.052829719020553518e-03
-9.767472770914019387e-02
4.324911150613536814e-01
-2.809171927932027635e-01
-7.995136290044829730e-02
-5.363653126603648014e-01
-3.763128537370475368e-01
-7.733359782003127458e-01
-7.198127942063038409e-01
7.017322446244769751e-02
1.557011772951789330e-01
6.032844576596980701e-01
-3.321111793818092017e-02
5.431283164005472619e-01
-6.628841652683677976e-01
-5.475603410250204361e-02
-5.011711146601635081e-01
-5.261265719277690156e-01
4.618770231947259552e-01
4.010997189478394259e-02
-1.032389074229139031e-01
-1.464440296158940613e-01
-4.148914730246511251e-02
-5.189134494960795374e-01
-7.629597236235123869e-01
-6.300264927537611026e-01
-5.093203213707653276e-01
7.441548213877255957e-01
-1.152008337210323925e-02
3.718561824506221303e-01
6.134145517852519491e-01
3.314158663727892473e-01
-3.968760568632023200e-01
-6.026855888008269407e-02
-6.756415142459998302e-01
-5.488707179842968742e-01
2.359284214057703610e-01
-1.445373873790097019e-02
4.083068658234911136e-02
9.543985512615335010e-01
6.556899694975484305e-01
8.911856936442903721e-02
1.031263668759800495e-01
-5.761464756574934398e-01
-5.472286784312514474e-01
-6.392664805825114538e-01
-6.264207454213170934e-01
5.774976499338799751e-01
4.483553036057691399e-02
4.849541441603213987e-01
6.624688712481964226e-01
4.770705734160164968e-01
3.284495111980502702e-01
-5.968435769104640798e-01
-1.511128567273339052e-01
-5.991486881808707476e-01
-4.766007214518028778e-01
4.005413737306316446e-01
1.753060171102928944e-01
-2.039798701227867050e-02
7.934773556049806720e-02
5.804067008641501380e-01
-9.502517153983731923e-02
-3.689139179067065788e-01
-5.820521759571368747e-01
-8.555546624767225161e-01
-6.656379818450831598e-01
-5.198322569018071215e-01
6.179762921663558561e-01
6.478593773837980352e-02
-7.989075671323611072e-01
6.850249846110256779e-01
-5.391974601395668060e-02
3.908802183208138215e-01
2.351762257067228357e-01
-4.119445382340278794e-01
2.082679474936698430e-02
-5.757630637450811273e-01
-6.606500381191714455e-01
-3.392195290674107633e-02
1.340134784722420147e-01
4.832552518188590329e-01
-5.879579489453763408e-01
-2.948708132615569452e-02
-6.113910357957683672e-01
-5.580332435536274893e-01
-6.647909356028853800e-01
-5.687861025651200775e-01
6.367238188693072898e-01
4.917919523071654503e-02
-5.879920629595229986e-01
5.097019104222795249e-01
7.217676178573575463e-01
1.160297238142652676e-01
-5.467127356986992703e-01
3.482087148158315507e-03
-4.310652292113582029e-01
-4.707850926684871706e-01
6.371133165510675100e-01
1.438594691554028748e-01
5.830916322751802383e-01
-6.269462873049769236e-01
-4.782818027243194992e-02
-3.030509989801819515e-01
-5.364422937815193082e-01
-3.430893390958013045e-01
-6.025173009326040274e-01
-5.585957111228949667e-01
6.059365097276605550e-01
1.615768676704176440e-02
4.974977094084306883e-01
4.932472185663284159e-01
-1.556603443746987503e-01
3.061238418615324156e-02
6.091755091842346870e-01
-3.506760142736563557e-01
1.572013029744118509e-02
-5.936355591645483543e-01
-6.044136643189923497e-01
6.197917682992447608e-01
-8.170829399423912287e-02
-5.501887767200194443e-03
9.161727229455518540e-01
4.571827225550815776e-01
-4.297370005338012611e-01
-1.945381121458144291e-01
-5.875635252997901681e-01
-6.984253603330972116e-01
-7.420820500665066266e-01
-6.278025485824527685e-01
5.116469430940427943e-01
7.514836917613029743e-02
-8.784149066572095599e-01
5.986313257789448450e-01
-2.339069808387521654e-01
1.034729279775363636e-01
7.050153937927176040e-01
-3.443226597910482578e-01
2.258383510956661275e-02
-4.491621214629779590e-01
-5.692093860158591312e-01
5.136627150867241198e-01
1.067443955418496959e-01
2.461856527461001032e-02
5.453796967170350118e-01
-3.221032476476380357e-01
-1.620245367190691066e-01
-4.352148374401918623e-02
-2.886128983296172845e-01
-4.691720176108422624e-01
-8.347507766052529865e-01
-5.103372985022802677e-01
7.233593776599127612e-01
7.707212328602321139e-02
3.839165002964678441e-01
4.199867200730724726e-01
-6.544400005695187594e-02
-1.726159090171137389e-01
-3.999488464320174463e-01
-5.175904759850410985e-02
-5.702269623836080381e-01
-5.514213301660084721e-01
5.662135185855730057e-01
4.012150192157629691e-01
1.564255067234743835e-01
-6.966237488505253039e-02
6.265498173823067507e-01
-4.156189397928861107e-01
-1.110921809384717435e-01
-5.178452595103706368e-01
-7.781115800673641392e-01
-7.860888627545312701e-01
-4.020549940885073115e-01
-1.595046690818265611e-01
5.984252001346374028e-01
3.101988458333389612e-02
-7.984547753007474880e-01
2.846146095865484393e-01
-1.933625236678996329e-01
5.416675695624229014e-01
1.015467074822357096e-01
-3.095493542095830233e-02
-4.382027397150736192e-01
-5.581867696459076322e-01
5.296220538470874928e-01
-4.789068659731278710e-01
7.316159554683829835e-01
1.925356592812804135e-01
5.067745890673218678e-01
-6.368492733652959537e-01
-1.617468858320023073e-01
-6.081626778258220067e-01
-3.035091784869677345e-01
-5.819479625373530363e-01
9.864106726680533788e-01
-6.028300057278997981e-01
-2.005897538487385334e-01
6.203576179127764378e-01
-6.382021185307668043e-02
-6.401630672850403547e-01
6.803976925650858654e-01
3.800710849716172346e-01
-4.031340948614538927e-02
1.126911083403118047e-01
-5.478802735359872278e-01
-5.941182846120787175e-01
3.851758238856896055e-01
-4.058527848286855311e-02
5.691315638906295771e-01
4.075119353467666905e-02
6.220429195769118236e-01
-3.900081080461431648e-01
-1.478967113595875960e-01
-5.862690677378414872e-01
-5.396145849561025942e-01
-6.440259653622374403e-01
-7.260911094789064268e-01
-8.648493861631920132e-02
6.024186323571876223e-01
-4.741773533186492695e-02
-6.677949907097212590e-01
6.517401843728733990e-01
4.245107218854480280e-01
4.099548904153401674e-01
-3.820019952416408016e-01
-1.081898837439362188e-01
-3.794924050462318843e-01
-5.696518526634457569e-01
4.555396363094499912e-01
-4.449165684435498758e-01
2.325588885905945924e-01
3.572769083169901466e-02
7.031177468261831098e-01
8.499846782147091329e-02
6.349519888054251382e-01
-4.968594152193549496e-01
-1.759473908334129588e-01
-7.294852113728563792e-01
-7.011979837502481105e-01
-8.144534297698943215e-01
-6.272910987379393122e-01
4.676197054667492470e-01
-9.335950571058293512e-01
5.780847887384439332e-01
4.275021952247723966e-01
8.512521969322443816e-02
1.064530266768887040e-01
-4.632782337441015974e-01
-5.108629651007799977e-01
5.279330077680757238e-01
-4.004064255688367102e-01
4.992040295827684937e-02
6.654326503821278438e-02
5.574234367090334930e-01
-5.157049597672387353e-01
-2.497741585577180901e-01
-4.884667718061470598e-01
-3.943901606503507073e-01
-7.394191013182511707e-01
-6.415234597507013525e-01
6.021012212495663318e-01
-5.225928933757794520e-02
-9.609120251096732179e-01
5.479836437932258386e-01
-3.631516432138546385e-02
5.390798863135932706e-01
4.076782250079835079e-01
7.198870431698871641e-01
1.206568956874245896e-01
8.426711218163744632e-02
-4.419096796876968991e-01
-6.647148831741412911e-01
6.003427400304340855e-01
-3.777946528288760319e-01
5.731429677493286162e-02
4.417163882722944246e-01
-4.692858821151220661e-01
-2.763505312067520148e-01
-3.122857062403869843e-01
-6.001815028663713969e-01
-7.386924659402692717e-01
-4.137724868083784147e-01
5.320764987064422469e-01
-3.719704972192395404e-02
-7.171055941473873929e-01
5.348456999582779092e-01
4.868837374163050846e-01
5.561272483573576064e-01
3.685689642394643917e-01
8.624027510477798308e-02
-4.655706595510626378e-01
-5.369924267498281667e-01
4.510489230265523619e-01
-4.317145964277457892e-03
8.057643319756824241e-02
5.456848869570251059e-01
-5.074260110748340935e-01
-2.776745982431627069e-01
-5.074917854106328896e-01
-6.240827706216822701e-01
-5.546545926878773125e-01
-4.593253344319216946e-01
-2.332540160443293334e-02
7.668141489071362837e-01
5.002686162580014667e-03
-6.545336576796982886e-01
6.230364466011026892e-01
-4.986613298954315279e-03
1.880608921909694697e-01
2.152645227593013022e-01
-5.338811379016529697e-03
-4.351177521570727680e-01
-5.881247634249476830e-01
4.888245132445219188e-01
-1.548575080893408729e-01
1.714000433357664444e-01
4.896467404732954831e-01
-3.203960310529037625e-01
-6.014663087444239303e-02
-5.612811510694317718e-01
-1.221349977328624187e-01
-6.764014000245281988e-01
-6.632665723090790388e-01
2.699640210707532004e-02
-6.072706270096492887e-01
-1.152056705672368647e-01
-6.746594061273790688e-01
5.483497385493879550e-01
4.453925930825600177e-01
6.314527377750180914e-01
4.199858369237122746e-01
7.731974161572231774e-02
-5.945666470625978750e-01
-4.581713570858169104e-01
5.527046447889777392e-01
-2.271009583586433220e-02
-1.003371785077636531e-02
5.807290570436621779e-01
-4.739234178010970355e-01
1.359416854852020518e-01
-5.219729673663625613e-01
-5.868526626799221990e-01
-4.000224456276612051e-01
-1.041363912519798450e-02
-4.600631808851065041e-01
1.957282046865941039e-01
-7.677373209091629125e-01
7.646764674816164398e-01
1.464001770361372246e-01
2.947369312179158318e-01
-3.135714983175977300e-01
-7.467053155043602841e-02
-5.111279123599578034e-01
-5.803776290286104533e-01
4.559314280905257810e-01
1.557113714571852769e-01
-1.013986926670844835e-01
-1.550922925279040465e-01
1.034962002616275634e-02
-2.519096898068708956e-01
-4.451866576709473389e-01
-5.720863030971148344e-01
-7.028215691128251175e-01
-4.099444745344479890e-01
-9.528269130879284121e-02
-5.296336559704267755e-01
-2.290691565426003495e-01
7.222275347766914377e-01
2.679577208542512357e-01
2.749230428102888979e-01
1.989271179917022347e-02
-6.760963292538442193e-01
-5.128474780084557594e-01
5.321853223806414235e-01
1.267065324813652361e-01
1.522365547877497227e-01
-6.429310806902204245e-01
1.051019052389795955e-01
-4.773748337419350674e-01
-6.805619528349933223e-01
-5.176404946082679981e-01
-3.566485178120486488e-01
-3.226477894335330054e-01
-9.122369491458691415e-02
-8.541524653585909066e-01
5.947896235070414539e-01
1.727811776464727445e-01
-6.282594718179866644e-02
9.355356875163672870e-02
-4.220151604452366256e-01
-5.458285989147134698e-01
6.116790454945231215e-01
-1.205341390761960479e-01
5.664318001126180668e-01
-2.916027801393297203e-01
-2.796109221653069604e-02
-6.549694301025089649e-01
-3.505790838628954909e-01
-5.355312339657251064e-01
-4.992111408299275688e-01
-1.841198202690987051e-01
-4.554227301966980446e-01
-1.225978178321387863e-01
-6.741041566130445695e-01
5.623357601685241569e-01
-2.022943419041856386e-02
3.752347921759255356e-01
5.806740801615638548e-01
-3.047057879053187146e-01
3.197313104062388806e-02
-4.855144227979477645e-01
-4.753491999784939526e-01
5.104373635155293742e-01
-6.146168092552238907e-03
6.966266004484727992e-01
-4.665052185283821012e-02
-3.067038558945487936e-01
1.019903634418541233e-01
-7.492758483590505891e-01
-5.909742123930906699e-01
-3.421743662336244607e-01
8.415207082897671054e-01
-3.245968284219930000e-01
1.922159431994858725e-01
-2.937580570994666532e-02
7.337345668260636389e-01
5.879069932445045721e-01
5.669923695082851323e-02
-3.231639257781097618e-01
-2.891508311716532720e-02
-6.218391953752891999e-01
-5.835520149895705444e-01
6.788008456485734587e-01
4.105424281684184190e-02
2.178305289674935530e-01
-4.604246969550919166e-01
2.043398080216267398e-01
-6.021043633264717698e-01
-3.271900836572973481e-01
-8.117156438974146848e-01
-6.753680025785397945e-01
-1.409937786957244921e-01
-6.547575206225360045e-01
-1.074301491674155562e-01
2.977395134706410929e-01
4.691487039266925563e-01
3.345480956255967309e-01
5.377755200209387576e-01
-4.910340189105866782e-01
4.344604702066350022e-02
-3.480536698624089320e-01
-6.670045830152165900e-01
4.900437059179955090e-01
1.602981779905812976e-01
7.927214364810033498e-01
1.021751933556473840e-01
-5.962505354482753317e-01
1.866330492453243950e-01
-5.680997280783588455e-01
-8.162616677249365793e-01
-5.919820541983817908e-01
-3.818665707172347878e-01
3.888453642068207539e-01
5.438737911849481632e-01
1.885496905189435191e-01
1.450553897789109148e-01
-3.296323325026415813e-02
-5.021390254892587057e-01
-5.511456411451535198e-01
4.642013425715698083e-01
1.539082708665599208e-01
-6.878885654746093314e-02
1.138832291050365930e-01
-5.623954525802449256e-01
-8.623484378253698512e-01
-3.997975859150078581e-01
-3.111117640882151703e-01
6.144664953370040927e-02
-2.432297597311658399e-01
-8.904065167832857230e-02
-5.491154256289636493e-01
4.960030936120427558e-01
5.529162687054270942e-01
-5.339237862503866117e-01
1.689884799627789855e-02
-4.067838961561003330e-01
-5.437995581511214649e-01
5.648103526915430050e-01
9.160765956574574292e-04
1.287235612614880675e-01
-2.964967069182368187e-01
1.679126084225219251e-01
-5.820134393303618703e-01
-7.700890573040213294e-01
-5.803121999783988905e-01
-5.338191102469689309e-01
1.742417247924529788e-01
-5.964996649399690876e-01
3.922898854836770477e-01
1.626674600168473428e-01
-3.305652703124262182e-01
6.887295700836199019e-02
-4.686034506605687988e-01
-4.637977402639669733e-01
5.127459343315327045e-01
-1.360764364419465022e-01
-1.705682560886539675e-02
5.232888962405767286e-01
-3.800291481870786137e-01
2.707169250861143645e-03
-6.466288306110952178e-01
-9.206531615311697170e-01
-4.425472597725229051e-01
-2.980695312856434520e-01
-1.786240462990192415e-02
-3.308560050975682398e-01
6.947420939909987325e-02
-6.952614640228209630e-01
5.637669492489966183e-01
1.029158580727880107e-01
5.622320859485188116e-01
5.349389487097678392e-02
-5.396795764651199923e-01
-4.793958116869533326e-01
5.722305948475234771e-01
-2.876699088977189844e-01
8.265381300364250949e-02
-1.872173243175744017e-01
-1.366164196828663080e-01
-5.976132973782725122e-01
-9.454029720802070713e-01
-5.522752261385637240e-01
-4.219246818878616967e-01
-5.885704574746208895e-02
-5.246254556619655007e-01
3.870013308893997528e-01
2.060618623377265812e-01
4.126064621826868173e-01
5.770903219282725871e-01
1.786709001787063072e-02
-4.093447751405304147e-01
-5.109260614232503661e-01
4.462983958378784477e-01
5.725912432324754553e-01
-9.964325556383687998e-02
4.574237531433932857e-01
-4.512359714121882415e-01
-5.276398695972470132e-02
-6.235447451898038507e-01
-6.523959119604181289e-01
-4.519454710291270771e-01
-5.157818887288542209e-01
2.616333009954108484e-03
-4.132006362332212857e-01
5.042579731067422522e-01
3.367024191943674971e-01
4.713564762544008024e-01
-5.084826189130772223e-01
-5.731452849926495924e-02
-2.976563249975978098e-01
-5.219672195049375185e-01
5.197914190383179367e-01
-4.537046048660023367e-01
-6.366467641520549836e-02
4.741220459089844907e-01
-1.369441752369702225e-01
5.829478793040353268e-02
-6.401902913657941951e-01
-7.875212417661863196e-01
-4.176772253235586096e-01
-6.142630417293138967e-01
7.304827622887609395e-03
6.662508976559838869e-01
5.127276138662826277e-01
5.056111432940024741e-01
2.156365472578672948e-01
5.931188633427295076e-02
5.733954247245751958e-03
-4.819249669988758811e-01
-4.616258941120489068e-01
6.561795596322069768e-01
8.356812323569752510e-02
9.135573574603363112e-02
-5.254459506181514694e-01
-1.355384849359103638e-01
-3.660041288135119641e-01
-4.100120377706688024e-01
-6.291314975325589254e-01
-4.399052291596703967e-01
2.330265787379004749e-01
4.133404950426085578e-01
-2.116078540941523645e-01
-2.090647741845188812e-01
6.402804085828056602e-01
-1.049730742386102839e-01
5.056200373488465294e-01
4.293705709198551435e-01
-4.752964773391296638e-01
7.633259917783763449e-02
-5.977641961700286277e-01
-6.184870530957072843e-01
4.858636696495275409e-01
-4.304949446947317626e-01
-1.046965423391868627e-01
-3.162915254299904222e-02
2.935478118010484416e-01
-3.884597587625049919e-01
-1.878724912548324355e-01
-5.980844573749333204e-01
-4.852491270005021562e-01
-2.295471506741916801e-01
-2.437236552860358174e-01
6.974556149970624341e-01
-1.950617180141413498e-01
5.861609374794527483e-01
7.230575205564334640e-01
5.480926251682080030e-01
3.383884282368229690e-01
-1.097663498770674317e-01
8.892864072419496071e-03
-4.516029213404881282e-01
-4.676692954559446558e-01
4.570739229367646317e-01
1.510379207015102310e-01
8.289710061986432788e-02
6.290788810451221069e-01
-2.967925857190529260e-01
-2.036865670838033937e-01
-4.755164725224103051e-01
-9.301865125228929720e-01
-4.210114057562736045e-01
-5.801907851909434699e-01
6.265939383407505003e-01
-6.799908310084992746e-02
-6.565949763997829258e-01
7.358201964589358157e-01
-5.587600438438295597e-02
5.306532947513802334e-01
5.051702060700302699e-01
-1.035336800558853271e-01
9.297927764860100530e-02
-4.857949193967124879e-01
-5.658431630967912795e-01
4.823924600706204768e-01
5.547287141098014573e-02
3.913264350735953245e-01
-6.351105361273360339e-01
-2.782217785417253481e-02
-6.211626649221279051e-01
-4.504398912089407903e-01
-4.718011899996610858e-01
-4.824776571207280429e-01
6.435950498118345742e-01
-4.336863851295858635e-02
-7.677549075579493953e-01
6.995051547187225438e-01
7.518698902716141053e-01
2.435289857789827428e-01
-2.428397959132926331e-01
3.836721513421791768e-02
-5.283070480791842716e-01
-6.818611003578799457e-01
5.911445779815360790e-01
3.972502410875369816e-02
5.452824000666383064e-01
-3.914997101477183938e-01
-1.074016747635521130e-01
-4.072022803051171813e-01
-5.814719166810320417e-01
-4.285352964230136341e-01
-6.699686636995627609e-01
-1.217756112687631842e-01
6.495352573152933795e-01
-1.708751433632370587e-01
4.625725055342527203e-01
4.674496777933973557e-01
7.685008874064858109e-02
7.683526009773746779e-01
6.530651488088579093e-01
5.318579038023804051e-01
7.523574933317246638e-02
-5.011042184975621483e-01
-5.186472876611781802e-01
4.079009253512450583e-01
5.393690373476200950e-02
5.676544163036219282e-02
5.063038887096126262e-01
-4.474985385783586955e-01
-5.499779175702231016e-02
-6.103123447029812354e-01
-3.668274532566011548e-01
-6.604206205285093612e-01
-6.790849981816656777e-01
6.133484463910379159e-01
-1.056426287680265613e-01
-8.884809830964278676e-01
5.909749634146138630e-01
8.844595093628491167e-01
3.676134595224866963e-01
-7.578593534580035929e-01
1.015551581918255376e-02
-4.308336601154615364e-01
-6.309424668813951032e-01
5.681805571518585563e-01
2.832090588678523937e-02
4.158426692288450521e-01
4.460781621978781447e-03
-8.775862112026852624e-02
-5.529768593488023631e-01
-8.461270313812904176e-01
-3.250703508655262697e-01
-7.535633559671301995e-01
8.806816993816080075e-01
4.448504019423740047e-02
5.088723229729725794e-01
7.663663684127047793e-01
-2.585751623488523609e-01
4.580649111332139589e-01
2.769063054721712103e-01
-5.606936991816434401e-02
-6.919049296701793028e-02
-5.398029901553039744e-01
-6.844364086721688167e-01
4.845605798844104806e-01
-4.247266509433668402e-03
6.188451230751612631e-01
-3.364990882557219454e-01
-4.829680927974065452e-01
-2.820591917779805002e-01
-4.911466183096976357e-01
1.735517802256805187e-01
-6.651944456422933527e-01
-5.009105428685028949e-02
-8.912794730984813230e-02
6.057298701268733210e-02
5.734573879758056991e-01
5.355362136551873320e-01
6.241058025661972986e-01
-2.000883682569834510e-02
7.211183245354207960e-02
-5.434395658457562561e-01
-4.999293743933489464e-01
3.819699778612671293e-01
-3.214587100522586227e-01
5.773987067191892475e-01
2.374383520476901488e-01
5.704523876124418802e-01
-4.759851865405027027e-01
-1.951497618653627308e-01
-5.899299312739921808e-01
-5.611380387033558792e-01
-3.352702699131096531e-01
-5.228622291479394502e-01
-1.902101908761621163e-01
7.451735902299245762e-01
-5.898713820241215100e-02
6.059031987275079745e-01
8.958496056784611694e-01
5.793493002426426397e-01
3.427987835069331579e-01
3.809149376558992328e-01
9.822233495551868643e-02
-5.064236671374817700e-01
-4.884664836243007846e-01
4.458525608776019999e-01
8.648931299934897732e-01
3.505812056788988607e-02
5.108146112235919523e-01
-1.824321006372325027e-01
-1.711975280540859179e-01
-6.227522110480905315e-01
-4.236559451168661616e-01
-3.827305524597380271e-01
-4.264671221935381062e-01
-2.662268805914281278e-01
7.913449496875492040e-01
1.463113031253043539e-01
-2.804832829056990717e-01
7.631075694032722900e-01
5.297397166967501292e-01
3.800414645052702101e-01
6.152179733140227258e-01
-3.761307225014019068e-02
-4.762306697203337880e-01
-5.886507921619927863e-01
5.089567312339587923e-01
1.197466557707828338e-01
-5.647229260325738187e-02
5.131466656626297862e-01
-3.670672397843188772e-01
-2.598222220427640616e-01
-6.112010839213586344e-01
-6.449478249231525018e-01
-1.940431154216715470e-01
-7.045230377820947965e-01
-3.877397396738017921e-02
7.771381046986256536e-01
-1.131328800261653666e-01
4.743637847850600830e-01
6.410079100612356973e-01
5.069026659895683462e-01
3.307382524329666867e-02
4.810864959128915430e-01
3.056559878074672360e-02
-5.553308243182498716e-01
-5.619877471612737541e-01
6.462361286034740138e-01
-1.178946958705561071e-01
5.189374548282962296e-01
-6.518003148822995585e-02
-1.651088977878997777e-01
-5.937888244681475136e-01
-8.168573706586956806e-01
-2.734270544726104535e-01
-7.543331676951132714e-01
-9.283009119273818999e-02
6.742806361934724491e-01
-1.240616455259894724e-01
1.487950026396282488e-01
8.967515824570598815e-01
7.569200898144203826e-01
3.904696788212475012e-01
5.314082505317455629e-01
-1.843201563263579396e-02
-5.532563481421560736e-01
-6.981400628526849284e-01
4.631818488382615229e-01
-5.076278188282661724e-02
6.067681840949792349e-01
-4.839098060421083702e-01
-1.704967903517847772e-01
-6.523008949093732634e-01
-6.215747583444570790e-01
-4.689653548876371314e-01
-6.231153163404521411e-01
7.278523048686352803e-01
-1.077514664433997793e-01
3.331840977131905746e-01
5.889452865890889566e-01
6.130950624064804844e-01
4.972336389868045603e-01
-5.376981911989362484e-01
9.009611874880045501e-02
-4.225854999824895097e-01
-5.548165146708905482e-01
3.845591760547614757e-01
-3.717599866317355395e-01
6.559385066975319256e-02
5.668837373003977609e-01
4.327783431116138252e-02
-5.747256156359954460e-01
-1.728795492600999351e-01
-6.080432322266430267e-01
-7.427082572560040896e-01
-5.857749708618035234e-01
-6.670747047584982825e-01
7.062980558125050434e-01
2.286321286363751648e-02
-8.528892841058440810e-01
5.294315679866338220e-01
-5.883955656345494223e-01
4.695643396575446826e-01
-2.814151873330988374e-01
2.518364008459492848e-02
-6.149366710127918134e-01
-4.560341070096197158e-01
5.054932948136454662e-01
4.671121892594350296e-03
-1.134067358668614522e-01
6.742136152614517375e-01
-4.306987376446290150e-01
-2.156196771923507283e-01
-5.110673814243963387e-01
-6.761377646760496907e-01
-5.717964057253263066e-01
-6.636982757984446479e-01
3.140079340796638613e-02
-7.281149773903075051e-01
6.674093561919482998e-01
7.929091068933810105e-01
4.841120920333642497e-01
5.195058187026948548e-01
1.401314504739861397e-02
-5.559292445096308821e-01
-7.162001649758555910e-01
4.542965426175674115e-01
5.533496258427827302e-02
8.406211675163130503e-02
5.612448557625022705e-01
-5.365370536278872837e-01
-1.381949764072962494e-01
-6.074759161594360801e-01
-8.105972675603683175e-01
-4.305376779919793395e-01
-3.760182254027421567e-01
1.422082713174610893e-02
6.401412887101551874e-01
-3.622728605801370932e-02
-8.445630185982558880e-01
6.035275634083628882e-01
9.042168721465455583e-01
7.025663920843289167e-01
-5.815523682823620089e-01
-1.080313777686810889e-02
-5.391828895553117951e-01
-5.945202430643559133e-01
4.156336610093475659e-01
8.425941394629717085e-02
1.764861149162098852e-01
4.855159582713701183e-01
-1.312120871607903305e-01
-1.511795748819731722e-01
-5.816561493003501448e-01
-5.725535013900964199e-01
-5.897572106049236984e-01
-8.377797915116874661e-01
-1.884164628997222340e-02
5.633521222352780855e-01
-8.917080247393935344e-02
-9.618286893672550741e-01
5.642388998812929435e-01
-1.483753193825023964e-01
7.799630001121722334e-01
3.470005638162286243e-01
3.680552056099224700e-02
1.010582117005532320e-02
-6.599272053726686904e-01
-4.768609456450054185e-01
4.819855193344575461e-01
6.697672871015619700e-02
5.101917932870670969e-01
-4.355385307073482773e-03
4.608462389856580188e-01
-1.480504335552874362e-01
-1.765270011722093191e-01
-5.637705311410977638e-01
-6.087122201189764104e-01
-6.241483354791620419e-01
-5.170291072096374618e-01
5.305174274165058712e-02
5.854574428077610193e-01
3.999755866868611592e-02
-4.859344164788151343e-01
6.034349656885974467e-01
8.150904213321661373e-01
4.919235720393730360e-01
-5.535438572950978492e-02
6.742186250776101286e-02
-3.990574221199500449e-01
-5.963072536321184502e-01
4.957700882426299138e-01
1.099832655458183629e-02
6.317645357726191513e-01
-4.145554389205726720e-01
-1.820159964048369966e-02
-5.222999493380017233e-01
-5.560448589053059720e-01
-6.361905815890929183e-01
-3.699885033595999850e-01
5.738980784780193245e-01
6.637710963595289115e-02
-8.244976833378402370e-01
7.365777308461973760e-01
2.326210180935089911e-01
-3.981971775150103254e-02
-4.501651587417263567e-01
-3.963028665134314954e-01
4.901684879611926116e-01
9.958538094710181476e-02
-4.191189067605348706e-01
-1.220528045899119535e-01
-5.469417212611439316e-01
-8.627573385096881653e-01
-4.667647620080370707e-01
-3.994896607180906112e-01
7.003482586564120371e-01
-7.281494190804099764e-02
-6.407575388935669025e-01
9.264705283047928175e-01
8.864409318261607940e-01
-4.497368887433048634e-01
9.148372594311884876e-02
-4.982601999430616435e-01
3.962882315537236133e-01
7.703596111278976366e-02
1.267621360648571449e-01
4.736627430328729793e-01
-5.898738492031169178e-01
-2.711166200774889345e-01
-4.406318573713126074e-01
-5.821922784402420170e-01
-5.910689982330564751e-01
-3.236932604372956268e-01
6.471032702186592100e-01
7.726178756496022704e-01
6.644647320230528953e-01
7.639394464417366137e-01
6.371633879885199025e-01
-5.178525467732157939e-01
5.525324469726002052e-02
-4.415173785511209981e-01
-5.919570721586016049e-01
3.466706654099094287e-01
4.876941706292785977e-02
-1.316701654381939868e-01
4.981976645679871418e-01
-5.256960746612832081e-01
-8.190487858774200824e-02
-5.945833551291451746e-01
-7.729284064875874272e-01
-7.085975967171913581e-01
-7.384795695264076976e-01
2.751863432078373584e-01
5.967242888622290575e-01
-5.797799497140749408e-02
-8.443961403846852454e-01
6.277024984382980621e-01
9.280023737528676486e-01
-6.781440551861342980e-01
2.810306344934020845e-02
-3.658486622716621284e-01
-5.193412726669899282e-01
4.386006754503928851e-01
1.952427187930759755e-01
7.675412165634931672e-02
2.461470423072626146e-01
2.934272137372513356e-01
-3.488786744518349026e-01
-3.381304092729487398e-01
-6.984165054328232980e-01
-4.611124081943113184e-01
-5.534587743013943406e-01
-3.024844854952710160e-01
9.145613054656698271e-02
5.732385054466526686e-01
4.767185840020258386e-02
-5.389930988920507149e-01
5.719339200753281727e-01
8.164218696580715084e-01
4.395109214529975827e-01
-5.057579495566956185e-01
2.480975896606118017e-02
-5.601689286956224034e-01
-5.091772911681327063e-01
4.832385381785305190e-01
1.924833515351091762e-01
-9.742614193025604663e-02
4.234223513076119105e-01
-4.374031602581479050e-01
-4.181208884544037607e-01
-5.433278694715172330e-01
-8.453300817153295288e-01
-6.663713258410116635e-01
-4.442530008629730909e-01
-5.274901964093939299e-02
6.565771566850437946e-01
-3.833429204522041667e-02
-6.762422538487486978e-01
7.339543106570823872e-01
8.496421859175223856e-01
2.787685112665725384e-01
-4.080899508814594401e-01
-2.184474243659120449e-02
-5.435674197883193504e-01
-6.506619797329660226e-01
5.651573720815818991e-01
8.871653345688904069e-02
-4.861450148742024746e-02
4.410310439384932946e-01
-4.462611502523331497e-01
-6.207474479391003608e-02
-6.190701285497534068e-01
-8.372128620190363302e-01
-4.606650944448671403e-01
-3.905738265579797308e-01
-1.445802258958251915e-02
6.833168101514599524e-01
1.045311194238782854e-01
-8.073849491341149598e-01
6.314823115942537202e-01
6.696208844379687442e-01
1.978583259471037026e-01
-6.899116393942376080e-01
-2.586180471341841328e-02
-4.594754584360923322e-01
-5.789965470577973505e-01
4.023568771323579596e-01
-3.743846426772399344e-02
-7.308746865125875791e-02
4.010234730295280103e-01
-6.506546510878001843e-01
-2.275339678231733387e-01
-7.295008137173970564e-01
-7.217932538358868833e-01
-5.538588478559317574e-01
-4.439655711465935184e-01
-5.769862540484742564e-01
5.763390276077183794e-01
-1.059144767825027506e-01
-9.087213300368122137e-01
5.621727733376352676e-01
8.090927491561031859e-01
3.069493441806747658e-01
-7.978058715923408428e-01
5.632161870229684649e-04
-3.205231359076009534e-01
-5.980644737693818769e-01
3.329653726136488356e-01
9.041755691270076181e-03
1.208654266821193417e-02
2.038390815205338158e-01
3.492387664952852910e-01
-5.537776389959393475e-01
-2.943236654913291006e-01
-4.998518471360227644e-01
-7.596369211899884899e-01
-4.888268696045397488e-01
-2.369880055965414289e-01
-1.128493019324231794e-01
5.063712457139117884e-01
-5.565514531652677316e-02
-9.323854629944603456e-01
4.186184583121748681e-01
8.008873299420252723e-01
8.516802661443001465e-01
-5.965264243586587689e-01
2.156896229258876974e-02
-5.441647853960860370e-01
-5.047636985939507603e-01
2.786125395816093087e-01
3.158221741828229345e-02
6.307816116319047151e-01
9.755445035177989777e-02
5.793030622311726718e-01
-6.055760507248189040e-01
-2.756674444512379751e-01
-6.148827998812147477e-01
-7.835476248790266274e-01
-4.969404993066602882e-01
9.784110651978494833e-01
-4.392580420820157427e-01
-2.371900931767937648e-01
6.638863760311807249e-01
-1.297007500052125839e-01
-8.349172863859837257e-01
4.997362671816650281e-01
9.258957599493706780e-01
6.049254076774072120e-01
-7.431232787231190073e-01
-4.347019911263440284e-02
-4.743672397507718852e-01
-5.872629090943454200e-01
6.294479691581513769e-01
5.165199047743685573e-02
4.543352381536142071e-01
1.562926142573098365e-01
-1.565284555458059876e-02
6.564844692667827220e-01
-4.641278972167282024e-01
-2.080806492537830565e-01
-5.949789229719545380e-01
-6.980715140240331129e-01
-4.567689206332774532e-01
-3.607991796784889571e-01
6.083716034714671261e-01
4.508078481900438389e-02
-7.003654653303881261e-01
6.319122673659158806e-01
7.712770364699839121e-01
-5.848545319642541873e-01
6.515248868079470679e-03
-5.997701969394847454e-01
-5.383738715490729021e-01
5.458344068373095492e-01
1.102082639349680898e-01
4.635424408807142793e-01
7.139729154675693301e-02
1.757369919376467193e-01
3.665573563289993286e-01
-1.994244889763328588e-01
-1.750562653626149823e-01
-7.493183821668528699e-01
-4.172618759736284044e-01
-6.238203071284157408e-01
-4.684585083886266821e-01
-1.732130838104588982e-02
6.063101422392191964e-01
-8.926622795971570490e-01
6.623502112662920105e-01
8.800054354598494388e-01
1.555584623242357301e-01
-7.181555481339654268e-01
-3.187170283454249242e-02
-2.327838109048088744e-01
-6.485575903973822554e-01
5.173083745681715806e-01
6.168959794636298677e-02
2.260943193751243918e-01
-8.040747972966781620e-02
4.145292095159164303e-01
1.368147402358004805e-01
-2.383316047291931250e-01
-6.303268610799439564e-01
-4.711648913942430017e-01
-5.841415191616449176e-01
-7.629867811461684690e-01
-5.912852925420074290e-02
5.243309720598386958e-01
1.696001749761132937e-01
-7.314402978470948558e-01
6.338161214733042392e-01
-2.097114795014541969e-02
2.435965483659278952e-01
3.696063692908498344e-01
-8.095237844999708665e-01
6.559254215498939999e-02
-5.982213202244174299e-01
-5.608795514011399863e-01
6.432461750453979388e-01
1.422022230087856554e-01
2.566824759651440413e-01
4.887036874982729762e-01
2.858292088258201913e-02
-2.068251807100294215e-01
3.549029605665635634e-01
-5.313273426523699161e-01
-2.457916128318222704e-01
-5.582190605755882329e-01
-7.695674637432800003e-01
-7.305604519257108409e-02
4.841819567839378835e-01
-8.298382005384431492e-01
5.027358710072012959e-01
9.310997716071103270e-01
2.360185294969616709e-01
-5.672686229600182317e-01
-5.118684658112745978e-02
-5.102920022286754342e-01
-5.473026907072117142e-01
5.230782775607377699e-01
3.543716267238707085e-02
2.169134677181881830e-03
1.074475198823871686e-01
-4.754174708424040996e-01
-7.602855357239983736e-01
-7.776286675354511235e-01
-7.061252284197213624e-01
-5.308431469721940354e-01
-1.634171684046939743e-01
1.052094918601018392e-01
9.449896227397187876e-02
-6.086041370903561010e-01
4.517062902294562421e-01
-1.277756107038983679e-01
8.152271423198287348e-01
2.842245566029135695e-01
-7.073672313830974279e-01
-1.788680404624978446e-02
-4.696323174923624499e-01
-5.195637773387049574e-01
4.691769078964292405e-01
1.564219446221636334e-01
5.734363612155169987e-01
-2.116616059815500384e-01
-2.726596977419156742e-01
-2.698388687568217814e-01
-5.070663094354872502e-01
-6.021838342571645963e-01
-2.516372545197302912e-01
-5.808536807526007983e-01
3.308752842749666367e-03
5.902589267304280130e-01
4.611621905637632718e-02
5.372611898149109999e-01
6.129159129243565429e-01
9.188945298251036675e-01
-3.785975359016890418e-01
-1.232040787507560249e-02
-4.910950636937855829e-01
-5.256181219709514796e-01
5.533953901572540302e-01
1.842697460003865917e-01
1.522713876371121489e-01
5.211231282442866375e-01
-9.987737212541933363e-02
-2.298805526169660218e-01
-5.747585103232570880e-01
-8.959886150914526670e-01
-8.093235433234948761e-01
-1.476401057933555971e-01
7.381577080766994481e-01
-3.564183570355210912e-02
-7.882941908357334881e-01
6.344473847103032638e-01
4.643200199833854430e-02
6.274273008968128673e-01
3.310969465393162059e-01
-6.785709669173366487e-01
6.608606463255571606e-02
-5.328163147676062694e-01
-6.492422491705277521e-01
4.451714790106033881e-01
1.721909729902095232e-01
-1.026167238337235277e-01
-4.198289620788493437e-01
-2.423063341820527739e-01
-5.740463488505751499e-01
-8.072282306548641539e-01
-6.836476787763037244e-01
-7.574844905018680574e-01
-2.197342219935114194e-01
6.770288913155373400e-01
-3.439186950965687772e-02
-6.566528290765438758e-01
5.535139090969974918e-01
7.731090299673917254e-01
6.267926736959625877e-01
-7.722930345365917049e-01
-3.420985390076127647e-02
-5.002943970780847627e-01
-5.276411255115198706e-01
5.788075763137019436e-01
4.400198780065216544e-03
5.165277367795220176e-01
-3.575042901100375925e-01
-3.180053675343747638e-02
-5.039379517894561067e-01
-6.289237537661267474e-01
-8.947134257866861118e-01
-6.719131917226438544e-01
-5.718867061870719359e-01
-1.162124987920624547e-01
6.993101642974345333e-01
-9.481061354407800679e-02
4.069004528773030871e-01
5.940611217372900876e-01
8.185882988490424950e-01
6.365625124711596916e-01
8.215299877927005889e-01
-2.654813405077633120e-03
-4.405824813519227390e-01
-6.001531573966283339e-01
6.107539078543714473e-01
3.300482929165787782e-02
4.977851520780424838e-02
5.595893009280854535e-01
-2.061897971567644983e-01
-5.058418544389339244e-01
-3.321769999664738737e-01
-6.608196990018745387e-01
-7.161724242136826568e-01
-5.281891751712478600e-01
-2.761458805635634839e-01
5.880444564192800483e-01
8.240738804544955887e-02
-5.747158726154838471e-01
7.279530257831238194e-01
8.126205244874175060e-01
2.005887880895738384e-01
7.987283792652575265e-01
3.424676047447133831e-02
-2.999177145781096732e-01
-5.212650732600416781e-01
5.148769274445488264e-01
-4.210549196456540022e-01
-7.559810832961876004e-02
-8.966439174961698955e-02
4.508586591679522027e-01
-2.588260493774676707e-01
-4.110844511995008221e-01
-6.106342034465277457e-01
-5.916229435956855687e-01
-8.343191118624420088e-01
-8.050397048278288281e-01
-1.965689432620129073e-01
7.279866454106288520e-01
-1.200509268461315837e-01
-5.961656507040004049e-01
6.502472411958712950e-01
7.659825592249646098e-01
3.332156556073399556e-01
6.056997029512918296e-01
1.048420458444746101e-01
-4.704739508018720984e-01
-5.926625510178828993e-01
4.218248131298373838e-01
5.490529647293938137e-02
7.440708182565735074e-01
-6.243196433330479300e-02
5.990096728065367193e-01
-2.248667550709917140e-01
-1.252672137098685690e-01
-5.576228185961144002e-01
-7.081535748352720816e-01
-5.102701350589575746e-01
-4.325920937510953634e-01
2.920149330353264197e-02
5.657819151116928458e-01
3.237817747975223898e-02
-8.729679904672286161e-01
6.878864810623770421e-01
8.983490138579227624e-01
5.550042474496106326e-01
9.490404590523054962e-01
1.075519620277049469e-02
-3.672757279742288605e-01
-6.610553332710547014e-01
5.635077861199101479e-01
3.184384768588726256e-03
-4.962144857044054752e-02
-3.426054797884434122e-01
-4.621601272848299136e-01
-5.050230389685222976e-01
-3.332129727555726006e-01
-6.535003440447495482e-01
-4.513353574136493296e-01
6.948918317060500671e-01
4.109163020471670591e-02
6.427308287561823708e-01
7.019700225343998845e-01
8.839073339059914103e-01
4.213046796574451691e-01
6.319702822563804112e-01
2.646533379478775358e-02
-3.205972428530872720e-01
-4.542718051591717598e-01
5.482325640955817425e-01
-4.366983656744679587e-01
1.369161857786865277e-01
4.481790039666470882e-02
5.791073286911129214e-01
-2.496848663509061705e-01
-4.864939728414613418e-01
-7.105739209401746859e-01
-7.245453717797314397e-01
-7.487115860688017266e-01
-6.935976266567362991e-01
-1.281336885332944042e-01
6.506464296272002068e-01
-1.187222110111209178e-01
-3.299073723810259651e-01
5.360306285898628342e-01
-1.111004849207281181e-01
6.811776465170430450e-01
4.952214075196648690e-01
6.712873963666227128e-01
2.400587511948377648e-02
-5.209780848945271270e-01
-5.132414663355379103e-01
4.991526085563646742e-01
-4.528396924950220948e-01
3.552723528754783006e-02
4.792990230444301170e-01
5.647024924114336236e-02
4.922818976455203277e-01
-3.358402137324472680e-01
-3.716745715817276752e-01
-5.836101888580275121e-01
-6.423681769551653487e-01
-7.571514855047007941e-01
-4.864918464667312148e-01
2.246908433551962070e-01
5.483520356340134683e-01
-3.675346273843427269e-02
7.605421152306337529e-01
6.768479206757562761e-01
6.512074848709370478e-01
2.219506866404774847e-01
6.543601737520633455e-01
-6.136715311935297262e-02
-4.907349927503013021e-01
-4.388172892057761176e-01
5.681200646166578716e-01
-2.050286518270414207e-02
6.755110315041000513e-02
5.428152229596180378e-01
-3.762346353386762376e-01
-2.326829451327848408e-01
-5.752374887370593770e-01
-6.108650659164932550e-01
-7.652520186709262928e-01
-6.011029042851349091e-01
-6.052755796527299337e-01
7.545300332762726603e-01
4.015524985874470432e-02
-5.505365751995737744e-01
6.126100240512958317e-01
-7.279183640085404305e-02
7.679835451498925325e-01
5.512305055517976449e-01
7.080286886993581996e-01
-8.052806807999686456e-02
-4.321166239640230611e-01
-5.744197465597999930e-01
5.534675216253870378e-01
2.357159309954366400e-01
-1.431121862293461763e-02
4.442028761353225552e-01
-4.478936164046338764e-01
-3.737467949602761852e-01
-5.397296053797684401e-01
-4.089190934877718897e-01
-4.411729967145605613e-01
-6.326126357338852646e-01
-5.592832547693512568e-01
-1.916905840848944220e-01
5.964586458771590216e-01
5.555357524271403724e-02
-9.638071345480262453e-01
7.690365202649070975e-01
-4.146478648981927542e-03
8.563682876942567690e-01
4.990809887093691222e-01
-3.845825994109556834e-01
2.341228541332011567e-02
-5.153063075227692913e-01
-5.860981627240495762e-01
-5.976175165921288057e-01
-1.150329810934354845e-02
-6.452817795100264375e-02
5.147751706465025778e-01
-3.815597702125760327e-01
-2.531188766705439464e-01
-4.978024012630022366e-01
-9.544656822913973881e-01
-7.413600471743315712e-01
-4.704589250649855448e-01
2.801461131004732152e-01
7.112123875840109521e-01
1.078835488160731215e-01
-4.942084723626974374e-01
7.943026661532170962e-01
7.431521036910146982e-01
4.961431962752916314e-01
-3.667110238072686379e-02
8.720564846419619209e-02
-5.692745595364123723e-01
-6.713124513057449061e-01
6.034939695710322960e-01
-4.088966777472296393e-02
7.515656291881928075e-02
1.848762605848201512e-01
4.391267571533179898e-02
-6.147067121352793873e-01
-2.485224757550404395e-01
-7.543789559246053544e-01
-8.969206448817068633e-01
-1.600017828689185850e-01
6.561047274110813898e-01
-8.242887354328374272e-01
6.065679540777783041e-01
6.649795638080630011e-01
5.121869312489110149e-01
1.125759242707906685e-02
9.136953190857123597e-02
-3.911850497837899288e-01
-6.525691705375524787e-01
4.695170483416089002e-01
1.024044437050917189e-01
2.341299077355332992e-01
4.511440575423839028e-02
-2.438495735419111132e-01
-4.899228459203113228e-01
-5.623696844300419828e-01
-8.055445304300182796e-01
-6.431663805655206678e-01
6.475624683163281325e-01
-7.090889582935698821e-01
6.089330700394965934e-01
2.509052362423097593e-01
8.143332132172709237e-01
7.147555082248482350e-01
5.902289834498785845e-03
-5.563124491592997822e-01
-6.272236509765817258e-01
4.913000239681067915e-01
-1.007607042986941731e-02
-3.621452899320103808e-02
4.331417276951690654e-01
-3.403639859989947558e-01
-2.356345084822225322e-01
-5.487491983948782348e-01
-5.797874201108750292e-01
-6.991530586866252506e-01
-7.124010712466239958e-01
-6.199749750442317131e-01
5.579077667844313249e-01
-6.979135031252536869e-01
6.393096045736751387e-01
2.395025629162547340e-02
6.788388981774944320e-01
4.524677725189808486e-01
-4.043303759556179933e-01
-7.169610706641399434e-02
-6.342064801996987189e-01
-4.277748040435950250e-01
4.167237978108607743e-01
4.916202441545217128e-02
7.199390495677626678e-01
1.762487503858442550e-01
6.188016102933888707e-01
3.400110252027007118e-01
-2.793438763006264591e-01
-5.735400438692737080e-01
-5.872761417065905931e-01
-8.254084422568217505e-01
9.329665684559185213e-01
-7.523764052115480272e-01
-1.135396008839514304e-01
6.539287330098870754e-01
-8.292389520081298038e-01
7.518438421233876179e-01
7.211104480073285972e-01
7.434828870838314785e-01
-4.949843980419909029e-01
1.271739499897813451e-02
-4.172304087296167530e-01
-5.204202937819928376e-01
5.777996004352745629e-01
-1.571225387829905742e-02
8.996344589780004564e-02
9.812708254711881573e-01
-2.593787782556882249e-01
-1.203413392690298317e-01
-5.692257786788453844e-01
-8.437076602464640418e-01
-7.570734709041073707e-01
-4.227726107888232221e-01
2.051580244263677064e-02
8.103237675351887548e-01
1.929501173185145177e-02
-6.818330246968467012e-01
6.398615953154657143e-01
-1.498206646375895845e-01
9.267029125804939760e-01
4.342432768992388059e-01
-4.619557235490578950e-01
-2.608085615591249767e-02
-5.518954590517497483e-01
-5.862855610345046875e-01
4.838629482549280936e-01
1.695995644171786609e-01
1.347002191940610827e-01
9.957439101485620059e-01
4.197872856960055965e-01
-2.632669503582530379e-01
-2.664369985473137303e-01
-6.119194498386510972e-01
-9.209391257974954836e-01
-7.615592818061369673e-01
-5.384706831003582828e-01
-9.310304760931738255e-02
6.114371380615868379e-01
8.151767077907862147e-02
-9.820449846731722499e-01
7.165130829651141786e-01
-5.425087748282270833e-02
7.731854151631403216e-01
2.491600103294037694e-01
-5.295170999754428287e-01
3.917715040855362929e-02
-5.288134421911984129e-01
-5.120921540417400220e-01
4.539138770950449930e-01
4.682594325737786389e-02
-4.350153389707484691e-02
5.525970387515348747e-01
1.609489081543039879e-01
7.177819855959156892e-02
-3.838139406539683440e-01
-7.092064359558682973e-01
-7.683743665640503373e-01
-2.700920043047579377e-01
-2.658873809584378356e-01
8.467045012064307319e-02
9.307623761543404317e-02
-7.660877366366749541e-01
7.020647335348346729e-01
-2.525753121777019744e-02
8.646671269328258802e-01
6.195301078044754828e-01
-6.188839197829892891e-01
-7.296649121675677016e-03
-5.280887030280934091e-01
-5.386243549551497090e-01
4.198586626742364381e-01
-2.274605653002058081e-01
1.306485152894194812e-01
1.068181542913798077e-01
7.001070406222398290e-01
-2.668974554110740138e-01
-1.140328355411308059e-01
-4.986806200622337926e-01
-5.997391148934820837e-01
-6.558802120281301828e-01
-3.420459577005329210e-01
-1.315103973898678127e-02
6.303858268533066855e-01
1.150564838091650555e-01
-8.544780248202160644e-01
7.684831391194469896e-01
7.515921926452087121e-01
-8.454885758426835540e-01
5.635679544442054323e-02
-4.131903913728900424e-01
-5.914004549642394304e-01
5.699214650025528073e-01
2.314780674493807644e-01
2.720013506574225567e-02
2.791340638947039099e-01
-3.698679841265323787e-01
-5.107171784437170708e-02
-7.074596075203594125e-01
-6.212184999159550136e-01
-7.924207727550774960e-01
-7.068777860435866423e-01
-1.418232944500652792e-01
3.552042018766822240e-01
-7.165777601699099830e-02
-7.354453859884173550e-01
7.150159902021769875e-01
8.081879282270437725e-01
5.177635127558509742e-01
-7.137447399487031330e-01
2.737783844940277003e-02
-4.471338600863563051e-01
-6.496733783817879582e-01
5.219468659297701318e-01
-1.426975734809404761e-02
6.480619457047698262e-01
2.037793642968978858e-01
4.381576562468474378e-01
-3.132968094654469127e-01
-4.010566549163863126e-01
-4.830676966804308137e-01
-6.391105338725553420e-01
-7.601610906978474302e-01
-6.877713563239382655e-01
9.589264843605879163e-01
-4.792749576237800846e-01
4.486191117468188994e-01
3.062629533155691516e-02
-7.843740717608599367e-01
7.367240102890150188e-01
9.186865045478580516e-01
5.048859186220547857e-01
-5.505116964579558347e-01
1.553874419386012083e-02
-5.024830116793685963e-01
-6.922053886662192790e-01
5.499143809976774211e-01
3.006527912762804733e-01
-1.005637938175100582e-01
4.890551589928904264e-02
5.062545593915114273e-01
-1.459072756753203026e-01
-3.042213777274639930e-01
-5.929597057066839927e-01
-5.630546725267129293e-01
-4.747354930677771812e-01
-4.499910521915531647e-01
-5.800909378093745961e-01
6.539838131688823220e-01
-7.593293756325696087e-02
-8.901141427337870837e-01
7.559386835999032384e-01
-1.450960070364357424e-01
8.626757300346027391e-01
1.393515727671374993e-01
-5.719862036124280236e-01
1.266093066089568620e-01
-5.066572498900705490e-01
-5.785558767300953420e-01
5.544451319511085607e-01
6.774338320606979047e-02
6.400622158576825260e-01
2.487416277567164047e-01
5.017148596213626410e-01
3.399514114101396811e-01
-1.370501313308682967e-01
-8.482466340870972177e-01
-7.872677810213618566e-01
-7.073523004090068733e-01
9.113609190853456665e-01
-7.800313573578194770e-01
-1.302121969975676419e-01
5.755005629060365724e-01
1.525218534953845795e-01
-8.317247484881906683e-01
5.440623213423867455e-01
-1.911698238525046389e-01
8.408280446318999735e-01
7.703435820408370827e-01
-7.196697398919120747e-01
8.004242032049189992e-02
-5.368310504095629154e-01
-5.737496311598031529e-01
6.120649797139767756e-01
1.045930189571322166e-01
3.678524636424935212e-01
-2.562212688388223469e-01
-6.848617045309907114e-02
-5.203734707208274024e-01
-7.514839525284809918e-01
-6.983293670110225504e-01
-5.567899123233643888e-01
-1.315280340619977562e-01
5.708847323912650262e-01
6.735456021722995013e-02
-8.058972295658171081e-01
5.983229147214327304e-01
8.052012019103063079e-01
5.410026824313866056e-01
-7.933459152053625729e-01
9.014556852265004361e-02
-4.957069497133053115e-01
-6.573353277802814754e-01
5.190489933322410820e-01
-1.215891788388074463e-02
7.451208627115604721e-02
-2.752060073382844863e-01
-1.305344816074824332e-01
-5.168683011424545226e-01
-6.460373120414658610e-01
-8.277758511656105878e-01
-7.090023485015070071e-01
-1.196838172890505037e-01
6.499200233065015597e-01
-3.396063118771028982e-02
-6.646065563880519944e-01
5.968879480630865375e-01
8.554944333286361724e-01
5.750550410903337850e-01
-9.021649519117856952e-01
-2.702675233659321968e-02
-3.970617391852434563e-01
-4.643572989750634483e-01
3.850071824394823428e-01
3.602300187510839441e-02
-7.998062911538879327e-02
4.398886248321499104e-01
-3.476090127064664359e-01
-2.892532152468157980e-01
-4.948097310561098694e-01
-4.865960562676855394e-01
-4.976531678507611356e-01
-7.380109646510821797e-01
-7.125957457514613402e-01
6.827674196884128133e-01
-6.048752192488259828e-03
-5.065862930380692353e-01
7.507870931937246084e-01
8.914887061900523824e-01
-7.663660692889995296e-01
6.993700491124069107e-02
-3.360958436307511787e-01
-5.049345102797532236e-01
3.257575710089165577e-01
1.670082144213638209e-01
2.796642992278553647e-02
3.827869581885009476e-01
1.110109840682511340e-01
-1.953524643605700772e-01
-6.337226960519707353e-01
-7.202489304569812401e-01
-6.329380041859258288e-01
-4.059795568175204039e-01
-5.863377973005763355e-01
-7.348457301113811013e-01
3.879216004471256612e-02
-8.185150379078365290e-01
6.826773048689719348e-01
2.955641333593723163e-01
7.853450293934367554e-01
5.884710020276220366e-01
-5.949787624948050802e-01
-4.216752411244419768e-02
-4.596826101386523034e-01
-5.340776746266160391e-01
2.706424915843930190e-01
4.793615164782535354e-01
-9.294478944907652584e-02
1.509077180491331938e-01
-1.271020757079769914e-01
-2.653575125289363984e-02
-8.053950432438045093e-01
-6.961646476781697679e-01
-4.991877393908387139e-01
-4.065962163783887751e-01
-5.853531610932388718e-01
8.321976952259353411e-01
-1.332059220096810659e-01
4.395955379535744778e-01
6.787189579214250035e-01
2.546277159892540443e-01
8.947452208388392281e-01
-7.198472991582716141e-01
-1.147319034067504316e-02
-4.995973147213392251e-01
-5.997867125466547211e-01
2.571538225734015803e-01
7.081529718119676520e-02
8.750116732509667650e-02
5.131153804505749205e-01
-1.126954303222282017e-01
-5.248401822228202507e-01
-5.365082930677806949e-01
-6.295828474310521949e-01
-4.745495484792269791e-01
-3.176095526179700812e-01
-8.448852029373974393e-01
5.920342685083839207e-01
-1.876800304613835541e-02
-7.496131426175812740e-01
6.627454273509124638e-01
-8.473558350751504431e-01
5.130475983530426859e-02
-5.153736129754568074e-01
-4.392365923437361319e-01
5.857597413567976474e-01
8.191418367797581590e-02
-7.246319891122357526e-02
2.278399435046876143e-01
-5.943259129853948330e-01
-4.707596004158118297e-01
-6.008931513283570780e-01
-6.406688413762545720e-01
-6.823078412316896380e-01
-3.727193238222523131e-01
6.996762603213554366e-01
1.105086565573901213e-03
-8.465732702852641900e-01
7.503433876372649358e-01
2.333849857367396030e-01
6.673242794605523942e-01
3.457083700643855950e-01
7.792268138343769746e-01
-8.116032886998774121e-01
1.050208077087192438e-01
-5.233524511110295707e-01
-4.657971571443337844e-01
2.808255860116495306e-01
-8.885431230287284959e-03
7.933401634630841970e-02
5.563523780930481610e-01
-4.701207558655398633e-01
5.063111110585698516e-01
-4.659396164411374608e-01
-7.753193437909224883e-01
-6.875091083056774632e-01
-6.809255472701133405e-01
5.847468282663063066e-01
-8.314039389853828954e-01
8.514462256793957629e-01
2.269749309520709135e-01
-8.781025529021165843e-01
6.245645985757195678e-02
-5.124536784263464817e-01
-4.046329035574253163e-01
4.229917895564066360e-02
7.303563154189953721e-01
1.898546436894342406e-03
4.734299846385123245e-01
9.018843805172319095e-02
-2.877905574409584943e-01
-6.444154196385792899e-01
-6.555961808352713804e-01
-8.150225392180155959e-01
-6.690404353041767838e-01
9.374988804910643347e-01
-7.943778330535685717e-01
3.589438953008984301e-01
2.515704764008755423e-01
4.768242751077538810e-01
6.718987695528737536e-01
2.325009432280958355e-01
1.365510533003507464e-02
7.849750625356350930e-01
-5.725655603089937484e-01
3.756040639615182419e-03
-4.918203062636016254e-01
-5.428373017019085811e-01
-6.885902065364810087e-02
1.318638121553503684e-01
5.765347193750671728e-01
3.613288113242084654e-01
-2.548477943837675341e-01
-5.077471797163031209e-01
-5.523230506146393770e-01
-6.098107573009529103e-01
-7.779388311047217286e-01
-8.216419234813889805e-01
5.063521927886490692e-01
6.714252235885810605e-02
-6.180310297252252782e-01
7.679498833279951864e-01
7.212423005022898792e-01
4.197861790287673034e-01
-7.547460646006411977e-01
-1.204441161483491528e-02
-4.738212538620510395e-01
-5.610552555379000328e-01
-4.862440686500975849e-03
8.703780017373133338e-02
4.547329152958573539e-01
1.876938807767752904e-01
-2.717604154627139557e-01
-6.075170519661657886e-01
-6.813157129687331670e-01
-5.379432895329991915e-01
-4.965664505126495265e-01
-7.197094267415401481e-01
-2.696174324489750695e-01
1.292470816429647784e-01
-8.023332156820246475e-01
7.440017868277071234e-01
1.537312960345272039e-01
7.055634887025430402e-01
3.819283276453249720e-01
-7.771906500507231863e-01
3.849571009611880285e-02
-4.403574188086948338e-01
-5.350060162443208700e-01
2.351252437400450090e-01
1.325699102972662247e-01
9.781148546526366450e-02
5.498338553477876145e-01
2.821938042310152550e-01
-3.989878705118155566e-01
-5.656825925218103013e-01
-7.269812716279036025e-01
-5.836742834205642660e-01
-7.298579577013637465e-01
-4.337135138617642105e-01
5.513272904684531905e-01
1.591203700262176779e-01
-9.988757370409935277e-01
6.510681625361771641e-01
-1.560522980261782808e-02
7.596845344900389208e-01
-6.567653503926526026e-01
-8.701099736248511796e-02
-4.664424115157765893e-01
-5.520963277413033499e-01
-5.089800400705091210e-01
7.943530103959471622e-02
1.918417713486191684e-04
6.975972164962759292e-01
-3.433408178758540208e-01
-1.850363443341219438e-01
5.144081138874804227e-01
-6.787736174122277477e-01
-5.130465612032422129e-01
-9.193839368239201670e-01
5.533753528772142882e-01
1.531255493186291748e-02
-4.638220699102050815e-01
5.721780287028950251e-01
2.329401095047720083e-02
7.568937603619914078e-01
4.677312080677616946e-01
-5.702620496364888547e-01
1.140176088834433422e-02
-5.979451187067162943e-01
-6.289419933226830794e-01
9.208363371203287517e-02
9.893392784542406893e-02
5.288862334504246254e-01
6.739903321752609144e-02
-4.586922432332062871e-01
-4.317328995849136763e-01
-6.517753330454726379e-01
-7.472696998299486193e-01
-7.317188653890774885e-01
-6.670793113086741499e-01
5.884793288881684514e-01
8.248856317129595744e-03
-7.669920158333776161e-01
7.469862723627993528e-01
8.351143791300623676e-01
2.524508756235753215e-01
-8.758809740269485333e-01
9.158526168724163063e-04
-5.420643227611801063e-01
-6.532106302311112556e-01
9.211736967095036921e-02
-4.512887348393590514e-02
5.608145213863053868e-01
1.543565146975753311e-01
-2.652148233434674096e-01
-5.666440235820016103e-01
-5.999923172049781428e-01
-9.826061132121748365e-01
-7.381147671785088793e-01
-8.268216897851341507e-01
6.025507853610987397e-01
-9.073773646105455851e-03
-7.344685041676425330e-01
7.161144065147413418e-01
-6.389554526473499585e-02
8.751612256902197018e-01
-8.738469846834775456e-01
-2.252033767949827153e-02
-5.870727122400207776e-01
-6.972360537433641703e-01
-4.608265180696412000e-01
9.702302558900324780e-02
5.139119060235639580e-01
-1.658281230027389419e-01
-3.631760231522088711e-01
-7.101579268530471278e-01
-5.030388752383030404e-01
-7.501512064696242987e-01
-6.986640319016471645e-01
-4.724737133892077390e-01
6.971910075967449050e-01
5.745656347256272722e-02
-7.747106341601639468e-01
6.726534890402915412e-01
1.260009342921240283e-01
8.755176556332353588e-01
-9.064885980243408969e-01
1.602041879963569254e-02
-3.337000271819133834e-01
-4.816515892076397298e-01
-4.889046430788907549e-01
1.550179041085200105e-01
-1.096768129287603449e-01
5.037149192709338141e-01
2.011690631851670297e-01
-3.977735918436877682e-01
7.961790172721316949e-01
-7.233582685558541669e-01
-5.023905401113433200e-01
-6.435985572899604046e-01
-7.969837875222076651e-01
5.428914151256409859e-01
6.665300668418712438e-02
-7.508873544470491268e-01
7.240598949908078064e-01
-5.676548544069877078e-01
-1.185874829526291779e-01
8.606845043997639610e-01
3.360741562238804825e-01
-8.558052377353377871e-01
4.538521520950857327e-03
-5.687635147044913797e-01
-4.795091623777687495e-01
4.403080463833595748e-01
1.119641826013841462e-01
8.028946718855586862e-02
-7.868665541744915282e-02
4.468146041589209361e-01
1.384315518839787651e-01
-4.735285953478122201e-01
-3.064057477300510257e-01
-6.408126141938962350e-01
-7.665822872734198157e-01
-6.272439624080361487e-01
-6.295531126711243486e-01
5.066312868057716301e-01
-4.851046606077086959e-02
-8.062457032072102292e-01
7.950179687333555067e-01
8.113410040230221165e-01
-8.008589546731029740e-01
1.135432101816569728e-01
-4.905575985892412505e-01
-5.594884981236921684e-01
4.341393680185342552e-01
-3.625377640243390015e-02
1.756896472376462959e-01
6.750376996892129000e-01
-6.027901316844989921e-03
-5.260553839724265712e-01
1.815775485137352818e-01
-5.897045644617111559e-01
-3.198414249644641050e-01
-7.959330685435566100e-01
-6.397510141799584993e-01
-2.372493586828099688e-01
6.396371635836483049e-01
-1.734980057076288829e-01
-7.631456791033337517e-01
8.396123085590690982e-01
7.077716169441268246e-01
2.817512812680661449e-01
-7.598513725374484995e-01
1.057845042024047576e-02
-3.872425265852954546e-01
-5.700562122381772623e-01
4.471513315929523946e-01
2.658110735270244884e-01
-1.177160299345041961e-01
-7.341375024367619018e-02
4.737400312134912306e-01
-9.916900257639091332e-02
-2.004268761489073902e-01
-4.737813254637525118e-01
-6.599844786285747888e-01
-7.990277518145373348e-01
-6.920075656704529621e-01
-6.475397860636673553e-01
4.894223341158300544e-02
6.721018746257088061e-01
-5.170994851715422502e-01
8.226648029694682007e-01
-1.690887011143578757e-03
8.902022053916071043e-01
-8.204768042179200194e-01
2.740635559056471202e-02
-4.960021852435996248e-01
-4.252841367392283800e-01
5.159869850100167188e-01
7.222649865766408439e-01
-2.931649112353985204e-02
5.922471255056682704e-01
-3.428985023561676448e-01
-2.014308470527359229e-01
5.571655951396621287e-01
-3.552412630473386623e-01
-6.874875931103096027e-01
-5.777007823020465782e-01
-9.205747819398447662e-01
-5.314041121362058639e-01
5.709617386698809804e-01
-2.639071609183734624e-01
7.153395197962686414e-01
7.397517060255400789e-01
-1.454301308529626080e-01
-2.318136004761331692e-01
8.273163078655887404e-01
4.270680144541266765e-02
-9.119685615389345745e-01
4.975438830857243505e-02
-4.844552381147931852e-01
-4.061322092986521248e-01
4.676007527996381974e-01
7.221458815706487400e-01
-3.648581468560558455e-02
-2.868263243559984188e-01
-1.856202780255786222e-01
-1.587515902806883872e-01
-5.359945288170321342e-01
-7.556168232701694354e-01
-8.834004507775701232e-01
-5.822654271514247082e-01
-2.935765712366801838e-01
6.537897884221616218e-01
-1.992177464874877457e-01
-6.253149678158059777e-01
7.561051021511943082e-01
-1.389997490013680503e-01
8.245464586767141668e-01
-7.354488824088569743e-01
1.900592201920505223e-02
-5.259513311947670022e-01
-5.654480079466485121e-01
4.985348216746003924e-01
7.390185185144017288e-02
5.841959990935042812e-01
8.496891191018939027e-02
4.442384705021736324e-01
-2.976804587330508234e-01
-1.452866257105739634e-01
-5.145217492954360372e-01
-6.898702466743574790e-01
-7.693248464986071067e-01
-7.226212647424068436e-01
-5.484232916862883389e-01
-2.055346344739232833e-01
5.317692600219783294e-01
-7.038825691304449739e-02
-8.596306668421648256e-01
8.599407356200371444e-01
-1.016818401856035836e-02
8.456538738667004340e-01
2.123858324563840383e-01
-6.403433622558610816e-01
5.861864270584728198e-02
-4.677233610412506182e-01
-4.103223530135619579e-01
5.215646087143804843e-01
1.072606400192976650e-01
6.620169449747241863e-01
-5.807827343613655019e-02
5.093748213453386242e-01
-4.336064222523319800e-01
-4.995768447524838174e-01
6.810895104282300716e-01
-5.874596227760555678e-01
-5.360238858462291756e-01
-7.295948149120351500e-01
9.987754231074569278e-01
-3.793706959392479372e-01
3.866298724130671216e-01
-7.206423287561716795e-02
-8.917424007407597220e-01
6.243242059065243765e-01
1.263807812418779640e-03
7.787910073242119147e-01
2.118909358907882234e-01
-8.117568294646462235e-01
-5.368747816476324847e-02
-5.074512270819488968e-01
-6.194410903953295744e-01
5.769772921101773422e-01
7.687706256289152107e-02
-5.837976401188121889e-02
-2.699197218941477017e-01
1.228057442232038075e-02
-7.856426040530204435e-01
-5.595250485689281517e-01
-7.124863876986975431e-01
-7.908841331644606010e-01
-5.399945224307945990e-01
-1.849312202362903834e-01
5.894058191910045430e-01
-1.062057410875877489e-01
-6.699529332195373055e-01
4.058779261687874285e-01
-2.680083598185411392e-02
8.812790041646572092e-01
5.490361777206664851e-01
-9.389192433640852764e-01
-2.854589327673682370e-02
-5.000273205394825116e-01
-5.241881589141185183e-01
5.094050363122475389e-01
1.179775646742098894e-01
1.193633379442099601e-01
5.126527196902982420e-01
-3.452606951215276831e-01
-2.667283793554495741e-01
5.890204470268451953e-01
-6.410151144763194253e-01
-5.595763541703236976e-01
-4.253782293567799910e-01
-5.196716729813776192e-01
6.960466299402052748e-01
-1.273995107005155003e-01
-8.107861642459481821e-01
-7.334166003194184658e-01
8.339931801883928575e-01
2.451951809822936479e-01
-8.638171469421624948e-01
8.366025150647025260e-03
-5.077841771605848820e-01
-6.029932327852413065e-01
4.574950164465515501e-01
4.413871812028137831e-01
6.148600921422826132e-02
5.474103679483445228e-01
2.485838266586225531e-01
-2.769719471519972998e-01
-6.821447131243280060e-01
-5.493134470596389152e-01
-4.167053763619747025e-02
-6.196328915156269490e-01
7.375096352970460512e-01
2.763010927134667769e-02
-1.157395952169081033e-01
1.808564532612387254e-01
8.193346434585231375e-01
5.037659108928741469e-01
-8.564598650136805436e-01
4.877006669090830360e-02
-4.503472810931783976e-01
-5.760315026138843608e-01
4.968256908840544273e-01
1.198649491704203117e-02
-9.066865687829388232e-02
5.287868283187020513e-01
-1.990722603070556040e-01
-2.096017603746532232e-01
-6.140070771209845679e-01
-6.485759032912845612e-01
2.231442077545642624e-02
-5.276547380752217853e-01
5.790070867662452381e-01
-2.052586069123061852e-01
5.449530814721087468e-01
-4.338812372626120739e-01
7.768991850449856462e-02
7.953776389608860908e-01
7.122504783087475477e-01
-8.347179466527628877e-01
-5.365338337122075446e-02
-5.152590577217376344e-01
-5.476360182808585053e-01
3.987238268945813013e-01
-4.255018229819448883e-02
5.379095415009806924e-01
-2.998541389901632215e-01
-5.001276455008819843e-02
4.847825188211215552e-01
-6.754933746640984227e-01
-7.158235192792316015e-01
1.305124647819375962e-02
-6.965083166090504374e-01
7.031751539153191510e-01
-2.120966139644638038e-02
-7.738353834725647529e-01
-8.470274913411295348e-01
1.343119033702178389e-01
9.202232025524664794e-01
4.411319477734065853e-01
-7.487878838403098092e-01
2.881761074319586641e-02
-5.142828719526385539e-01
-3.698044161649369777e-01
4.186848000391240610e-01
2.407018428067340676e-01
-9.085257924313311362e-02
3.919526806047554102e-01
-4.416609575879566485e-01
-1.874507252124769929e-01
-7.335344446345848368e-01
-3.860806689793208624e-01
-4.376989460006246446e-01
-1.769081824062866404e-01
-5.667485742190832010e-01
-1.664422503091873007e-01
3.382436564710781246e-01
-7.259566138914992361e-01
-6.655589945966008392e-01
8.671804202985748944e-01
4.183226102076084696e-01
-6.930833750080058753e-01
1.272762459434892690e-01
-6.154676340015641234e-01
-5.489167121969934504e-01
3.120015229974738014e-01
4.545768678506522109e-01
-4.116346381181455044e-02
7.482336785334471330e-01
-1.379008173868445132e-02
5.864995441188574077e-01
-1.847451472220715540e-01
-5.847183183928234690e-02
5.387463015410779432e-01
-5.682715576531092161e-01
-5.003718684065181499e-01
-2.449820918626146315e-01
-6.054361420019698237e-01
5.767542696741591035e-01
1.055198698457943951e-01
-4.494445297194823996e-01
1.260187543318068426e-01
7.574073979761796194e-01
7.403924500825389554e-01
-8.959881057466974053e-01
2.595156470806982835e-02
-6.192574342979294544e-01
-3.900030592421381281e-01
2.764225552031995270e-01
6.894778698466280664e-02
-8.039609772916376379e-03
5.223481433487044967e-01
1.651061572631984387e-01
-2.885321529942337301e-02
-6.219511686488001789e-01
-6.472206801840442170e-01
-3.030878382599323517e-01
9.854670502762095108e-01
-5.763594341679938449e-01
7.468619979951280907e-01
-2.154594576805080874e-01
-9.846838378228444100e-01
-6.831720568290837736e-01
1.479678149469935144e-01
8.504723515610785878e-01
-7.342305303709867337e-01
1.483631954046366608e-01
-6.331548585245732053e-01
-4.236431905576409918e-01
3.306673323553698807e-01
1.017589864503533510e-02
8.878620409019097881e-01
-5.380904939950670318e-02
4.713714760621476318e-01
-2.731332054896982164e-01
-1.704712694191762579e-01
-8.235810582250219225e-01
-6.678494308046292183e-01
-4.462302743743121192e-01
-3.713003415092126502e-01
-6.015644524230087109e-01
6.639220578062426936e-01
-1.790379803031715011e-01
-6.818450125337057743e-01
-6.893856136624579856e-01
-7.305163491737657472e-03
-8.677373223821129855e-01
-1.628554298345746831e-02
-4.864822651667178866e-01
-3.935184275378222907e-01
5.873054362133335315e-01
7.560265556265224896e-02
3.160954447856169792e-03
3.858823490531179123e-01
-3.537817475641789611e-01
-8.153201259734839390e-02
-5.783919105293516827e-01
-5.705166719173346834e-01
-2.949057987795413727e-01
-5.624209890268507817e-01
6.787038747685483209e-01
-5.289325331033611910e-01
-3.624669528177057454e-01
7.235889648217987136e-02
8.164098506817413226e-01
-8.086666821254328008e-01
-6.839558475795741443e-02
-5.677006735149042749e-01
-4.852760240425116334e-01
-8.708738033499264716e-03
-4.646321379358576975e-02
5.984000677738372520e-01
2.105967355530134755e-02
2.779510837799015720e-03
-8.435859634137916618e-01
-5.950167326979198812e-01
-8.358730044631138556e-01
-1.580849544496711057e-02
-8.154698624367080484e-01
6.259337745881851101e-01
-7.794885374878410822e-01
-5.905742801995153002e-01
-1.462639497311903902e-01
9.626876863471581225e-02
9.787499520798046415e-01
-8.152708799803665141e-01
-6.381501797386425479e-02
-3.461263128132213152e-01
-4.283995985534684303e-01
1.247750264687882277e-01
1.914922362040464843e-01
5.298647806352481116e-01
-5.754085581821800632e-01
-6.349024989924687001e-02
-6.332657814104857286e-01
-6.551468102813468031e-01
-1.467165325043036372e-01
-8.591610179257553881e-01
6.407501108756645802e-01
-3.931707942848641779e-02
3.177481073889140695e-01
7.736446470662734498e-01
-1.012092936294236301e-01
8.660210770395900814e-01
2.616866785754771718e-01
-8.549154449663132205e-01
1.506328488046985437e-01
-4.090083602937999996e-01
-5.785003787504507944e-01
5.453120273964363607e-01
2.640484975268644896e-01
8.515026523727810270e-02
4.459781007558986654e-01
9.229640967498142778e-02
-1.186664489189457189e-01
-7.006911301617931853e-01
-6.241425801796740558e-01
-6.082218268001147177e-01
-2.427689090707955410e-01
-6.396474952052422225e-01
6.232422838573546953e-01
-2.432280997517787813e-01
-9.102181402646507546e-01
-2.923632900116819311e-01
1.469141558902666289e-01
9.237056751568156754e-01
8.274743123447376725e-01
-8.755986425489602487e-01
-7.230497953240813680e-02
-7.016125143845182155e-01
-5.249205842119771814e-01
1.422619514508819960e-01
5.743166154999821416e-01
6.199598886427985789e-02
-1.279902610463342846e-02
-6.440780121437030825e-01
-4.442197333998418873e-01
-2.682704128671931088e-01
-7.635914260046496871e-01
7.243921145747175272e-01
4.855235206934027103e-01
-7.569650527167143261e-01
2.135920752473110043e-02
-7.999784639537035336e-01
3.432083042297199432e-02
-6.917370254833407062e-01
-4.448175399281039666e-01
1.449627874266060379e-01
4.689435220021948569e-01
4.733396309550916281e-01
-2.281285781963099113e-01
-9.130668840458744384e-02
-5.339044476869654332e-01
-4.355521741537776159e-01
-3.794267942169582963e-01
-5.780292865731816443e-01
4.471882212452927274e-01
3.490460704806056524e-01
-6.997611039441907765e-01
-5.529101296663498782e-02
-7.949055646751448378e-01
1.085116372285235692e-01
-6.481299861461625733e-01
-3.424092749465304508e-02
-5.310991432827648628e-01
-4.740092099708757556e-01
1.797964388162661131e-01
5.973329912939417952e-01
4.824967180924922714e-04
-1.047464752423166168e-01
-1.492054759081498927e-01
-3.839096270300868530e-01
-4.858028701097552582e-01
-1.392844227129677870e-01
-3.987038745933786377e-01
5.246360369882111518e-01
-2.500234331641633667e-01
-6.154476891746220035e-01
-6.090986320739594229e-01
1.783583444046027144e-01
8.957057449601566468e-01
2.460730506854288402e-01
-6.808266050174640593e-01
7.744399855462093252e-02
-3.126196086584306366e-01
-4.448118525463425899e-01
5.972117662067791960e-02
-1.384502958460183952e-01
4.859389221620383226e-01
-2.703237358596330964e-01
-1.596708755311165573e-01
-3.684705701680350831e-01
-4.286847707657079898e-01
-8.421517300258469785e-01
-1.109137284278837177e-01
-5.961687776891426704e-01
7.766691089414280436e-01
-2.186590160847869946e-01
-6.177826073693328812e-01
-5.884605053383697992e-01
-8.690266585963642154e-02
9.499089239735361012e-01
-7.301108844233135109e-01
5.512141017174668894e-02
-5.281162315608191049e-01
-3.565013171934990899e-01
1.166203173718348279e-01
2.197896786551159776e-01
5.096430203313399021e-01
-4.460956544682696534e-01
-2.687865589990373061e-01
-5.335894040173874142e-01
-6.017522951700206013e-01
2.461535124524473206e-01
-2.312323482385310325e-01
7.933638264200214563e-01
-7.130709747314407654e-01
-5.191659630444235285e-01
7.738259286876213172e-02
8.710766458833223425e-01
-6.912562841902306632e-01
1.882494071661350646e-02
-5.039667589763212607e-01
-4.986329684400293560e-01
3.690054561928284849e-01
2.935254824413115471e-01
5.192380574636269452e-01
-3.258278997159574364e-01
-1.920898857971541640e-01
7.150641707453031515e-01
-5.947664403231079921e-01
-7.743116102697686909e-01
-3.069103682000797750e-01
-8.180870226558845104e-01
3.319455537213556462e-01
-4.134150636567842096e-01
-5.816608119456853077e-01
-4.577931299321134212e-02
8.974842693025764095e-01
-8.123021385491591140e-01
-2.214389796805311256e-02
-4.558463531909922595e-01
-4.216919205307705365e-01
1.013481726454029813e-01
4.026557099766336911e-02
4.361418958703216497e-01
1.974952540378464849e-01
-1.968671981805482640e-01
-5.437867690107257568e-01
-6.419478817322370467e-01
-1.758284150365065357e-01
-6.944813042166766426e-01
4.995064105554518630e-01
-4.627816764089039830e-02
-7.188366189610781998e-01
4.249096625201818217e-02
-8.078291414861556163e-02
8.588976944075649156e-01
3.900592267612243425e-01
-8.495114539781896124e-01
2.653658237253294153e-02
-4.109410457047791843e-01
-5.447024335156761543e-01
4.027368595862331757e-01
1.321538861143893573e-01
8.278313235575048001e-02
4.351368011983306472e-01
-1.025124212072188040e-01
-2.197348596238728746e-01
6.526993375296170630e-01
-6.324831344593715432e-01
-2.568148024369310556e-01
-4.834269161629288769e-01
-5.832933789421345105e-01
5.322577355998446835e-01
-8.506890927054740204e-02
2.538044132892488744e-02
-1.678939319594580926e-01
6.439339885605451785e-01
3.454195657013124365e-01
-9.323564103613065646e-01
-4.494740068264817257e-02
-5.864230505367008517e-01
-4.576724676814609150e-01
4.626478133249733449e-01
4.431007132474053534e-01
6.552445381025324700e-01
3.127845766416777890e-02
-4.543913259321097908e-01
2.741595658840232253e-03
8.118779838748675370e-01
-6.053178092848112701e-01
-2.791183306920275164e-01
-6.932712387239540197e-01
-8.641849839293642699e-01
8.052236192174656582e-01
-4.008502118377542389e-02
1.691100556847545955e-01
-3.939050083162326521e-01
-6.017839520058003711e-01
8.138863975744725643e-01
-9.404628382390539665e-01
-5.196325740012106703e-02
-5.538171135338909590e-01
-6.284237732365032247e-01
6.336506451569198783e-02
6.669181610944578953e-01
1.199905737985139942e-01
5.534057161835997940e-01
-4.685709632264080660e-01
-1.343424020689149012e-01
-7.211664095500849303e-01
-5.900084404743318744e-01
-6.953849976558216239e-01
-4.559944950172651335e-01
9.834710193810592971e-01
-8.285041721493168199e-01
7.183697672827209502e-01
-1.217896723693726729e-01
-4.847096884016481866e-01
-3.149160815763518695e-01
-7.551444092889703086e-02
9.350686617827996816e-01
-8.794100409583244238e-01
1.246185114408313206e-02
-4.340324965810864466e-01
-5.808862626593138678e-01
3.202291192928609087e-01
8.685445436619876336e-02
-3.280356721059259073e-02
5.942218364449659562e-01
-5.223895107443514707e-01
-3.000841226298984754e-01
-8.402672083152825655e-01
-6.040254894211659620e-01
-4.516783714310717013e-01
-5.878808047193457842e-01
-4.859510983389070393e-01
6.771767704650236697e-01
-1.541881167042932488e-01
-7.881239604365319895e-01
-1.053991459436218778e-04
-5.190359807252971081e-01
1.488704397549895919e-01
8.688244682140631170e-01
-9.835046360971043677e-01
-4.240510043274665214e-02
-7.756621362356882488e-01
-4.040727337606554448e-01
-2.937506241393519749e-04
7.179061406702653692e-01
-4.948179377873962448e-02
6.609292777597913782e-01
-3.376674929797391922e-01
-3.239149752847626101e-02
-4.449454679974264582e-01
-5.937032429555862967e-01
-7.196508850221473574e-01
-7.312692149928092800e-01
6.885364441933135016e-01
-2.526910044150562640e-01
6.082785229228467871e-01
-5.500254196233523851e-01
3.544605552907516277e-02
9.207646230003141419e-01
-9.999210340636340844e-01
4.180703396392163040e-03
-5.810425717602096807e-01
-5.197188535005793364e-01
-8.337091597410953639e-03
6.950629706448776535e-01
1.027288351539655253e-01
4.953828739202221776e-01
-4.905924452610816444e-01
-5.645315064215745970e-02
-7.560254327306843436e-01
-7.181455247178611945e-01
-5.622326090662049802e-01
-9.226728321276017608e-01
8.971462504956374540e-01
-4.557988056730878368e-01
6.138414306339360360e-01
-5.453340041460418008e-02
5.590407902669901619e-01
-1.238700243369309506e-01
-3.514181238569544785e-01
8.914716901524190051e-01
-9.453181017763931937e-01
6.537324009672433600e-02
-6.307312697596740847e-01
-5.955680815803711114e-01
4.039541189502572349e-01
-2.721009405007512177e-02
5.841853649572080753e-01
-3.811497193265782069e-01
-1.979248619883547389e-01
-3.409816848143271129e-01
-6.117525974380841891e-01
-4.034164830485663655e-01
-6.408886653027120461e-01
-7.301311390660332190e-01
-4.291654108711991447e-03
-6.581096229965638367e-01
-2.924760561700360806e-01
6.060217105030372975e-02
9.080128101721197664e-01
-9.159322830595600928e-01
-6.950488714428580683e-02
-6.186554068512465365e-01
-6.741189615370344335e-01
1.572540430901544217e-01
1.941940252022487934e-01
-4.203070063028950254e-01
-1.844598033869214171e-01
-5.458297282004916928e-01
-7.543485021793183698e-01
-5.010537529245558952e-01
-4.026033040492115744e-01
-5.278208901422105741e-03
-7.810092669238056784e-01
-2.473004547834534161e-01
8.253579041669589778e-01
-8.999821914417878155e-01
-1.546904431992100933e-02
-4.588686349909442685e-01
-4.824528855271486005e-01
-6.504505303901399541e-03
7.084089551119107653e-02
5.806420509384000450e-01
-3.620718297075213310e-01
9.018852025296788047e-03
-4.909085228343001428e-01
-7.026136692329760791e-01
-7.001360052366425446e-01
-5.052468647389550815e-01
7.528907327151259654e-01
1.013919250367208147e-02
-5.636140624299081914e-01
1.631715687070821597e-01
-1.273651630342157587e-02
9.300446429352594579e-01
7.121483944392988930e-01
-8.419316879907188245e-01
1.124169399398086688e-02
-3.925783234324102811e-01
-6.423009164157525985e-01
5.638267696562389991e-02
1.446715567726677629e-02
4.711360180209459014e-01
-3.581003670896114599e-01
-1.293666051938799702e-02
-7.992757838473200094e-01
-4.988634315515347306e-01
-6.452102706990761050e-01
-6.680935999813091275e-01
5.006421949684329853e-01
-3.820527941033296376e-02
-8.336462313886813247e-01
8.311744571660537040e-02
8.432726267173064061e-01
5.447470615389788939e-01
-3.152578995122337080e-01
1.708010816491552231e-01
-5.636756008822326747e-01
-4.840620777818858689e-01
6.628465866743614432e-02
2.724884387101102201e-02
4.070022763261591514e-01
-2.131548947638713110e-01
-3.815907190228680357e-02
-5.275274574790310700e-01
-4.708775051386969723e-01
-3.567891483294542421e-01
-8.566081575643932355e-01
4.844681021721765624e-01
-1.369089645819857315e-01
-7.080906256187170511e-01
-9.788083383421439243e-02
2.800580252442569362e-02
-1.694932898507577335e-01
1.379009669883332623e-01
-5.739429503893471729e-01
-4.910512543250424300e-01
5.628227050640460978e-03
2.504945776895258977e-02
6.529209795546732087e-01
-4.118321465619151356e-01
-3.045569975464834656e-01
7.905968308746870177e-01
-5.614781525895690129e-01
-5.033212651672543947e-01
1.109323226706857290e-01
-6.537905467998220699e-01
6.551293273217675406e-01
-2.059429767346675766e-01
-5.487798573373343647e-01
-2.373655782050364538e-01
-4.806413137291596360e-01
1.071800895844325502e-01
9.311157457792149650e-01
3.228969779684752184e-01
4.944432345776429427e-01
1.303643335412500888e-02
-4.864824698412875126e-01
-6.834246548928613052e-01
2.896833331670011780e-01
5.210331153299081058e-02
-8.044649661053166270e-03
4.346376631993506545e-01
1.933460477804956335e-01
-1.385824069738043063e-01
-8.141165039870064124e-01
-6.778324144903211668e-01
-4.651007958620947957e-01
-8.751899668601391402e-02
-4.209533782221580034e-01
6.067134900565367417e-01
-9.445743918607360512e-02
-8.854312699249203833e-01
-5.012284864709087850e-01
4.046499475405987423e-01
7.994937229462401040e-01
3.179227559500156786e-01
1.852199330019554391e-01
5.410114023040135667e-02
-4.555896581287255942e-01
-4.829202429624242510e-01
5.712494248132280461e-01
8.913510939896926444e-02
9.652341573775102129e-03
5.467787612182164469e-01
3.102634173183219657e-01
-2.306879912102375585e-01
-7.630348234762885928e-01
-5.311105074599100639e-01
-4.382333177363632037e-01
-5.755452457299694569e-01
-7.246439885916449164e-01
3.378821441412896420e-01
-3.772164722930044373e-02
8.399119947042036349e-01
-1.745894438838160312e-01
3.069013461498162898e-01
9.209623684042487213e-01
2.854081089697327878e-01
6.956571047912338823e-01
3.931300651935904118e-03
-5.630837692047583332e-01
-6.039912373735687456e-01
4.427235698725197621e-01
-1.458690866815104230e-02
4.773225170221234714e-01
-1.606746273623516630e-01
-6.693046007938313613e-02
7.989560073658702466e-01
-5.928357483055327615e-01
-6.048680466694716928e-01
-1.787411694958077057e-01
-4.671344415842551001e-01
6.463915923454999213e-01
-1.140352676959999756e-01
-6.090961508530217117e-01
-4.146827390527246804e-01
-4.159425965450990192e-01
-9.035803631189285104e-03
9.856095728313978288e-01
5.668643044495860206e-01
9.319012298407545192e-01
-7.217490333606947639e-03
-5.330281086501257315e-01
-4.148949500471374452e-01
3.789858312396022777e-01
5.768833549342770872e-02
-2.890811513472900385e-02
6.272772549878654624e-01
-5.130431602228244792e-01
-6.860665816469335709e-02
-5.956827232663879368e-01
-8.042628251938686024e-01
-2.508146404140840779e-01
-6.479184057053848367e-01
6.522496453958375184e-01
-4.792366627426281056e-02
-7.305326000956429144e-01
-6.286637170848068390e-01
1.964707073605259646e-01
8.549097695898180138e-01
9.919419887179429240e-01
3.605505698016049643e-02
-3.565181408887122538e-01
-4.878806564157249226e-01
6.137669913574423514e-02
1.571804686384577487e-01
5.791530011771737207e-01
-4.256907118967681591e-01
-4.916412752913826983e-02
-8.221409866575767333e-01
-5.888656347439248373e-01
-7.430331412504149746e-01
-9.191752241908517362e-01
-5.248118728521893317e-01
6.300692330253425677e-01
-1.263336800737734911e-01
4.705142562439743603e-01
2.440574732951124315e-01
-2.804739859180033767e-01
7.756964596381396015e-01
1.918206857942794108e-01
-1.007882245614759829e-02
-6.316346003635235906e-01
-6.963329439905717733e-01
7.867341377649988976e-02
6.316655669981789956e-01
-3.932312152558835039e-01
6.431017067611796700e-02
-6.132803068186741813e-01
-7.783919056517500934e-01
-7.796883665231626459e-01
-9.879333637871029472e-01
-5.032506058187036224e-01
3.968631432382982438e-01
-7.300864201462767267e-02
-8.214513445282092263e-01
-4.764950648920133203e-01
1.762241408655361163e-01
9.831571663252541837e-01
4.247153336987460337e-01
2.573875305350852849e-01
1.126469707736998081e-02
-5.238311898216044815e-01
-6.581762431931427182e-01
4.153815010868069924e-02
7.794900892849587759e-02
5.562365969350002715e-01
-3.002118919267111607e-01
-1.498904701333014511e-01
-5.215311274778011708e-01
-7.790235829437194282e-01
-1.700764061572369867e-02
-5.993261244463856663e-01
5.274619873135999448e-01
-4.178964806698087092e-02
-5.523478147443430242e-01
5.230721371867865788e-01
5.105289281155774017e-02
8.389412819747491534e-01
2.437214612367005206e-01
6.258794689419764357e-01
-5.229387441805292275e-02
-4.171422317418337355e-01
-5.541678638766737164e-01
3.420026524790366618e-01
-7.216221366690536709e-02
1.315384063290652439e-01
4.950304383503621453e-01
-2.975563950310300965e-01
-3.608345977630182944e-01
-6.226169512231344294e-01
-5.478118210226572415e-01
-9.619948871637979959e-01
-5.583524010428648765e-01
6.625292934973016079e-01
-2.514749075821412494e-01
5.017453534267665161e-01
5.662180948394108793e-01
-2.216297626286081041e-02
7.427411954186458054e-01
3.687499580562438317e-01
-4.654013453531976596e-01
2.677848540630933111e-02
-6.044701304974983147e-01
-6.528720328471294687e-01
5.525086756917851893e-01
3.837973871108260049e-01
4.491984671214893643e-02
3.903899486322396500e-02
3.753659084614471841e-01
-3.789214746011451140e-01
-2.860031592782014132e-01
-6.169473801035305627e-01
-4.446540280716366200e-01
-6.002822164794383575e-01
-9.937802970105386047e-01
-8.632151695047037832e-01
5.950221883871874562e-01
-6.661147518019325808e-01
6.049867927641555676e-01
-9.647317068804397988e-02
9.444228172910265062e-01
3.547386396684846788e-01
5.905802798507067131e-01
-3.663529701676231098e-02
-4.795860522584896035e-01
-5.548622557606172068e-01
4.810321151387984134e-02
5.255898145093496759e-02
4.620359260536078261e-01
-4.133966806233739244e-01
-3.282214126290292078e-01
-5.084562852415455136e-01
-4.040812432703581036e-01
-9.979072883721192833e-01
-7.132977027971527662e-01
6.226296519810536889e-01
1.179432048897195440e-01
-4.292323265474461413e-01
5.556987269607254198e-01
-5.917837300977923237e-02
6.231367043146669449e-01
4.466411768968840956e-01
6.170544860978602886e-01
5.010834981528460713e-02
-4.412021243927646275e-01
-6.486365838174686926e-01
1.513272925449434675e-02
-9.304717136840860367e-03
5.969098588304354580e-01
-3.345829580654127167e-01
-3.931762015848754843e-01
-7.280392672402555831e-01
-4.759473472021661933e-01
-2.473460986187635824e-01
-9.305136095090676962e-01
-6.435911341469674474e-01
5.923666954798778583e-01
-8.760974939947893114e-01
4.017389659568743610e-01
-2.741144014085354352e-01
-8.718048805844860194e-01
2.241764275102077209e-01
9.240741768746718598e-01
6.509085594562102894e-02
-5.325389267263114235e-01
-5.109902060023762127e-01
5.769748241386161158e-01
-1.534539981055362511e-02
6.508407661664987742e-01
2.229245554557756359e-01
4.648176177849545065e-01
-5.110207328735677512e-01
-4.300350596535120751e-01
-8.679391764229374973e-01
-5.701780306567830747e-01
-8.868923504089799570e-01
-9.502314722769444888e-01
-5.579866813355309763e-01
6.703956626222766779e-01
2.459127660883623015e-02
-9.659907518389101444e-01
1.454290438407239150e-01
-2.530999409408617173e-02
9.293558996759671009e-01
7.333905314377249518e-02
-4.573396907078111639e-01
-5.976903581505654817e-01
1.455692701727150269e-02
1.858087789131271095e-01
5.554524568641580062e-01
-4.391056579741292043e-01
-2.977750271088269729e-01
-8.083699218485134175e-01
-5.784470688179034203e-01
-3.374676664043613217e-01
-9.991143988382673591e-01
-6.939080767823263551e-01
5.384093514365352329e-01
-1.567042083763295346e-02
3.917296129640177038e-01
3.905044012259694663e-01
2.575292948818875272e-01
8.690306397725535703e-01
4.264717030587004132e-01
4.893633642156742236e-01
2.071863315572120001e-02
-5.761506960530945465e-01
-5.804582287894556325e-01
1.109493987412604049e-01
5.724566014315721207e-02
-3.413868293992270986e-01
-1.573904571320544898e-01
-5.147409724263071196e-01
-6.290892231973357340e-01
-9.771499422499724252e-01
-3.956540250885938192e-01
7.527545385234636344e-01
-1.077475490090235161e-01
-6.804580099289342376e-01
3.905528681605832109e-01
6.472296159428877482e-01
3.818702382613545776e-01
2.242663605450158637e-01
1.847978090529136738e-02
-4.153906323208413354e-01
-4.793526233667875225e-01
1.820495336352699611e-02
-1.409472590813295317e-02
5.463328782268466188e-01
-4.182738686597129996e-01
-3.093833243740548022e-01
-5.304576782729654161e-01
-4.344085712493871432e-01
-9.944009731003498054e-01
-6.234187222401141870e-01
6.890667784592879874e-01
-1.260129551631557210e-01
-8.958806531035907739e-01
-9.794728798934956848e-02
4.101554723704488314e-02
8.871167449774929326e-01
7.438465055132508219e-01
3.325923200071964070e-01
-5.033900598527708131e-02
-5.339827358220698983e-01
-5.877651942521792128e-01
4.144010490524773771e-01
1.846705505240032741e-01
-7.660368488494686545e-01
1.281943907200365218e-01
5.455125305953956172e-01
-2.779317307095468537e-01
-8.770864627050685425e-02
5.888962486542703711e-01
-4.684551997028755244e-01
-8.128331652786535688e-01
-7.619051747207488123e-01
-2.528385292191271394e-01
6.306039778446070887e-01
9.071516433651231892e-02
2.097104923219325900e-01
6.271036310739386277e-01
-8.297799610281320071e-01
3.331186219253128300e-01
7.875240943343857491e-01
6.600479274223099158e-02
-4.326285815940411617e-01
-4.736309983706690208e-01
3.343580005757790241e-01
-4.465049345119878610e-02
6.382550206816606231e-02
-2.393533922723869722e-01
-5.756401940315245547e-01
-5.510166458004102097e-01
-4.194998927272790556e-01
-4.933307330310947036e-01
-4.446348342209102134e-01
1.221226598020128534e-01
4.702097698073965937e-01
-1.534561986684930823e-01
-7.794018107882254576e-01
5.621636047664526625e-01
-4.876726100831543093e-02
8.779845082015386160e-01
1.101588202941009842e-01
-7.084805481620190526e-02
-1.000971996405095044e-02
-4.521611216385462706e-01
-4.351217835775392784e-01
5.256541747169408696e-01
-7.332340590133774004e-03
9.834900475515795382e-02
6.463761042171510818e-01
-2.735404382454767469e-01
-3.857673100660830579e-01
-5.232273252019193910e-01
-6.668925322304892767e-01
-1.206399106101434804e-01
-1.902911078434690872e-01
4.404698608820745154e-01
1.479713945525537068e-02
4.370964109672553222e-01
6.730071561983430595e-01
8.649102464346680730e-01
2.415861482439504160e-01
4.740557327257116094e-01
-7.940650722443992615e-02
-3.813498520336045527e-01
-2.058184865427891697e-01
2.705647108625652830e-01
2.105505644726020364e-02
1.246544737076058507e-01
5.927185417884474061e-01
-5.030557916345494984e-01
-2.548542841782637236e-01
7.310320568021000387e-01
-5.322297855741535688e-01
-5.490514226065833503e-01
-5.767119007105689921e-01
-2.970604599848057914e-01
5.708457740965084959e-01
-3.823197173699990209e-02
-7.996647435921921954e-01
1.969229572052318966e-01
-1.216566495089597411e-01
-1.413555069603898012e-02
8.594432114731455075e-01
1.092341141542405164e-01
-9.270141023723557638e-02
9.405722834428657808e-02
-3.119447250706161023e-01
-6.244000755660235047e-01
4.076862652865629877e-01
3.912640414266005950e-01
-3.439276121210749129e-04
6.310488939556491150e-01
1.312862500412073363e-01
4.021430611054920834e-01
-3.632701023938550433e-01
-3.192792438408155742e-01
-8.575735313123934445e-01
-6.340440015601070955e-01
-5.752707321628683923e-01
2.373182516718240764e-01
9.933844996998790755e-01
-4.817531329184125966e-01
5.971767744575792181e-01
-5.090797811723030142e-03
-9.296898736163345944e-01
5.795165023985545671e-01
2.501651635808010421e-01
7.675510010642579983e-01
9.175132121827358489e-01
-4.618284550287381912e-02
-4.187278461802908525e-01
-5.696033530342987650e-01
8.963204921356027199e-02
-2.745370667881587567e-01
5.361575202834012455e-02
5.245566644712568172e-02
5.904858311614500366e-01
-4.708277763544160832e-01
-2.848654444394480012e-01
-1.316698471414754767e-01
-8.681235517895271592e-01
2.591077917071553105e-01
-6.267437320768731723e-01
6.044890166393747100e-01
-6.379541903933109992e-02
-5.882664644446666813e-01
4.224864553423653413e-01
7.552806477026211551e-01
2.236787054928356666e-01
7.060655450712052250e-01
1.651165996531093333e-02
-5.359103151004506183e-01
-5.606045913795313362e-01
3.718751076154215296e-01
1.353342575728250785e-01
4.241920659682624217e-02
4.255301499238418605e-01
-3.182797004016477693e-01
-3.236855803879766791e-01
-5.153415570236151710e-01
-5.242294320301621458e-01
-3.551600130019463841e-01
-4.625610327877263672e-01
5.486759508864661461e-01
-5.563370454915321506e-02
1.726769886750074423e-01
6.166299338684683162e-01
7.269787575471391428e-01
5.506474364716782421e-01
9.654903768797005181e-01
6.550046722374591734e-02
-7.675881532572743637e-01
-5.310232639030418866e-01
4.626871350712273290e-01
-2.840135586665618397e-02
5.334441766265007878e-01
-1.545866025112546394e-01
-2.992252949429189957e-01
-6.156474610294166983e-01
-6.657180945564510344e-01
1.083845840158335627e-01
-3.005715535617601297e-01
5.000406443033609261e-01
-3.427973291746440054e-01
-9.350870944431581844e-01
2.961900776059578355e-01
8.309902572772244200e-01
4.716158408899741583e-01
9.873087626869005984e-01
-1.013878443541918750e-01
-4.585259866017845076e-01
-6.259000468527096128e-01
1.032456503944838844e-01
1.444949442215741897e-01
6.436887404074359553e-01
-3.574821092738956763e-01
-2.748870505974017053e-01
-5.803361487545152242e-01
-7.497748252457538953e-01
-3.354161424647920248e-02
-4.532212244820678637e-01
6.804425305128447565e-01
-2.002804562637022223e-01
-6.525920153192735773e-01
6.792146098359118644e-01
7.769275291982917775e-01
6.526810480900359090e-01
9.463527295453486587e-01
5.291586303174265760e-02
-4.746519328337109322e-01
-6.133904428302375811e-01
4.275213250710231394e-01
-5.139644442742725278e-02
5.467865007245172049e-02
5.226871280190484859e-01
-1.560826319071754453e-01
-2.575260451230666492e-01
-6.801020523581208232e-01
-7.709145352376879368e-01
3.830269798897990158e-02
-3.393156432685937030e-01
6.416499202361992671e-01
2.626837444385589360e-02
-8.997791547800051415e-01
5.525943881753718756e-01
-1.051731189153358795e-02
8.573053572006912315e-01
9.802721375818356231e-01
-9.427396767913666029e-03
-5.692788029324793442e-01
-4.142386219608414355e-01
3.358318572502052568e-01
1.863368890362260000e-01
8.212211112842423555e-01
1.815093785365718415e-01
5.896414591832379593e-01
-3.942066641948592798e-01
-2.356377938086836044e-01
-6.722122207767228241e-01
-6.278494634950874120e-01
5.568804858466801233e-02
-3.133889823542380104e-01
6.042222434802425601e-01
-2.251386069534869472e-01
-4.538901816092527075e-01
3.783359454595562887e-01
1.227468613393581653e-01
8.324102945854634505e-01
6.691978254118130520e-01
7.666357475257881138e-01
-8.796089150522629074e-02
-4.961226328838451716e-01
-6.775523613305589610e-01
5.395860562526390014e-01
1.015788330313365101e-01
1.712990397392325226e-01
-4.374535927015547054e-01
-4.186094846471431485e-01
-7.340776986998447384e-01
-4.365984093827778301e-01
-8.960175233210769807e-01
-1.798384469796472096e-01
-5.119374275674888342e-01
1.062792156573999502e-01
3.681152665079195363e-01
-2.004749490009947455e-01
-5.751639192970261494e-01
3.972464114335469976e-01
1.669347807005933659e-01
8.591589363218177233e-01
5.747045274753408428e-01
9.396574426465101881e-01
5.823546871661303831e-02
-5.684172181828585080e-01
-4.598873706694936447e-01
4.430029586975068878e-01
4.384159575725031233e-01
3.000450704009692202e-02
9.550710310486562049e-01
5.960711822991724418e-01
-3.161200341632382504e-01
-3.542937022466110530e-01
-6.699376869602085005e-01
-6.542835162897724377e-01
5.920188970736128126e-02
-7.441750110033350518e-01
6.156197961037538358e-01
-2.751827890573888546e-01
-7.046442712724920732e-01
5.211574565967661554e-01
8.036834659623151023e-01
5.653361155735674437e-01
9.814049844581841375e-01
6.141630678210398785e-03
-4.975917920729787114e-01
-6.122497478364696821e-01
3.768159607917586085e-01
4.599634363535750614e-01
-1.317936153963985280e-01
1.838116841295411863e-01
5.195451424463346513e-01
-2.674843643106201707e-01
-2.903163384199766162e-01
-5.723717804028523037e-01
-6.782249215626773298e-01
3.367983260038556748e-02
-4.261356639507491439e-01
2.174851571655218307e-01
6.659587093129080149e-01
-4.588928512568256068e-01
2.752566820331271424e-01
7.613706131898118068e-01
6.512179512233476908e-01
7.201792222999816584e-01
-1.624488955015719882e-01
-3.666423686482185862e-01
-6.282628220862515045e-01
5.059792379470201551e-01
-3.118689898500154496e-03
-1.622823632881091049e-01
5.526825054597839237e-01
-5.130570042281510368e-01
-3.462317534648116646e-01
-5.615401980488967659e-01
-7.822557777224343756e-01
-4.412752926299071676e-01
-4.616065429808179355e-01
-7.494229925475238974e-02
4.138461368717183952e-01
-2.261100403923472224e-01
-7.672109994579803249e-01
5.284795389374041807e-01
8.649259715808366167e-01
8.536320191899958720e-01
5.057876824485151718e-02
-5.664542844612662220e-01
-5.390573365044812881e-01
3.649458381255606398e-01
3.719216900140510929e-02
6.039120176012268137e-01
1.194119414386771161e-01
5.696430103568715930e-01
-4.177352425609411335e-01
-1.256246883657357316e-01
-3.636366344023951869e-01
-7.648249722874033152e-01
-6.085529036942415315e-01
3.433185871526196475e-01
-7.241064195019785155e-01
6.643388069357081260e-01
-4.102605603486187968e-01
-7.091305653649574436e-01
4.137658611157849498e-01
-1.516498199427407378e-01
7.991748640420058836e-01
9.944357253499533922e-01
-7.356464821694393141e-02
-4.475341262296790301e-01
-5.583545723703084995e-01
5.340828382090201387e-01
3.235103425686017276e-01
1.441191362702327373e-02
5.978082723002705601e-01
-4.728062871796444022e-01
-1.615244080088737155e-01
-9.397084357395406318e-02
-3.606042431383740809e-01
-7.547549360122163264e-01
-1.917649053828795469e-01
-5.937327578550906093e-01
4.698754091386678211e-01
-3.337748417491067515e-02
5.872576408308234353e-01
9.047080628771195232e-02
9.013794467840350322e-01
5.322870745751261401e-01
7.330487984301216065e-01
-7.255229946178706757e-02
-4.489015562220754485e-01
-4.814008852760403578e-01
4.875942630757127971e-01
7.564621986026012768e-02
2.099005964501075572e-01
3.879083499564660031e-01
-4.636766958313534026e-01
-2.041085878460585923e-01
-4.527879689311027356e-01
-6.086304333786398679e-01
-5.635587625811199208e-01
9.131248397826714769e-02
-4.810250733204791684e-01
2.127807057965147852e-01
5.283762300672197876e-01
-3.309138931269460238e-01
-8.898302208125187240e-01
3.229229941636563295e-01
-8.945117212894647396e-02
7.114454672307584104e-01
3.157049300807408532e-01
9.791106867303063233e-01
-2.556217237903282355e-02
-4.231194200736468902e-01
-6.743046659051326053e-01
3.319081585611658447e-01
3.583567032303893174e-01
1.684278064080350608e-03
6.077218091106828535e-01
9.619280076964696613e-02
-1.661128430256237909e-01
-3.834692377113890216e-01
-5.615062896721507713e-01
-6.075767533302667278e-01
-1.220853201617387723e-01
-7.119492390308137519e-01
6.578448948948495412e-01
-3.466758444167430397e-01
-9.848453674279445957e-01
2.737491760842549193e-01
-1.970463185912600390e-01
9.095731557777796406e-01
9.279009224076715245e-01
-5.435781630475129689e-02
-5.922598283291706789e-01
-5.093947216988670146e-01
4.780699379717944786e-01
8.947987632962565996e-02
9.776873923431621261e-02
4.782575628597224848e-01
-3.261355140746662329e-01
-4.242563815905150970e-01
-6.206473559828320496e-01
-7.072113021697453705e-01
-3.990165815246086989e-02
9.479330734982036599e-01
-4.667602488237408975e-01
2.927765528275169671e-02
-2.530145548648586318e-01
6.023134664682955330e-01
4.807207541464241785e-01
8.740649269750444539e-01
7.291601263299675173e-01
9.556878774369697016e-01
2.067216787016486201e-02
-4.207141736607146187e-01
-6.506251541645755587e-01
3.834654197534699827e-01
5.007918627806282053e-02
6.122179493699373559e-02
7.293375647096295156e-01
-4.131818997233583368e-01
-5.276723306785181533e-01
7.535227822428466893e-02
-6.988553724960531177e-01
-8.375293689555879384e-01
2.363058179648633121e-03
-4.930938146653081611e-01
2.669622964537746168e-01
4.406247366726785408e-01
-4.026533622126637346e-01
-6.799358279298352015e-01
4.736961561041319602e-01
1.311043044885081832e-01
9.354403122904122458e-01
1.623672086524683977e-01
9.784740555161679509e-01
4.544853897857896452e-02
-3.845860517011478463e-01
-6.528045959966836120e-01
3.439997536826009950e-01
8.159821361701218023e-02
7.007101395919360654e-01
6.380075639061862092e-02
5.007687057259280206e-01
-2.328551803557809829e-01
-5.385981009412061926e-01
-7.040504582310008752e-01
-7.948615507761163101e-01
-1.157229664042515663e-02
-3.206071913596216238e-01
6.357136944635599640e-01
-1.367806431399332390e-01
6.127828128954441178e-01
3.214424605971645255e-01
6.611281087203102480e-01
2.403306281392734445e-01
9.471075813568475832e-01
-1.361234471055822398e-03
-4.643874615782636606e-01
-7.326584334685894984e-01
4.753695652355541812e-01
4.749765701824997660e-02
4.787864909468040470e-02
4.384784954764648357e-01
-3.299999094788140797e-01
-4.026146952760114583e-01
-3.136936440662626557e-01
-6.752870050146215775e-01
-3.678069065007868454e-01
2.651650683708742240e-01
-5.871357723719948796e-01
5.117167203339303416e-01
-2.246262806543768697e-01
-8.179399495781535245e-01
4.663895067900327707e-01
4.182033172379005098e-02
7.694401490776724417e-01
3.677015513469775176e-01
9.328415364568616308e-01
6.657226678535900499e-02
-5.630041467326569737e-01
-5.293574952324724414e-01
4.943369129074912105e-01
2.395812070116801543e-02
1.052992665648017356e-01
4.550424866108836452e-01
-3.843977264541504901e-01
-1.601550542382092490e-01
-4.625156226681800264e-01
-3.855610210193098353e-01
1.818668924158657052e-01
-5.833615263238102200e-01
6.061846992212497343e-01
-2.329814104202529712e-01
-6.807769403675655306e-01
5.497135386744990138e-01
1.537411030166990246e-02
8.121366071931728214e-01
9.168045015367898287e-01
3.163021197424625147e-02
-4.867512664565091240e-01
-6.767121366055978138e-01
4.540763377952872215e-01
2.180804197500707808e-01
5.464787053672113259e-01
-3.238655706448793081e-01
-1.566426644275136504e-01
-4.136626475835090688e-01
-7.353852742226185679e-01
3.175109401932368902e-02
-7.351401062490582339e-01
6.725756517052048356e-01
3.019443095460594972e-01
2.834472080682234885e-01
-2.044789127404446696e-02
6.881313440656930958e-01
8.233573539721268375e-01
8.040588484794114130e-03
-2.984059345617081638e-01
-6.361717696328951233e-01
4.228804746779198376e-01
-2.240833823006141770e-02
2.051564099560185817e-01
4.834185309204074854e-01
-3.764310915364801335e-01
-1.306227881935327351e-01
-5.532188899171807117e-01
-4.937143969693895684e-01
2.817214845992878358e-02
-4.504390314455261057e-01
6.824494783151657806e-01
-2.481901272448656937e-01
3.427298407764882149e-01
2.324169201158654274e-01
8.076411023469143302e-01
2.947621794426010799e-01
9.777599678320187948e-01
-1.454633529762108975e-02
-5.338078205354621630e-01
-5.474599350995661418e-01
3.813296811830867439e-01
-4.091832665961001730e-02
1.283884627017199687e-01
5.672696661217819791e-01
-3.411668633104287807e-01
-2.466775287758868618e-01
-5.629548208241291762e-01
-9.092498499321289840e-01
1.887947225487446035e-01
-4.793411526853103566e-01
7.479999971402638559e-02
6.713832666577911334e-01
-1.631902744645359338e-01
-8.370337960292779655e-01
2.171620539979949860e-01
7.067871421821262379e-01
2.724007193593225296e-01
9.920399474946741680e-01
4.344152578042034113e-02
-4.633416994835889979e-01
-4.951177602016949564e-01
3.784649780079610837e-01
4.410940470474270653e-02
1.029071501912077052e-01
5.583105074304697268e-01
-9.931984248073474908e-02
-2.232361066633125335e-01
-6.322075562014273231e-01
-9.144804135509700949e-01
-1.049116912347918401e-01
-6.756811805025020323e-01
3.043941236627158431e-01
4.176539235120598215e-01
-1.521436282853131094e-01
-7.242365540187544193e-01
4.114191663334885729e-01
-1.600946847275735718e-01
9.569666596323977981e-01
3.418185119823395623e-02
-5.461932644575804296e-01
-5.034566099819839380e-01
1.043661485243803366e-02
-4.811351450398147073e-02
5.080161881308099536e-01
-2.155635726323983925e-01
-4.956061133466198587e-01
-5.673067683539367856e-01
-4.543472217243640365e-01
4.286561145140848489e-02
-4.312830215498448250e-01
5.639680618845659410e-01
-9.216493733372652097e-02
-8.430883212632069856e-01
3.756878377717360884e-01
6.724119328942772533e-01
1.212718598878039095e-01
9.518494754444344341e-01
5.683845614222190340e-02
-4.700733634084258705e-01
-6.165530175826436921e-01
3.410541840360327148e-01
8.387127642638585179e-02
7.883436630015294710e-02
-3.574098500336705952e-01
-4.423954894621466849e-01
-1.279161623491346100e-01
-6.678731189247633093e-01
-7.770778547843126827e-01
-2.470420733335625396e-01
-6.505079711221362082e-01
8.890452282890748403e-01
-1.351266010633967174e-01
-1.877813928604963323e-01
2.499231508581723771e-01
7.965293205495965756e-02
6.801186936150709350e-01
3.080167937072080253e-01
8.097918654280007456e-01
-7.027260321874002902e-02
-4.392070920246864962e-01
-5.979670398281087262e-01
1.730430656867481820e-01
1.288258079024156427e-02
4.336058850426316447e-01
-4.506741532413146567e-01
-4.285264573495636831e-01
-5.337618087004240008e-01
-5.729198381219275937e-01
2.747728152402541535e-01
-6.672300786042326681e-01
5.742238757966314777e-01
-2.756489442610717266e-01
-9.221137061010553637e-01
3.424076490407289564e-01
-1.568638618516712824e-02
8.552976788316708490e-01
3.322043486038256388e-01
9.480899271727357691e-01
1.825029025029378110e-02
-5.855474517716365845e-01
-4.566611687185936352e-01
2.108714563686268639e-01
-1.107408127015219318e-01
6.490098826695509526e-01
-3.012860301639773072e-02
4.688412279757193102e-01
-5.123300973516641266e-01
-4.785145585271394775e-01
-6.052855043393020607e-01
-7.293740129588333065e-01
-2.183277829945267923e-01
-5.861340826231858925e-01
8.238322794022912010e-01
-2.488536480550765650e-01
-7.135393710439711379e-01
3.787546195286987105e-01
9.402122684645843886e-01
2.465278122306145403e-01
8.990525648643394874e-01
7.982391805571732724e-02
-2.352384512887160661e-01
-6.983606906215318322e-01
4.137650070192552265e-01
1.446181158052960158e-02
1.574964416086969965e-02
5.012827093165597159e-01
-3.446208580530256693e-01
-5.772462035291635596e-01
-5.311242747459150593e-01
-4.041366660604692185e-01
-6.710577232926140390e-01
7.324571844033929413e-02
-5.091517627970388871e-01
8.533515419705184346e-02
-3.436442319643457366e-01
-5.971789709826816894e-01
4.527576934977974310e-01
2.333359961681605033e-01
8.583984777076382189e-01
3.026482848838795148e-01
8.894968196356557444e-01
-6.865582338992277933e-02
-3.790654255615760193e-01
-5.450668439533591370e-01
5.058300720364455882e-01
3.812120162524136602e-02
6.444438581943230659e-02
1.999759042201192105e-01
-4.900504631104966591e-01
-2.490923709194796665e-01
-5.280586049841360374e-01
-4.586313318949779561e-01
3.251919159871622389e-01
-6.230449319317439283e-01
3.821920457588651732e-01
-3.390519891036044009e-01
-3.920742834053418391e-01
3.053407368560246971e-01
1.502709452156917869e-01
8.827274259879143159e-01
3.766937351686783231e-01
9.497100187381332104e-01
-6.260712699148858473e-02
-5.624184604482013183e-01
-5.570756150239288829e-01
4.577849922177679165e-01
6.816226503276366644e-02
1.111049361408038977e-01
2.018189385403907354e-01
-3.555021687013076859e-01
-1.017106145548578172e-01
-4.106616556842102583e-01
-5.879560218501366231e-01
-3.842399863467148985e-02
-3.710392186821477312e-01
7.293898631503841212e-01
-2.527539567122693565e-01
-8.138788688577242025e-01
4.238714472444010672e-01
-6.289594114114017975e-02
8.943214586603900340e-01
4.115860627447473497e-01
9.662541421858276136e-01
-5.754039211952097915e-02
-3.751164359366644385e-01
-5.100780694393743930e-01
5.151156622453381129e-01
4.077582963655772552e-01
6.261223485952371881e-02
-7.566317656384667634e-02
4.904750689161759825e-01
2.972681160554555557e-01
-2.225741363057315292e-01
-5.755519623341284197e-01
-5.023078956836161124e-01
-2.244609645248019092e-01
-7.195261365308998069e-01
3.022672704459353210e-01
-2.227716285038596478e-01
-9.216535353263579644e-01
3.360901067082670002e-01
7.641087124048326906e-01
1.997421576399222576e-01
9.785949613900538635e-01
4.249242698418216613e-02
-4.894258836700701720e-01
-5.612121550120450220e-01
4.986085557114173783e-01
-6.809310693186303165e-02
6.708174802699466699e-02
6.429740915421372494e-01
-2.320533616241611530e-01
-2.436539902499037513e-01
-6.889800105424169763e-01
-3.920487928513420872e-01
-4.185973518465875842e-01
-4.768865217964456948e-01
5.392912466555384032e-01
-7.397449259650160092e-02
4.643573729401014871e-01
3.689436799913288212e-01
8.789938484208013048e-01
9.797711569282628874e-01
1.732003521430549794e-02
-3.822874877521993953e-01
-5.405494649295601306e-01
3.857039977888994109e-01
-4.154093461585959407e-02
4.129815829999729515e-01
-3.738105421240953130e-01
-1.704816999704604763e-01
-5.516514527274375412e-01
-7.801297268436495624e-01
-1.861783324187147037e-01
-3.620220312204178725e-01
4.740738311851379616e-01
-3.003927954862698479e-01
-7.625176073700934420e-01
2.908772973083708635e-01
9.185795051308900394e-01
-1.383790965018134866e-02
-5.544423677568203201e-01
4.373846383752112432e-01
2.826173919924098669e-03
1.681746129923997746e-01
4.389455626323247595e-01
5.984194315189331759e-01
-1.832816705395779455e-01
-2.496733043604900115e-01
-4.007040838003755878e-01
-6.178985231488238750e-01
-8.334316642314114620e-01
-2.818002768133659464e-01
-3.920184935816411476e-01
7.762002858061597399e-01
4.904811570528840314e-01
2.501638182633758589e-01
-1.738255894990131112e-01
8.252326797467663955e-01
4.840134812755986227e-01
9.840158689307040296e-01
-2.816921216306886300e-02
-4.020516873655057832e-01
-5.923514485711728339e-01
3.007936307172907053e-01
6.253928917763352802e-01
-5.485181520475564121e-03
6.408576020620767588e-01
-3.811398179268264408e-01
-1.355758562910815146e-01
-5.349611747682272433e-01
-7.480992811648092822e-01
-7.852235040185719939e-01
-2.897655351234520449e-01
-5.549871950142299948e-01
6.676052997150588864e-01
-2.579441308780510145e-01
-6.315547354041576300e-01
4.046902557632227060e-01
-1.500772762415852335e-01
8.180172028726675482e-01
6.818757889410939077e-01
9.612191627516225578e-01
-3.809009004581463687e-02
-4.488649302950554199e-01
-5.598269234275156103e-01
-5.909904076746077539e-01
1.285661699973955630e-01
4.802810048290407637e-05
3.962140035145768069e-01
-3.558903638323779317e-01
-1.702970384258951642e-01
-6.393759971150244636e-01
-7.434062727125301251e-01
-5.735797334638694789e-01
-5.613213108696585296e-01
4.839378495848808970e-01
-3.026125577324279003e-01
-7.987389848287002048e-01
2.086262052368567099e-01
-6.896687164608095166e-02
8.385670986083159084e-01
8.818719890851418608e-01
5.380529030833302489e-04
-5.731571637929507856e-01
-4.963193162602135278e-01
3.663138541137627158e-01
1.544935903912049713e-01
2.145741314431665655e-03
5.333808795649386258e-01
-3.330814412739424024e-01
-3.643097219535580411e-01
1.034024000428609286e-02
-6.755731264223867605e-01
-3.769067485307944776e-01
-3.260035633071014984e-03
-8.421075943897826654e-01
6.732105831962087450e-01
-2.118910405666648289e-01
-8.391812944145068398e-01
3.051219471868385491e-01
-2.784261332364789884e-02
7.263885359721198309e-01
4.594982277150971850e-01
8.874175977685497818e-01
5.935243788311767715e-02
-3.689838022516077065e-01
-5.206274793833935988e-01
-5.750207591766941517e-01
2.473696229308325334e-01
3.076692712810840877e-02
-1.047334320491555195e-03
4.684605836206413021e-01
-3.806463163499724800e-01
-2.487944252017506019e-01
-4.067474589890807124e-01
-5.696939780812591003e-01
-2.963456090188347769e-01
-2.109464825566527146e-01
-6.796976942217393125e-01
7.018917289892376843e-01
-7.618228695293867148e-01
5.127093472459982593e-01
-1.800338681553345088e-01
8.410598238998403531e-01
5.712830447237895459e-01
9.392750348836816920e-01
9.892668695199258178e-02
-4.447195031874451310e-01
-5.568284408653502160e-01
-4.635233731834504933e-01
7.463452271476158639e-01
1.113108099689585073e-01
4.421299440107395728e-01
-2.723386875382199368e-01
-3.468869190408402359e-01
-6.213409850764132214e-01
-4.945406825422167807e-01
-3.813508639544681555e-01
-6.359587880423952511e-01
7.003618948416447942e-01
-1.202234573650187571e-01
-9.347511413993585538e-01
3.653003361198499110e-01
-1.389790760261438475e-02
8.670463713915064208e-01
3.670265361916786873e-01
9.726461074458829792e-01
5.545888620177289417e-03
-4.454889056046627549e-01
-6.199317058168244410e-01
6.411392992002948321e-02
1.959571223429811340e-02
-1.268980592630119392e-02
3.776889111525444376e-01
-3.360639101280455954e-01
-4.228613799173335241e-01
-6.527883409898506128e-01
-6.687085589697001620e-01
2.024313095806335727e-01
-7.287761033227486696e-01
5.239567412171720617e-01
-7.290993514681069765e-02
-9.808349834770045961e-01
2.933180297876165077e-01
7.373321722500283393e-01
9.386401157140061846e-01
1.472282200053456891e-02
-6.555119314787046791e-01
-4.398240023691517564e-01
2.868596355810220655e-01
-7.686009859779015241e-02
5.097449353705608699e-01
-1.262525205186492971e-01
4.254963575839650347e-01
-1.749952404411276308e-01
-3.286997059206285821e-01
-2.635438450921637754e-01
-4.949015141701250675e-01
-2.276525037521136274e-01
1.131550998576949692e-02
-8.956802581746892145e-01
4.042418302454756085e-01
-1.708324864072922333e-01
-7.315335573745973541e-01
6.190330405171855510e-01
-1.977217822948907078e-01
8.265928726521071246e-01
3.593550324168613974e-01
9.483092856086479117e-01
2.338255235469227644e-02
-6.355049679494322312e-01
-5.087903765506021081e-01
3.178481128691038604e-01
3.301925579159388502e-02
3.823732561684743958e-01
-2.919684556225347061e-01
2.090815648286246248e-02
-4.665008250522903466e-01
-5.509493209750994103e-01
-9.459904092188443914e-02
-5.338353474665475940e-01
4.382628122426031059e-01
6.512542746566228891e-01
-5.031028715315344346e-02
-7.024511582458167203e-01
4.236966625049531365e-01
1.365370489741773476e-02
9.005948182579405215e-01
4.330484319745005473e-01
9.403940986364008880e-01
-6.830252113815959980e-02
-5.467966915905392300e-01
-5.627315725325804374e-01
4.840014969906497044e-01
-6.662045785451246871e-02
6.114157535355187884e-02
4.110054159338036861e-01
-4.026541011070861042e-01
-2.951506423111970867e-01
-7.484714066500500751e-01
-3.779115726272336273e-01
-7.466139828843133819e-02
-5.213604677471760374e-01
-7.445573258131885086e-02
7.546804399033205657e-01
-2.365765224630612396e-01
-7.772069779254814348e-01
3.141903481760526251e-01
8.420479725387498560e-01
3.876441555963133223e-01
8.982366068899090283e-01
-4.373756391704008983e-02
-3.629724327362104930e-01
-4.594908969299146828e-01
3.861647854405460545e-01
-2.785041923045606174e-02
1.118329672395041441e-01
-3.582933368315656675e-01
-4.328058040169983078e-01
-3.618482608080745289e-01
-3.210112867226486144e-01
-1.983588089029413581e-01
-5.718529912707268625e-01
-2.771103857718290597e-01
4.378045528607333314e-01
-1.292459315393232056e-01
-5.399412742989490033e-01
3.108532931515571307e-01
7.860820512781051539e-01
2.480923390816030527e-01
9.478141824295848172e-01
-3.566499576079815853e-02
-4.251133896464199258e-01
-4.879279127277763584e-01
4.280238458655120648e-01
1.472035461292198477e-01
-1.046741965175930766e-01
1.062250391883898248e-01
5.002943840970621725e-01
-4.410291201520403770e-01
-2.818969355630368545e-01
-6.746371687420029684e-01
-3.447401259692996489e-01
-2.803992625992512422e-01
-7.124295903068887936e-01
5.387138456982276669e-01
-6.537183556578142485e-02
5.299317275983819187e-01
2.993814443604833064e-01
8.263924986818070861e-01
8.190430346047006260e-01
7.919212111668343379e-01
1.806676491953243882e-02
-6.034735303090531522e-01
-5.384383234763269188e-01
5.550139246286210915e-01
-7.155718792705409448e-02
9.718018552568428656e-03
-3.924138798291263996e-01
-1.491587846716029009e-01
-4.086699349848138541e-01
-6.896330169137674382e-01
-1.345606220179125789e-01
-6.266638012772761668e-01
-8.090348023111744447e-02
7.051283333454253510e-01
-1.494782006722061574e-01
-4.129871041694990752e-01
2.209683217211704798e-01
8.443029701990796554e-02
9.212977181722158404e-01
5.376287765265352903e-01
8.884037284989823036e-01
7.406833596996316438e-02
-3.987538316706287778e-01
-5.465834215664880924e-01
3.425383231537834083e-01
-3.263054745551213776e-02
4.782746484997505432e-01
-4.326087891257337364e-02
-2.471435110930476353e-01
-5.832226435196066205e-01
-6.496617622176892315e-01
-1.717657948152475078e-01
-5.397384864325319720e-01
2.027648165578778694e-01
6.122301012300704892e-01
7.753614762753484602e-01
4.599307166166461402e-01
7.314793986006786763e-01
1.625514375999633498e-01
9.478638282464709741e-01
5.270246532501917519e-02
-5.020749497894059221e-01
-5.416514948982642519e-01
1.475969960758119759e-01
9.615937013999180383e-02
5.738534153039093200e-01
-4.562203886453004564e-01
-1.578231072118810030e-01
-4.956633464228098473e-01
-7.048928053625407308e-01
3.105350521931650176e-01
-3.872123270109608106e-01
8.408947076667130371e-01
-7.987074125856331863e-02
-7.364411931744976325e-01
3.399440548382024474e-01
6.336701670805762188e-01
4.763541527142738374e-01
8.961926575872314338e-01
1.737329101782033669e-03
-4.222603098347517681e-01
-5.293805561928266457e-01
3.938231692767912850e-01
-1.130259544981000591e-01
6.971423399752198213e-02
3.444545362701912916e-01
-4.029927300309953386e-01
-5.387691818389543918e-01
-6.452598992276431522e-01
-6.492163521567360096e-01
-2.577983410453483226e-01
-5.187828081124985502e-01
6.351538603400552763e-01
-1.301858304436584735e-01
-7.568559379525552355e-01
1.501948355989294638e-02
-3.654784206309649175e-01
7.522920999405650067e-01
3.419858846599080904e-01
9.279459325998991037e-01
-2.054126836638668976e-02
-5.273915065162745330e-01
-6.179800932423377136e-01
4.144439213683572265e-01
-1.313212883630047664e-02
7.362559639227381214e-02
3.646355378124471747e-01
-2.357532136427468172e-01
-4.854983025025169652e-01
-5.171751703408631329e-01
-4.697231861587990998e-01
-1.588211138217860696e-01
-4.087018517510052629e-01
7.947396280932947921e-01
9.198987642643959017e-02
1.011042600878554881e-01
1.842619278737054889e-01
-2.461276488914268534e-01
8.805588194144929881e-01
3.840274392908014089e-01
9.258034050656958058e-01
-5.485082882966588885e-02
-3.853387183953739248e-01
-4.292255219898449825e-01
3.580664665968601446e-01
8.956040146405747082e-02
6.020130180338064546e-02
4.989004374083635951e-01
-3.714874574429294918e-01
-3.449661330424973471e-01
-7.532715787999136881e-01
-4.872400364858349153e-01
-1.030720449405770761e-01
-6.051947578565761710e-01
5.269248957011355428e-01
-2.216016414086222075e-02
5.713016003421909073e-01
2.415115372435409358e-01
9.160483737973730556e-02
7.541798101086600870e-01
4.257619854491822564e-01
9.218954503727933014e-01
3.561753698132276436e-02
-3.753264329584418135e-01
-6.381498652165384922e-01
3.929251228818798070e-01
5.227791951804248993e-02
1.175873721287650081e-01
-1.576916703265644759e-01
-3.071510754585709546e-01
-5.988449870279999310e-01
-6.297743637070036815e-01
1.002183870569666874e-01
-5.940593667153910573e-01
6.691823515334208716e-01
1.182692494833971070e-01
5.228447341198817488e-01
2.580344917769463731e-01
-1.419232287816789111e-02
8.709502174604144553e-01
2.474752440853839608e-01
9.315072978415106508e-01
3.296912192447072620e-02
-4.992535750634543024e-01
-4.199228388447310834e-01
4.713106844053934763e-01
-2.439670436611183352e-02
-2.972501575148838726e-01
-5.203437813101599030e-01
-3.095352328513297224e-01
-5.782479227859012028e-01
6.344990987210505362e-02
-5.752177772928324107e-01
1.501175816961053677e-01
7.193215803122086083e-01
1.739071077214207894e-01
-7.102499270486333227e-01
2.016864832663182172e-01
8.162972108962793794e-01
2.479376941544692015e-01
9.331858992860364577e-01
-6.792476132563066149e-02
-4.898378006594551470e-01
-6.136847303835915035e-01
3.494619178848617502e-01
3.734731710396531623e-01
-1.187512778400259816e-01
5.563765945174060645e-01
-2.387255906645507630e-01
-2.638358983121101842e-01
-6.122065055595597993e-01
-4.544543534860555623e-01
-2.095037749956884521e-01
-6.857393825502781093e-01
7.760014670648925916e-01
9.861046130409993615e-02
-8.887014923085287954e-01
1.016880188178548583e-01
7.702116766759360411e-01
3.456758254296232180e-01
9.366100949413547205e-01
4.626725223470712356e-02
-4.593680166733596359e-01
-4.739696834834801753e-01
4.120753214758308691e-01
-2.919042722235699189e-02
2.348678064901044485e-02
5.179166181510798106e-01
-2.266212865916384378e-01
-2.175998455952985466e-01
-6.173521828268799805e-01
-1.506253122796120669e-01
-2.936979364208535115e-01
-8.410400599559362256e-01
8.240296438226338838e-01
1.024028911540147621e-02
4.236082099342757812e-01
6.050375654021011157e-02
-1.121739645255488416e-01
8.966907987533591085e-01
3.318942521960623893e-01
9.016784250348990337e-01
-6.889401564487128427e-02
-4.142563786837645812e-01
-4.985193257300595815e-01
4.508737412765314034e-01
-7.703796609293785125e-02
8.260832922100565245e-03
5.485330155048060430e-01
-2.029253212103452608e-01
-2.857224420247841401e-01
-7.323076337525429302e-01
-7.887125841350390854e-01
-2.025582271447579075e-02
-6.599317166795378720e-01
7.048473788728319978e-01
-1.152267859285381196e-01
-6.769746355969453733e-01
2.215442725383763856e-01
1.145739274835896001e-05
7.977186268221171384e-01
1.544594676350503348e-01
9.224909162220026326e-01
5.814352589476654010e-02
-6.011992658751967866e-01
-6.890206859524471428e-01
4.707569797239053999e-01
2.751151851432621226e-02
3.217669841540095246e-03
4.986220073990727530e-01
-2.226781443913047609e-01
-7.538670643473226463e-01
-8.280506055554500700e-01
-5.954670791269960350e-01
-8.842099889692721648e-01
-1.564428292095144113e-01
-6.084401094369027430e-01
3.812804816830996785e-02
7.549336993427595566e-01
1.197537936942910941e-01
-7.918159685016172566e-02
1.594737713964909931e-01
6.356837760124092185e-01
9.257694428208541881e-03
9.483752771177866858e-01
6.902009207193889051e-02
-4.798782223303876826e-01
-6.675717842361685861e-01
5.995724291337536371e-01
5.401172807939196713e-02
1.096822580898560023e-01
5.046384736931707193e-01
-3.741116755699243623e-01
-2.916998286201120671e-01
-5.343888310835321898e-01
-7.062923976548106664e-01
-4.351861833372926980e-01
-4.371767343927359661e-01
-2.144753689985965661e-01
7.943765887647572521e-01
-9.171448385632477440e-02
7.844062542475847832e-02
2.702812394039185578e-02
-2.473651787134475144e-01
8.772202607213949177e-01
2.860954438073616199e-02
8.907572847300874175e-01
2.475022998739125416e-02
-5.407751175394571730e-01
-6.026658783268707964e-01
4.178505599668623227e-01
-2.287782345731733877e-02
9.811451910292154355e-02
5.465377489775857800e-01
-3.590533585848973419e-01
-3.880919447781310816e-01
-3.656079877830050728e-01
-6.436904216005013835e-01
-4.588671812537901268e-02
9.851843146490434355e-01
-7.250837786042266808e-01
8.522678164060384365e-01
2.514759218088912993e-02
3.813380165922437004e-01
2.432846036926817057e-01
7.641846473657348815e-01
3.189171564502653045e-01
8.820556076129016931e-01
-7.369658941108005179e-02
-4.310899220577816271e-01
-5.849720154416743201e-01
6.693953329823761067e-02
1.273360048652356045e-02
-1.989791013865511160e-01
-3.265765482624327642e-01
-6.446848691239565055e-01
-5.626119629626475938e-01
2.881748820093597563e-01
-7.561730819310596985e-01
8.513828090219324185e-01
4.944994435602934058e-01
-1.468993545887563139e-02
1.722357642452826687e-01
7.309055376850659425e-01
2.384232856495970831e-01
9.567303348207879532e-01
5.384371161254742494e-02
-3.758618656565448912e-01
-4.817281903789874531e-01
4.913438205080643550e-01
-4.761775355661532760e-01
-1.090318668352107112e-01
3.151280052571329982e-02
-3.984831704777903605e-01
-6.655611837220247740e-01
-6.160319371675107014e-01
-2.439466317817454433e-01
-4.261205595569519944e-02
-6.671887962265223848e-01
7.492857408073192449e-01
-1.995073767008557486e-01
-6.164728252542412967e-01
2.784275798037569305e-01
-1.336066470293596486e-01
7.069881497851983054e-01
9.448283016538440438e-02
7.984804545618806593e-01
-2.714874400949911226e-02
-5.599273235700893414e-01
-5.646640610122942716e-01
3.835948011414049841e-01
3.976261641601931685e-02
1.420457618731569560e-01
-2.864000776441910645e-01
-2.123705095094786111e-01
-7.337540592849867149e-01
-5.240227703857734953e-01
6.419193218594299033e-02
-7.151559162556226923e-01
7.923611377833200686e-01
2.256541765787799803e-01
-7.291207280609279806e-01
2.317683897884061650e-01
5.341659106724148086e-03
7.236261718943057808e-01
2.647423646239747685e-01
9.482557523404243627e-01
4.109074284552013262e-02
-6.289990737016313282e-01
-5.115445863783228964e-01
4.733328630850764940e-01
4.339705822055931611e-02
-6.777512925627236784e-02
-3.882167480891949296e-01
-1.740402476345371541e-01
-6.619244000049699928e-01
-5.818302931917701537e-01
-2.782343892918072714e-01
-5.497977744985096393e-01
7.381727193915692542e-01
3.825156974951308964e-02
-4.921579977737609579e-01
2.361926268973463527e-01
7.627942544436253636e-01
2.476655132167070450e-01
8.403823270494831243e-01
8.074813132956877582e-02
-7.113804188085280922e-01
-5.961504038785875315e-01
4.359387338209068652e-01
2.978429608275922069e-01
-3.503704827934076005e-02
5.789589920859962158e-01
-5.088091111297677882e-01
-2.418392948407522003e-01
-5.787601413530752970e-01
-5.985257986270964281e-01
3.279052993543989380e-01
-2.872239026766536529e-01
6.870248708965431828e-01
1.846856649683094667e-02
-7.137203478495111053e-01
7.680272182604526432e-02
4.124498324458676368e-01
4.049480865288196396e-01
9.152378495440630646e-01
3.229016468139126557e-04
-9.342149664410681620e-01
-5.343460332363058063e-01
5.024625155166796420e-01
-3.618084743613541043e-01
1.656000950990107190e-01
9.571295234141091735e-02
4.986106276739550869e-01
-3.719285574526189353e-01
-1.802620677906288937e-01
-2.360049584529362587e-01
-5.169148621087453765e-01
-2.464765579521258632e-01
-4.418463791408491215e-01
-1.394815308639099916e-01
6.732674379113704477e-01
-5.095056045560149294e-02
-4.548466002592970736e-01
2.395125959302965013e-01
4.734625925080350184e-01
8.449453501996756488e-01
-4.950688478075340043e-02
-9.791604815112420201e-01
-6.332003290399708106e-01
5.293278423059901705e-01
-2.694024091615059707e-02
9.189566692335336684e-02
5.465391254054410286e-01
9.502371039621758386e-02
-9.337143227034430670e-02
-6.495275918629130896e-01
-6.585149953699698244e-01
2.666950539660439823e-01
-7.649539629566550758e-01
-1.725217611672580365e-01
7.968733165897514681e-01
8.827635566677664858e-02
-4.173529543218897353e-01
1.906057273362614934e-01
5.656157888662471933e-01
3.745839863205189801e-01
9.135649672586074743e-01
3.750290863917513096e-02
-8.977611814662171952e-01
-4.832899765665338299e-01
5.396200957490948635e-01
-2.885478662814597306e-01
-7.303552414995485506e-03
1.307824971314497098e-01
4.479795324248082022e-01
-3.966440436218746091e-01
-2.528181699122697759e-02
-7.655402262398016688e-01
-5.887671538470266031e-01
1.409917350129614999e-01
-2.606414109585430405e-01
6.431616933392206858e-01
4.232865440542074587e-02
2.370212267748295631e-01
2.643586654641627565e-01
6.088032163538703578e-01
9.189615777572506250e-01
-8.204202114105238128e-03
-5.173973392625725864e-01
-4.784751740094969064e-01
5.006504088921821527e-01
6.685004838892381895e-02
9.315568259871662149e-02
6.056765386391559369e-01
1.950592620858799392e-02
-1.833784670980207476e-01
-6.057713916843945334e-01
-7.157812515692543176e-01
1.840093699399840410e-01
-4.694101403835642672e-01
-1.258280886434001433e-01
7.950313198504017631e-01
1.384796623421470363e-01
4.493223148048273718e-01
2.276682782164220209e-01
7.398309060358159162e-01
4.298315171569303539e-01
9.134266152909209513e-01
-4.016489199427805690e-02
-4.175793880254426438e-01
-4.926917440532838088e-01
5.109340640094426345e-01
6.893067298756521376e-03
8.778717006431502323e-01
-6.857626807163646164e-03
5.578533543412260709e-01
-3.713243228765013004e-01
6.823975811518306032e-03
-7.033765080929363922e-01
-6.764072728764009002e-01
-2.632332849899916838e-02
-5.350760300120598334e-01
7.329661632808228688e-01
2.971914039174209377e-01
2.647999425251537087e-01
2.571536525894225211e-01
9.202120433347273920e-01
9.372004332463657050e-01
-5.990998707943750307e-02
-2.946538136554566756e-01
-6.623482638130614442e-01
5.961908547047418683e-01
-2.185690595858229626e-02
1.110419147230963799e-01
5.102571471917384249e-01
-3.936825882000169474e-01
-3.874059438571157699e-02
-4.902064447173742345e-01
-8.159812701678342828e-01
-2.228260246722080506e-01
-4.671438573993644816e-01
7.589416829735451397e-01
4.524662071431560101e-02
6.079123980717295872e-01
1.618310067621384074e-01
9.573906204559696764e-01
8.602901897061990821e-01
-1.082158609201154115e-01
-5.507199168757799246e-01
-3.451456295888999382e-01
2.709863215249843083e-01
-1.863703144839124609e-02
1.021831141965150735e-01
4.654982098679160685e-01
-3.817649234296339733e-01
-1.646066758339605474e-01
-5.829052401727986554e-01
-7.446990388573685449e-01
-8.087321847941883468e-02
-6.017166471638938363e-01
6.716876579555309812e-01
3.372270349195326533e-01
1.908700815021514008e-01
-2.237935265486044878e-01
8.702867993494458609e-01
4.148832018648367925e-01
5.643449928898743861e-01
6.477750441896368283e-02
8.139271192559316415e-01
-5.738117566467569874e-01
4.057979243845596939e-01
2.968516872237369486e-01
5.412576072545873807e-01
-3.214199585881711285e-01
-1.184595051550766387e-01
-3.889629878454823331e-01
-4.676082327584743514e-01
2.374517892868717103e-02
-7.585293156625813049e-01
7.874801458412911126e-01
1.477131072554592472e-02
-8.642945192153601852e-02
1.715290757029905855e-01
-3.963650677698164759e-02
9.369252424909699783e-01
9.352120238605357017e-01
-7.442593579491428579e-02
-8.000373565442284729e-01
-4.450353202056208657e-01
4.131301322223289163e-01
-2.026373507919676867e-02
5.866139357113580033e-01
-3.824914706697999933e-01
-2.473219910599464555e-01
-6.007602038733970140e-01
-6.361234474299113373e-01
-1.040087626668267512e-01
-6.932420000836150287e-01
7.013436172603503271e-01
-1.145343554213989895e-01
1.518092589299179784e-01
1.940289512910772507e-01
-7.133445704643237399e-03
9.139768157376679802e-01
8.119777680878791370e-01
9.334028524312584230e-01
-1.326953412377092530e-02
8.999422949879521960e-01
-5.659605070442234043e-01
4.291049249128538468e-01
3.464869916637429159e-01
1.447593185267053439e-01
5.949634298877251593e-02
5.532607118933409174e-01
-2.308291193361840798e-01
-1.468856068385344937e-01
-6.558239884463417102e-01
-8.434761977470494054e-01
1.394375766188540311e-01
-6.714389893529162379e-01
6.539347726661445259e-01
2.293064098327287081e-01
2.331768684452503460e-01
6.965079543802048523e-01
7.881217461524445689e-01
9.858727804521367766e-01
-5.992049804678796499e-02
8.736709747432728213e-01
-4.945568464299644473e-01
3.915651270073451928e-01
1.973125805677751476e-02
5.517877014980341471e-02
-3.218913399760232608e-01
-1.243255668926805946e-01
-6.628612264970243917e-01
-5.655832029164959973e-01
9.324007038336477871e-02
-2.616515479875228811e-01
-1.693077175370253512e-02
8.091695478957503518e-01
-3.336859361804059287e-02
-2.722291180587753656e-01
1.253660296456931000e-01
8.416196775506229466e-01
8.208987350838193864e-01
8.268416699426091032e-01
-4.005939246276379179e-02
-9.882655147221961478e-01
-4.937620745783876108e-01
4.417923642318266064e-01
4.852699858944996281e-02
6.409792553317741337e-01
-1.810564500092318452e-01
-5.047502219712234339e-01
-2.505428633315293432e-02
-7.147132377469340714e-01
-4.422509783604840483e-01
-3.240732209044764889e-01
-6.287471899430709943e-01
8.425213074917974332e-01
-7.735852960990843852e-02
5.432496172326430894e-01
3.009461247346214563e-01
9.824020500637352660e-01
8.698417519508954143e-01
-6.953690387263651573e-02
-7.802397199535192618e-01
-5.191023229132468719e-01
5.895035689380585531e-01
-1.464500871960730359e-02
-2.385607444308784214e-02
5.373218802316468423e-01
-4.635090246265752278e-01
-7.897525431622771930e-02
-5.515975943256324898e-01
-7.838497695547297361e-01
-6.020440689182372518e-01
-3.785474977505129957e-01
-7.261147394889763684e-02
7.953983344117616650e-01
-3.467638147076548133e-02
-3.909914995479762401e-01
3.212087868024257054e-01
9.258835748401302856e-01
9.037424502352386924e-01
9.088465965286980364e-01
8.899113445358684338e-04
-3.341848732878905381e-01
-5.430839504302656939e-01
4.459862518698218259e-01
-5.783001194316250010e-02
1.309258697822975048e-01
6.184120733027467232e-01
-4.762389782710872432e-01
-5.816892030836037092e-02
-7.078332897843995219e-01
-5.607989363818269846e-01
-8.345795687481819547e-01
-2.794079334238073753e-01
-5.146067157227468547e-01
8.541608365250314971e-01
-1.492225082051101548e-01
2.347696312521274087e-01
2.546382602367132653e-01
-8.661370930421286030e-02
9.188171025482517740e-01
7.457937142484593052e-01
6.218417037400337799e-01
-1.503334708633865743e-02
-3.363788550862066296e-01
-5.631524045105621434e-01
4.227058007159313902e-01
-5.515099397100756140e-02
6.376690762931033207e-01
8.975335700050340870e-02
4.140023995438370519e-01
-3.194263768882562027e-01
-4.709171725878290304e-02
-4.954584875891686058e-01
-8.838521953780044127e-01
-3.266008831386951750e-01
-5.578187873276886366e-01
8.318189551730538200e-01
-4.207294517231843084e-02
-7.436709330507318416e-01
1.859137518022812019e-01
9.107136660899415315e-01
7.897640147587279280e-01
8.002386443035218733e-01
2.600671690691256158e-02
-6.048055347038839846e-01
-5.191206131740592200e-01
1.819880333062996181e-01
9.157860629978351041e-02
-5.756458786296175800e-02
4.652801850335889777e-01
-3.601786092190011335e-01
-1.376470650382463357e-01
-5.603251762443192119e-01
-6.354673458846177292e-01
-7.239022425303351035e-03
-7.794681660164903825e-01
5.541581039145520027e-01
-6.320411651794824448e-02
-7.276292654021053741e-01
9.974048735611694416e-02
8.608061684919035006e-01
8.920885359914977331e-01
1.197981767600312698e-02
-7.098671436724670603e-01
-5.810502410782804050e-01
5.034314876058865185e-01
3.968645221844071536e-01
1.075238580889438383e-01
4.230265577399185961e-01
-4.209207144331301165e-01
-1.332491931357801251e-01
-5.260315764259343441e-01
-5.385800455493590100e-01
-3.396902805187972385e-01
-3.985859459765184187e-01
7.307595102576454060e-01
1.570173150866188347e-02
5.061467368172000159e-01
1.342318836237540447e-01
2.101794212512556603e-01
7.872376508051008859e-01
2.775454346604440403e-02
-4.622612087350916887e-01
-6.161098260487127831e-01
4.853972789408466104e-01
1.789400831596909408e-02
-6.721077927063920376e-02
2.597648047803342020e-01
-3.801113222010046866e-01
-1.777143420785474159e-01
-4.693650419603401791e-01
-7.094497473515857244e-01
-2.860909144677167837e-01
-6.866787515951781051e-01
7.329602941859529874e-01
8.970964590708319086e-02
4.680183799512907528e-01
3.346893039923684032e-01
8.928620626509636837e-01
4.476149688713754182e-01
8.608460948692848724e-01
-7.022977577337606581e-02
-3.839045502116553155e-01
-6.083631459392875307e-01
3.872386976869200415e-01
-5.689325804528600622e-02
2.098136352306162744e-01
-4.531968471749524552e-01
-5.261046620690985887e-02
-5.495327220291008619e-01
-6.844775459107825810e-01
-5.273384113865565714e-01
-7.267371028449938208e-01
5.353994845920883039e-01
-2.241742175447901733e-02
2.786015704577174956e-01
1.854542708610997237e-01
6.663188513183866679e-02
9.224121021434730228e-01
4.592271102856294029e-01
9.311032198698140361e-01
6.354094875595887697e-03
-6.267703016615217004e-01
-5.447801065504687124e-01
4.791595107473708287e-02
-3.006634207718890395e-02
7.015867374203170748e-01
-4.242936069943346600e-01
-1.862262374284981148e-01
-5.829922470573253301e-01
-4.196887575710012142e-01
-1.614194079428867001e-01
-4.002558820819416829e-01
3.033653349566944879e-01
6.528822530564210025e-01
-1.251225356964994762e-01
3.653321234466712086e-01
1.543901011470316664e-02
7.670729569026405459e-01
8.797870053344144514e-01
2.610287980193088872e-02
-4.234971892899417889e-01
-4.643621100096108623e-01
3.415992912548118654e-01
-8.308858717229326840e-02
-2.651490607455176951e-01
-2.725555771046382358e-01
-4.794875259664725942e-01
-4.310955571529660468e-01
-6.545957710057044299e-01
-2.932586376937554862e-01
-4.381947893258533178e-01
2.799491130225039148e-01
8.286857711840915908e-01
-1.183240977775834590e-01
-2.280009035609222023e-01
1.524965906705283147e-01
7.864204119839585116e-01
9.025679342531700566e-01
-3.751047173844480886e-02
-4.689453686524380771e-01
-4.075367022930336813e-01
4.614422620768883210e-01
-8.459005543208394928e-02
5.233545346458617908e-01
6.443111179337270358e-03
-8.613545118587315197e-02
-5.475712007405135751e-01
-7.771469321564201671e-01
-4.266555446331774526e-01
-5.804577833550439436e-01
7.230078130691550697e-01
-2.176404554902028610e-01
-6.716643909459315553e-01
1.458260065470392275e-01
-1.669212153834922774e-01
9.174360485198397308e-01
9.479347090108897200e-01
-8.974257723624413929e-02
-4.436931846064950946e-01
-5.638549857256357489e-01
4.150346155596666420e-01
3.185977456185910828e-02
-3.785130693494211940e-01
-6.051340747868500652e-02
-4.715808903656974471e-01
-6.280626985414340391e-01
2.965361066611825747e-01
-4.958416721744382527e-01
8.197014376748847919e-01
-1.505195566877467750e-01
-5.651354234100057772e-01
1.761295737072591516e-01
9.124896668822178869e-01
8.628635864551803536e-01
-2.966267498478584227e-03
-4.806236791714029177e-01
-6.232967715875827874e-01
5.003479977611621221e-01
5.469465336414379708e-01
3.775670280647071969e-02
3.718533172203819515e-01
-2.599742325855909364e-01
-3.876298117142525090e-02
-5.361101459192660901e-01
-8.075521886701071406e-01
-1.039650639852503083e-01
-3.074196037826239514e-01
7.111593284300651296e-01
-8.780517462137689133e-01
1.229519118705168779e-01
4.856697259702607433e-02
8.428984554353343706e-01
9.397357641231772821e-03
-5.143024239261774211e-01
-5.224701499171492403e-01
3.821017926896306260e-01
6.453030925331904033e-02
4.253011774849362325e-01
-2.910443681384143333e-01
-9.150806045198900396e-02
-6.133422216587114395e-01
-8.865754792705764498e-01
-1.413792386128704393e-01
-5.368335972669806555e-01
1.345967359878417480e-01
7.777557207651906168e-01
-2.773180937002248658e-01
2.417694440612123408e-01
7.385031584517114112e-02
9.400155072913916054e-01
8.586183718773721107e-01
3.058730870702344382e-02
-5.402180713269387757e-01
-5.001356707093633780e-01
2.879670445331270479e-01
3.337983742891941774e-01
1.816985101165009553e-01
-3.867210562299501220e-01
-4.130279324797431206e-01
-5.205055697004836723e-01
-6.840952573135842263e-01
1.699078159572928459e-01
-1.144223802141150076e-01
2.654403161529001465e-01
7.732661944566620038e-01
8.481725477076122732e-02
-2.779249206533478955e-01
6.103290334155597741e-02
8.974505768252916127e-01
9.399644569752726442e-01
-2.950435874032947270e-02
-3.891778956125097610e-01
-6.589709690080001181e-01
1.765474525544706297e-01
-1.916524469739205525e-02
3.140770414680886802e-01
1.175879264907098432e-01
5.393616729354311357e-01
-3.295965193408353922e-01
-2.279574426329578629e-01
-4.635921527689543242e-01
-4.151129109534841266e-01
-3.823184486904449009e-01
-6.844164057920076871e-01
7.943034719499268981e-01
-8.157353751294528499e-02
-2.736223427807229491e-01
2.157353965150552166e-01
1.269489237141440373e-02
9.370445570886761777e-01
7.273106002926224001e-01
6.241460579125298475e-02
-4.911863063223384507e-01
-5.514718346736647847e-01
5.254117274202420029e-01
1.175569224033946453e-01
2.416112682418994351e-01
5.745637736674614748e-01
-5.017808347347540998e-01
-2.502792130467558843e-02
-7.448729247959094968e-01
-4.395372393992431626e-01
-5.385137476695959213e-01
-2.437995083476792169e-01
-5.809065131088338996e-01
7.179141249347218423e-01
1.227904292348533100e-01
4.263912745996283893e-01
3.067888039902504915e-01
9.481240220890544412e-01
4.658168582441819111e-02
-5.526562113999302639e-01
-5.305839253981188275e-01
4.002461623755206310e-01
3.326679863813822996e-02
4.739661218385960995e-01
-1.150603190282415145e-01
5.016148709268960504e-01
-1.963882034409565325e-01
-8.463672842321501300e-02
-6.636059296758644033e-01
-7.197164324721978534e-01
-4.414594924187338898e-01
-4.273661818296706771e-01
6.652552334155787950e-01
-8.293180790886447440e-01
2.878753818340771264e-01
1.503088999921177171e-01
8.264712295613163562e-01
9.960012473369579400e-01
1.043841672033485324e-02
-4.013431763472093960e-01
-4.692090205411166282e-01
5.514947224747867027e-01
5.291310272560174610e-01
8.464779788596488164e-02
6.640592875352496760e-01
-3.299489558042291715e-01
-1.364481481704166860e-02
-6.202371351118450837e-01
-6.006263862687427624e-01
2.098096874097042930e-01
-4.703661393725699358e-01
7.258355523962358724e-01
1.476029102952164107e-01
-9.628748891622715966e-01
5.140338984762540808e-02
-5.397349086467486540e-02
9.062945894232204980e-01
9.790038931657752963e-01
-2.392034841000115555e-02
-5.041032495601435182e-01
-5.309156743561745939e-01
6.242939245584921970e-01
6.627712701821849572e-01
1.054359697091096157e-02
6.150556962328104088e-02
4.991841615250561803e-01
-4.152191552477734193e-01
-1.557412179763957294e-01
-5.781888955275084063e-01
-5.791393900133627870e-01
-6.654482170706321753e-02
-4.874857763008340061e-01
2.112652604566342407e-02
7.112691510440826148e-01
-7.372282038552953332e-02
-3.637590968163902372e-01
2.204865182665501355e-01
-6.317951836836664670e-03
8.661918682709359718e-01
4.017282481903368119e-01
9.370565289263476094e-01
-1.267897966687251410e-01
-4.413119788889011130e-01
-4.319433479245914920e-01
5.550644102636834720e-01
7.409111834529674874e-03
3.616075621455310252e-01
-4.233848067085787537e-01
-1.478702614244423175e-01
-7.480350324891650304e-01
-6.391187935918999363e-01
-4.454049753542594914e-01
-4.248657600748893537e-01
-8.316299238474422761e-01
7.738532476206483324e-01
4.971745314527274001e-02
-9.104726567098057055e-01
2.839827467519605020e-01
8.583074304420037492e-01
5.754039592072752729e-01
9.123764306150881076e-01
4.894072135649656097e-02
-4.684233266586662614e-01
-3.996451518692488158e-01
5.652727248221058876e-01
2.865628624154179654e-02
5.093541138643903343e-01
-2.579549803151107712e-01
-1.995000323443433254e-01
-5.173343570665871471e-01
-9.087669351602907231e-01
-1.837929268781318681e-01
-2.911932132758679459e-01
4.431023571318028903e-02
5.940350914659886516e-01
3.188794313016674042e-01
-2.140468212574307000e-02
7.842140855367064622e-01
5.728758550387347270e-01
9.270315212055258991e-01
4.908705333934662574e-02
-5.222469016316940715e-01
-3.791291167827890995e-01
4.945914482655263122e-01
5.338105126694307062e-03
-1.219669604998452339e-01
4.127226064598893407e-01
-4.250274850212797939e-01
-1.348818086478963674e-01
-4.820912902075605855e-01
-9.267763028539270920e-01
-4.136179676016427664e-01
-4.933313921547192171e-01
-1.930658332614216145e-03
7.046576445935366362e-01
1.475181709306149780e-01
1.068128820230054565e-01
1.687602597078602107e-01
6.797313688704047507e-01
6.519573878480555695e-01
8.649439113103747356e-01
-4.753963729409756839e-02
-5.025283794585727604e-01
-5.813612222150191799e-01
5.920041092028583973e-01
3.037034275850346299e-02
4.969054229738868456e-01
-6.140633705417763988e-02
3.819430907863179958e-01
-3.360806889698794153e-01
-1.469467036726687381e-01
-5.477388403073242262e-01
-8.526620427776651079e-01
1.792806559565191318e-02
-7.043275392769547949e-01
-1.347839377929577476e-01
6.214134244946317720e-01
3.689712379788807201e-02
7.970150566258418223e-01
3.032733797425151145e-01
7.884089121234487685e-01
8.486641869497809632e-01
4.842968744228375554e-03
-5.205536317566276105e-01
-6.103323582933934954e-01
3.660008168520989535e-01
-2.417687403968416665e-02
6.366878084786494751e-01
2.216927281386202146e-03
4.423576331586216437e-01
-3.540614032175388171e-01
-3.078013634825312872e-01
-5.769757412529140650e-01
-6.797160301407819682e-01
-7.530786929548183295e-01
-8.208286483058517546e-02
-6.458127481888117360e-01
-8.007999945264260289e-02
6.775836276268418779e-01
-1.498676276967191197e-02
7.224182324280370437e-01
2.992893833220450217e-01
-2.296467917228763728e-02
8.551606607788879710e-01
9.476287288365962125e-01
-2.911600062705330810e-02
-5.128002600228936947e-01
-5.737039087987934050e-01
5.451546874870905057e-01
1.996737564296388046e-01
6.076925402116747366e-01
-2.950746234039089977e-01
-4.858294828751535260e-02
-5.149087434853426570e-01
-6.015294362910991177e-01
-7.858257312865952748e-01
-4.051658055142221548e-01
-5.712178798364957455e-01
7.135142183405048799e-01
-8.069801601336050456e-02
-9.094943979910030674e-01
6.727332219010441483e-02
1.157766239466780506e-01
8.026246949492560345e-01
9.574925939438228006e-01
-6.342317681919305838e-02
-3.443956372976055835e-01
-4.362047629468003840e-01
3.301881094488609003e-01
1.962963602607473851e-02
1.445676085638507580e-01
-4.662916784391164526e-01
-3.553038439483091060e-01
-5.547214088818137601e-01
-7.918181809686040129e-01
-3.246203547484417529e-01
-4.770137769091200020e-01
6.155027369274769233e-01
2.385308321552980226e-01
6.304848016832595436e-02
8.496976410547274483e-01
9.051927058243494084e-01
-4.966160253110082218e-02
-4.255505888124800906e-01
-5.062811957683925890e-01
3.357859392424200617e-01
6.030386478503886316e-01
1.074870292043493825e-01
3.563725723404078116e-01
-3.747862028270655954e-01
-2.367091742171213431e-01
-5.275568916154358412e-01
-6.443067731195666337e-01
-1.541973854200711647e-01
-4.242885613974508585e-01
1.273932879688154940e-01
7.268671824314496543e-01
6.192131587485050215e-03
-4.432417708225564468e-01
-5.348234324127189993e-02
7.213127568417841973e-01
5.345583929997268502e-01
7.150754113720363125e-02
-5.241752363088285627e-01
-5.518396425153500040e-01
4.579603209754894433e-01
3.492015290194351307e-01
-5.851533063169679638e-02
1.222395028798843458e-01
5.117514872748485377e-01
-2.601274432162788974e-01
-1.229352645021723756e-01
-8.665267235232558818e-01
-5.172996788306885030e-01
-4.679579963434996048e-01
1.626788473016204939e-01
-4.429886469138473726e-01
2.601172074664609424e-01
6.954691881017246446e-01
-9.655291740789175015e-02
5.345831440313194571e-01
4.569388279393956503e-03
8.196332206608925031e-01
7.322871627771524450e-01
5.900589122530947028e-01
-2.785111682966800659e-02
-4.577876742778464458e-01
-5.965614544284050247e-01
5.187172743356750493e-01
1.330580453821786913e-01
-1.185033718640884082e-01
5.113561103874457725e-01
-2.435173255432206141e-01
-1.229369595396933787e-02
-6.269595635974930525e-01
-4.187874495407537534e-01
-5.429638020655425112e-01
-6.493474088885199391e-01
6.786446113644983846e-01
-1.116307668868256192e-01
4.863078119444700365e-01
1.465147686746604838e-01
9.353231496112491827e-01
6.293054470635439657e-01
8.201168770743181291e-01
-7.233782199914151612e-02
-6.516516876745114262e-01
-5.114670514561454606e-01
3.618298430437886237e-01
9.779453374050281478e-02
3.305376444234444655e-01
-3.571795785296540404e-01
-2.940585891647636285e-01
-7.523406957077477530e-01
-5.298590655566236540e-01
-6.642468652386039896e-01
-6.774622895055721905e-01
8.199771242610924826e-01
-6.777403642947763540e-01
-5.740777396863994825e-02
3.990345490432688214e-02
8.788894185056432828e-01
3.507016964360234468e-01
6.387626696286395900e-01
-6.262903363165644999e-02
-4.708986558065361150e-01
-6.441284212278826082e-01
4.131563608850901126e-01
1.064181749943452285e-02
6.737708275024301141e-02
3.758765049611776377e-01
-3.735130197545880049e-01
-1.449602581654784450e-01
-2.850531852633430563e-01
-7.317841108919471704e-01
-5.008892521648402596e-01
-4.521562411288852501e-01
-2.383277391398739009e-01
-5.037059199641091833e-01
2.430973800830277531e-01
7.195850006964763512e-01
5.139755970951498387e-01
-1.513545356341460812e-01
6.998320485417897086e-01
6.523578645258104602e-01
7.449892540772634630e-01
-3.534509793768040795e-03
-3.813526651527309741e-01
-4.394131689256042805e-01
5.492634521948100979e-01
3.808788513756995037e-02
1.233357007243221920e-01
-2.541102711469979680e-01
-7.206656415082191014e-02
-3.558842821658312894e-01
-6.923431146365164324e-01
-2.844640675172565580e-01
-7.157389209130868846e-01
-5.918637257913576116e-02
7.207996723588960819e-01
1.449548731550394029e-02
-6.377802249772314136e-01
9.073279064824971152e-02
9.191484209240987635e-01
6.442909019347695665e-01
-4.139794798164071754e-03
-8.969159349906932199e-01
-5.953211959429781652e-01
6.301590708134705565e-01
7.048767533922412065e-01
9.481388640780663568e-02
5.560273600506402403e-01
-4.133530210103225633e-01
-4.783884700646960642e-02
-4.606657585419028922e-01
-4.598341812285711150e-01
1.355278483825075042e-01
-6.636115078255342414e-01
5.530221778444270875e-01
5.803682044001032270e-02
-6.415614678724147479e-01
-1.416106785728583894e-01
9.833988670463741921e-02
8.813665851837525489e-01
6.131554031671631044e-01
-9.682782897032010672e-02
-4.448185195451696550e-01
-6.101197341266559881e-01
4.310692642409127417e-01
5.674648532310930943e-02
1.885804754246751813e-01
2.741756468374544897e-01
-4.330971513478696910e-01
-1.026972126746030778e-01
-9.477592482338927926e-01
-5.147914208144336312e-01
-7.695989246107737269e-01
-3.675174509692039071e-01
-6.372989601912608659e-01
7.978892651846635209e-01
9.840349520803595706e-02
-8.977127997949286842e-01
1.421338034266594885e-02
1.224534737544356877e-01
8.305073238032165683e-01
7.663164079877992085e-01
7.967711995381672185e-01
-4.705545417453565332e-02
-5.617910604917110140e-01
-6.707795081678510352e-01
1.774862467707996327e-01
7.373074993034470226e-02
4.338170849193804246e-01
4.723882148876674958e-02
-1.796882323826878014e-01
-2.635858144281051363e-01
-2.770351674758535498e-01
-5.663658503292521296e-01
-5.315898726789114459e-01
-1.353845544874628104e-01
-6.470837466675601890e-01
4.374187503374626917e-01
-7.723274025000409493e-02
3.241959546308939011e-01
4.226494056040602104e-02
-3.908652779076073752e-02
8.358700660972941954e-01
6.241603589827082743e-01
-5.095112853852804165e-03
-4.361359513309365776e-01
-4.290331805895752915e-01
4.150778433201798845e-01
-6.242554509202008495e-02
5.252807591852383107e-01
-4.219270057888214742e-01
-3.510324504224004438e-01
-2.108111069255141218e-02
-6.966539104442946995e-01
-6.128091201278234035e-01
-1.593023444394221499e-01
-3.639369822162821233e-01
9.791083009188507325e-02
7.284084549151110810e-01
-1.520071294838332698e-01
-7.047353800676871005e-01
-1.952602004411372466e-02
-2.119783540526637977e-01
8.492321213588788220e-01
6.884808954657620772e-01
1.156461130881510230e-01
-4.686651465413514961e-01
-5.389156616592101212e-01
6.329257768027665154e-01
-6.284786012232017327e-02
6.001151673127405051e-01
-5.082963807557727698e-01
-2.488810818202293051e-01
-5.767284599338324824e-01
-5.996063293795461657e-01
8.822736123295188415e-02
-7.249477412218123806e-01
7.170477916864352874e-01
-3.709773663766712803e-01
-7.026440969028699413e-02
8.620776717826030833e-01
6.385766021516312563e-01
5.290745458202745360e-02
-3.113816421695175252e-01
-6.068374665183298156e-01
4.640139720432276960e-01
2.648443627941333145e-01
6.547818255534711973e-01
2.196493399656850379e-02
5.828456768918632847e-01
-3.151931368744456674e-01
-4.827075651768417686e-01
-3.518140845371929282e-01
-8.545602160272935954e-01
-1.192199026627081271e-01
-5.231014516658227809e-01
2.671160645360316430e-02
4.014635965885397506e-01
-8.382894803632393033e-02
-4.986642015517633308e-01
-5.217532537502704570e-02
-1.687728693781783140e-01
6.527745920439547156e-01
-2.980272307246521757e-02
-3.509062001383003726e-01
-5.513554224210647225e-01
1.927299441310693084e-01
2.559406985412693986e-02
3.709974916809562900e-02
-1.874466260232418857e-01
-3.036950682468068652e-01
-4.803363682420673797e-01
-5.447600140684871750e-01
6.969215913313978050e-02
-5.034446440759475783e-01
6.113472373082942113e-01
-1.209016946204271303e-01
6.363524935575168850e-01
-2.435060141655265853e-01
8.463229857733893802e-01
8.195580092987856391e-01
7.322042499664850601e-02
-5.038752455407105035e-01
-5.546928014931281625e-01
4.442877483587118204e-01
4.819997193409791131e-02
5.483223426635959186e-01
1.435149650766452123e-01
5.885978159008414812e-01
-3.838714514370292763e-01
-2.657285468058631084e-01
-4.435639631420824625e-01
-7.882963833647583796e-01
-4.485056970288678335e-01
-6.012101723402430986e-01
6.635657385653336293e-01
-1.470388503296618564e-03
-5.342889162922453972e-01
1.483009639236235189e-01
-2.097867154001583356e-01
8.172974200417305601e-01
-6.359660786245192876e-02
-4.197158907235861713e-01
-6.166248382673378270e-01
3.856897635199860175e-01
5.448390111579992645e-01
-3.028988415863880998e-02
-3.455185785904615198e-02
-3.707594553676656912e-01
-3.291528449523752342e-01
-2.573866772235027800e-01
-5.949415313145912654e-01
-4.887262080913066797e-01
2.394019248974535163e-01
-6.307163390574491713e-01
7.473025408992257645e-01
-2.090252167591176713e-01
-6.404207974137333670e-01
1.770844784263701233e-01
9.239157389318098934e-01
6.017489663425876767e-01
9.147105678616194169e-01
4.028700265797427113e-03
-6.107877415980739189e-01
-6.415784745532286948e-01
5.303895775759681630e-01
-4.456352912112686825e-03
3.150277608344257962e-01
5.602417576609587391e-01
-3.271816908620244768e-01
-1.697560723314027187e-01
8.749656342973654022e-01
-6.425119281979901897e-01
-7.712853014081981762e-01
1.049351738865289714e-02
-6.950580457760459074e-01
2.167275040990388618e-02
7.890628080881353368e-01
-4.485410567641933549e-02
1.495793737292723524e-01
4.089779205644146209e-01
-7.860743287303988414e-01
8.853584412631531064e-01
8.384676517257493300e-01
-2.424220228392498511e-02
-4.795250575474035992e-01
-5.533713935580363286e-01
4.017579041795077410e-01
7.305958937156316335e-02
6.029574302216163251e-02
4.773229151741793519e-01
-5.952592950565274155e-01
-1.956664068241226184e-01
9.880578998978888361e-01
-7.011101294212539470e-01
-6.847887336712785711e-01
-3.613844480976836637e-01
-1.582445476103915283e-01
-4.951429897897961091e-02
8.829058710863511017e-01
-5.957341693342266958e-02
-6.959716514290436029e-01
3.396565592117046228e-01
8.282489442169294058e-01
7.758753361606069987e-01
2.284288659189623663e-02
-5.845167970358605691e-01
-7.345158202869273012e-01
5.128816956482855627e-01
4.147119029335215035e-01
2.835583698064430766e-02
3.752233652613972542e-02
4.525737414376218015e-01
-4.241929558328684791e-01
-1.755314451573123380e-01
-5.187877100654425533e-01
-3.632932140329815374e-01
-6.168866722725547397e-02
-4.495599582804034045e-01
6.715765938243681843e-01
7.257103848699032744e-02
2.462066124080879437e-01
2.898557239195151958e-01
9.976971526619654584e-01
3.764747318133539623e-04
-4.372706834477317894e-01
-5.279941995773794750e-01
3.465632514351255633e-01
2.105217271793082268e-01
4.644194456025234341e-02
5.227339860252475656e-01
-5.008988036263302135e-01
-2.188003226287480452e-01
-4.861860201129849512e-01
-4.966711670565464032e-01
1.075274248398124244e-01
-6.318274807710289043e-01
7.129254221721580409e-01
-7.362207495508774069e-02
5.819051919829696384e-01
-2.325131922304074783e-01
8.056543707795034148e-01
4.518036743455285387e-01
7.544381553023471465e-01
-3.651574052425471395e-02
-3.596321275195265565e-01
-6.214714650221043746e-01
4.332592130967347632e-01
1.503955443337107456e-01
-5.370512726150050709e-01
-2.199972596756943066e-01
-4.211041805893141476e-01
-7.737561981670523226e-01
-4.850653714041224807e-01
-6.464233526700662313e-01
7.625999148243859382e-01
-4.428826085651547950e-02
-4.941940829780733235e-01
2.322451823242319413e-01
3.073426329955794220e-02
6.929637017535622556e-01
8.416036456202833360e-01
-5.185242470205497431e-03
-5.537645205985590735e-01
-5.925520165844230247e-01
2.983181684678465340e-01
6.301706728124456536e-01
-7.550470993709116826e-03
4.811068972105106423e-01
-4.709074518663862174e-01
-6.874143127451569357e-02
1.611081046750372503e-01
-6.267715630634869139e-01
-5.990880333199239960e-01
-2.962986094394453040e-01
-7.711200397552766539e-01
3.857498654719744846e-01
7.159924085688378348e-01
-7.195711980710706168e-02
-3.918572619404782076e-01
1.454296168827981794e-01
8.279743271814512529e-01
7.884268169276609228e-01
8.498757249292143365e-03
-6.714617694961543259e-01
-4.325024757169063094e-01
4.305428042214611839e-01
2.886045865147556649e-02
-3.058793971695716526e-02
4.741193146607801112e-01
-4.612474826283531337e-01
-7.470247024951713610e-02
-5.771631617562665850e-01
-7.163426634570204676e-01
-4.561159586894575346e-01
-2.988871980801949824e-01
8.145137153022257159e-01
-3.510020249810381215e-02
-7.093557618059027625e-01
2.375686883412075900e-01
8.058601157248275193e-01
3.926801045899248194e-02
-5.543577470678391350e-01
-5.085868584170734064e-01
3.920602064145028431e-01
-4.866365846919638166e-02
4.226709727135996020e-01
-4.876079148699441479e-01
1.808404533104588513e-02
4.329807829801198826e-01
-6.873052735030907856e-01
-7.992279058890001675e-01
-3.011980332910977887e-01
-6.126652459549279950e-01
2.740673467516591688e-01
8.574314085169990607e-01
-1.267450063266971905e-01
-8.052790601582064944e-01
3.455801028400375952e-01
3.696695661876178013e-02
7.848970500445937581e-01
7.860393916681956972e-01
7.795943071034117100e-01
4.964056379198913960e-02
-3.749618191285757907e-01
-5.048005155413687328e-01
4.563530220536166637e-01
5.102793069305741613e-02
9.654547944887112432e-02
-3.729818008346584279e-01
-1.796046572271513542e-01
-5.890202310072256697e-01
-6.725276378500631980e-01
1.058939321487699925e-01
-5.141998060547200433e-01
6.615794571207231911e-01
-1.007691617139305496e-01
-8.534833834162693922e-01
-2.113850094182397402e-02
5.711415129921962319e-02
7.992016759206400645e-01
5.165063792642978768e-01
4.943607034389820853e-01
7.398468802709200209e-02
-5.114100278305994118e-01
-4.053818143707899613e-01
3.721333918864327406e-01
5.576727339064108113e-02
2.329987550600347845e-01
-5.005620405148795138e-01
4.287816991904236374e-02
-5.353555110520515914e-01
-8.043184882266847247e-01
-3.784637812395849621e-02
-3.863243873432565256e-01
5.415062245476208735e-01
-1.064138409818019965e-01
-8.858836001331846788e-01
2.751704715166087070e-02
-1.217824174044871387e-02
8.118842002327714136e-01
6.113220573253396184e-01
6.612172138522643960e-01
-6.430819872067163046e-02
-5.872066219805431864e-01
-4.235198643008775132e-01
3.492865379252874103e-01
-7.073470924016717065e-02
-3.493923277512172576e-01
-9.208030234363631661e-02
-7.403897079748494869e-01
-5.877899786857571085e-01
-1.200011186479278819e-01
-6.569995003126791744e-01
6.699216005027719412e-01
-4.818521748503812319e-02
3.189681323801344948e-01
2.353248127692388753e-02
8.525921876918804987e-01
7.257429353705735497e-01
7.982293506677016204e-01
-9.510207125475064749e-02
-4.260976837064292533e-01
4.558782397239913853e-01
4.073677204547553748e-02
-1.767046899536939492e-03
5.780323950747451311e-01
-2.847862753920176737e-01
-1.052567751439365401e-01
1.487628885054841643e-01
-5.870863898839682182e-01
-6.651133353739058229e-01
-3.453665126899857496e-01
-4.699826399005119226e-01
6.666818210547138523e-01
-1.624434560237624781e-01
-4.237685847691853303e-01
2.001799154400645542e-01
7.166836374873941651e-01
8.785634112039226729e-01
4.672023783459487711e-02
-5.708976602760649222e-01
3.501254657257477088e-01
1.097670512760067357e-01
1.805554462509147695e-01
-4.294438614286977818e-01
-2.458585181329832059e-01
-5.467515652543237792e-01
-8.697573147200704513e-01
-5.708119087655835200e-01
-6.789521990340607882e-01
7.329987865364580024e-01
-9.180712031147814089e-01
8.657056773145715978e-02
8.865297591242030650e-01
4.369655948267929801e-01
9.110762640692602332e-01
-2.922604447810364658e-02
-5.507451166415836541e-01
-3.549647088868170819e-01
3.157160312593760287e-01
5.856955826335469295e-01
7.722328361520375273e-02
-2.585228192614050791e-01
-1.014505702706843954e-01
4.496043856627900820e-02
-6.495747590222038514e-01
-1.242060534522976267e-01
-1.524451906235647081e-01
-3.909700893402940913e-01
8.390482255326781047e-01
-1.253650220242311653e-01
-6.056329555240211882e-01
4.521509832142384111e-02
9.094619746436263252e-01
5.765065637920340214e-01
5.790428651933796633e-01
-4.072589159463223252e-02
-4.564041673710074187e-01
-3.679165808383234593e-01
3.817223679513818135e-01
2.921068314450461952e-03
8.854722745600350498e-02
-2.641452518211613865e-01
-2.994468101992069434e-02
-5.545700165122847691e-01
-6.022922465616913357e-01
-3.146810156447762963e-01
-5.103332633344804803e-01
5.578442710243034508e-01
-2.503882574241722003e-01
4.466105950836078697e-02
5.318119637548881368e-02
7.234849733390371629e-01
7.429780393676639338e-01
8.200240185408661509e-01
5.428114053838679898e-02
-4.295139197679034293e-01
-4.574931736484816325e-01
2.627533208294640654e-01
1.977900230634827006e-01
-4.753996728384966147e-02
-3.781015453618777888e-01
-1.614411735011864191e-01
-2.567220215088742985e-01
-5.840825081249104711e-01
-7.423905072776931791e-01
-3.395351191637918653e-02
-6.934600979751663896e-01
5.809935598061767292e-01
-1.448559259564727864e-01
-5.572542687482221480e-01
1.044213125871454040e-01
-8.591012824403466974e-02
7.838629323582327890e-01
7.741638626463528405e-01
7.897246179683280465e-01
1.822057390246695219e-02
-4.865525177072957397e-01
-3.797172366258836362e-01
5.243798723503012571e-01
-1.013979744113678444e-01
4.550688059073516589e-01
-2.258821517966992098e-01
-2.545214665273506927e-01
-6.501300880334360821e-01
-8.431923262527396545e-01
-5.314388805846577135e-01
-6.270890962476476371e-01
6.854874897217031471e-01
-3.860274518796071724e-02
1.267054096847062272e-01
1.314567895432841582e-01
8.629338597451330362e-02
9.253299219224274674e-01
6.661953773637327991e-01
8.850732704519483907e-01
4.128375623877700989e-02
-1.949725791856472268e-01
-2.087600964321398855e-01
3.582103604741714298e-01
9.534770325735923702e-02
1.826047361146215520e-01
-4.586513683823412180e-01
-1.347234097771720929e-01
-7.626918682322701981e-01
-6.513294639559568111e-01
1.923051172127941688e-01
-5.385868726519815741e-01
7.488532505262035510e-01
-3.654208027886300392e-01
1.197550716874544036e-01
2.555381594608489015e-01
6.976301855158228982e-01
7.693061626090882399e-01
4.246690081263834737e-02
-4.249112994059439652e-01
-5.842326367487147287e-01
4.066146882612137747e-01
6.064977122533325993e-01
5.931808146370379231e-02
5.475391900888060964e-02
4.519274695730530200e-01
-4.307538305356629071e-01
-2.891749585690740476e-01
-5.778992274132891405e-01
-6.703359476511950854e-01
-2.596788716933325358e-01
-1.414806667163963638e-01
2.636010660296960184e-01
7.641391023638171021e-01
9.956809901705469812e-02
-7.220312751676394303e-01
-1.682381996801272650e-01
7.252374337396264581e-01
6.564019192082704013e-01
9.312614448134394485e-02
-5.447056832974691565e-01
-4.459399448548989064e-01
-3.284323797802561895e-01
1.280286512622109962e-01
5.073116955543190976e-01
-3.905386153916201031e-01
-2.620603396633612858e-01
-4.533492566844569138e-01
-7.346113781536864895e-01
-1.372037205983484554e-01
-7.081303340165545634e-01
2.285076016840802970e-01
8.007649585637198753e-01
6.608671500364362572e-01
1.203270710417176093e-01
6.289813282210439394e-02
7.121132799483731457e-01
8.201716360746182932e-01
4.814328128666178763e-02
-5.177160736398360719e-01
-6.045792320760923211e-01
3.816845295557772522e-01
8.480700445530786613e-02
4.489642779856672372e-01
-5.774891714134817722e-01
-1.342549863462915161e-01
-5.937969351519540862e-01
-8.901161835349536977e-01
1.326682817882204601e-01
-5.202680886961390527e-01
2.610986280606054089e-01
7.948749237615206908e-01
4.613695274443898597e-01
-1.265344271798965747e-01
1.457380868680264729e-01
8.615579166410656242e-01
8.199744646706335072e-01
6.011047935629154626e-01
-7.025787522246833804e-03
-3.901113773481881819e-01
-6.150742518629318534e-01
4.438935836285380909e-01
4.040158358010287332e-02
5.604996175831460786e-02
5.373468379950172569e-01
-2.295306835104060084e-01
-7.891156477885680198e-02
-1.674648664133052134e-01
-5.627074752667189372e-01
-6.064999764150469375e-01
-6.582911322385413821e-02
-3.722673113457993788e-01
7.979160881940526862e-01
2.141493694045973339e-02
-8.456104062750171568e-01
-3.332633484270001167e-01
5.881602382450004107e-01
4.294662889921101526e-03
-4.095218128409176539e-01
-3.748263154558046373e-01
3.470446826936564033e-01
2.615240386145181381e-02
5.510064521077967514e-01
5.244773779699143934e-02
6.008880313114777216e-01
-4.008025708002902476e-01
-1.819719767193920396e-02
-6.727050254877529889e-02
-6.565037363719775643e-01
-5.631524436885879670e-01
-2.643692264828870764e-01
-5.052713725475046491e-01
7.977501933674839840e-01
2.044332630153849750e-01
3.219152256614129515e-01
-2.585653810885595039e-02
2.585123760722655706e-01
7.925723951928980160e-01
6.992613937586129591e-01
-2.485188228939946495e-02
-5.145140105943752928e-01
-5.810542372469874595e-01
5.850752846147054820e-01
1.190657823939576254e-01
-5.925369472534396803e-02
6.245793263679679796e-01
-3.567465620658328840e-01
-1.642811518726421949e-01
-4.167195823196991888e-01
-7.175886445508409262e-01
-2.974029339373828948e-02
-4.861092801462416069e-01
8.589252954733107570e-01
1.416809686269828727e-01
-3.436394496082245675e-02
7.793717559190893596e-01
9.746012508698005672e-03
-4.914491571742187759e-01
-5.390723276554492127e-01
3.495454431467380219e-01
1.973421994579343253e-01
5.687217519049165837e-01
6.012330387280367255e-03
-5.319086061999803716e-01
-2.766066767303751450e-01
-7.410377088866427764e-01
-6.501205954562464528e-01
-1.335317074882263512e-02
-8.632086557972000751e-01
7.333871400906686322e-01
2.073936792570538479e-01
3.918249928794614312e-01
-1.697662262087824003e-01
7.481430473655503732e-01
-1.645007580505723072e-02
-6.348099522579201404e-01
-4.396064483001596579e-01
4.237046860589653297e-01
5.286832819139036105e-02
-6.259037535309842915e-02
4.782902706303780449e-01
-4.981020405491714403e-02
-2.799528534637374944e-01
-4.376300933327678111e-01
-8.236221154657644705e-01
3.835680862385183049e-02
-4.737365322076173002e-01
8.309009380425960156e-01
9.667568476550542078e-02
-7.002188536702406152e-01
-8.070805147060629639e-03
-9.595376836688138122e-02
7.112367694287289321e-01
6.108729180549906657e-01
7.454836620925238411e-02
-2.750355617017222754e-01
-3.706972947916708505e-01
3.581199802669379206e-01
6.450491279904492226e-01
-4.958393591466634526e-03
6.521955785126181127e-01
-2.787565065014852017e-01
-2.815171883381433204e-01
-6.449498053773509154e-01
-7.876481727342703465e-01
-4.553495162358618398e-01
-6.963166322989338131e-01
-5.054780226135197063e-02
4.716525656529856336e-01
9.054711226571132698e-02
6.453107198510731335e-01
9.068449526593762300e-02
-1.725122207600670032e-01
8.025023846803109873e-01
9.013246415787452559e-01
6.703105053143785241e-01
-7.572247833556113028e-02
-3.158119291818790586e-01
-5.199555026806922386e-01
3.148342262094863120e-01
9.905576599431659829e-03
-4.462651685723303951e-02
-4.639786748429324259e-01
4.114505977843085915e-01
-3.536925567340457599e-01
-4.195327546440475452e-01
-9.365439013001134461e-01
-2.010965468817690616e-01
-5.394677419922528916e-01
5.945597381179911212e-01
-7.137355629799918555e-01
-1.461735613035866355e-01
-9.346434030497915990e-02
7.561242832316107387e-01
6.543372129639816182e-01
7.246749931591043303e-01
4.557444004685859244e-03
-4.558713868205306330e-01
-5.152691912892378712e-01
3.856082705210981953e-01
-1.062388900402290726e-01
-4.802601369925823538e-01
-1.541002364624467491e-01
-1.902535613490061173e-01
-6.428892138000494860e-01
-3.206379747197576902e-01
-9.013189674641294280e-01
-2.045964349819499872e-01
-4.494243596738707325e-01
7.084175936763029702e-01
2.069687256484186721e-01
-2.580312547511791621e-01
-1.432388777539204405e-01
2.646471112451290186e-01
8.315737099161161217e-01
6.743291642783099116e-01
7.496984978490108809e-01
-4.740550895791124930e-02
-3.870788262520422074e-01
-3.354584014908612022e-01
5.237507730772784642e-01
2.418524163257295551e-02
1.707244512983762119e-01
6.148580198202027169e-01
4.344412304719682399e-02
-2.851928185019938500e-01
-5.967017136019601153e-01
-7.622147679930740827e-01
-7.915270786814050386e-01
1.435170472404879993e-01
-7.876380679978804977e-01
8.100840170449021826e-01
9.813712387659175029e-02
-6.588473056231575198e-01
-6.601461523354222594e-02
5.468745286585391385e-01
5.914329139567562343e-01
6.120287787121615475e-01
1.066730039325301804e-01
-4.859121502951789240e-01
-5.468425556399202359e-01
3.684501135637524571e-01
2.505632717787698582e-01
5.252110411742699769e-01
-3.923604886785834189e-01
-3.597381120089310214e-01
-5.753965887528152967e-01
-5.501607848899132680e-01
1.891008655480634348e-01
9.612546967976186574e-01
-4.358071935110225947e-01
7.741143952430470376e-01
4.670580973593272539e-02
-2.218578153048483270e-01
-1.656427014705265377e-01
7.674682699509683959e-01
5.740278789321884290e-01
-1.407404438457388399e-02
-5.005576814481521586e-01
-3.960150480697317010e-01
6.067511553450438688e-01
1.141848446427894959e-01
-3.919004222318499264e-02
4.694821746450557609e-01
-1.051460552537553383e-01
-3.094155928456355786e-01
-5.498006456070320125e-01
-9.391036771239894554e-01
-2.836953416553248952e-01
-5.368329703244053563e-01
6.559053470854704360e-01
-5.666007135364060227e-02
1.062645156504787719e-01
2.039037326103438352e-01
6.365872753407905704e-02
9.327547934158826326e-01
5.499036276544413404e-01
6.740300141642114884e-01
7.996822144778342745e-03
-4.061547552350511237e-01
-4.630389018392880862e-01
3.676032909147144978e-01
-3.594091368057873714e-02
3.720747332569537824e-02
-3.699720366062231314e-01
-3.556359799947411693e-01
-5.684425913395614316e-01
-7.416492382925756743e-01
-3.641187712309821300e-01
-4.486720581606380986e-01
6.142790390378958243e-01
-5.914950606746963158e-02
-5.494273457285449025e-01
-5.788725051515327541e-02
-3.008453517971135943e-02
8.654683415407925517e-01
5.332058630144892453e-01
7.022359762590141274e-01
-2.714363811260173467e-02
-5.461104257655368110e-01
-4.626974260665623895e-01
4.700946076825622821e-01
1.366671215033546660e-01
8.792352707412368074e-02
6.138966179667756373e-01
-7.680010918349851334e-02
-3.843541911322962967e-01
-7.011356472639411752e-01
-5.431357704951631504e-01
-7.774359998098329116e-01
-4.392589712746972075e-01
-7.009630836902929207e-01
4.819118472822080945e-01
-5.851293429480781683e-01
5.586343995122928369e-02
9.478094287031331167e-01
6.694421985442482459e-01
3.320250566032590875e-03
-4.663903053532473808e-01
-3.990197004804504344e-01
5.006109573448940253e-01
5.912733605382250457e-02
-1.012005303024358233e-01
4.518437508274623648e-01
-2.591387306766212428e-01
-2.676569094560809492e-01
-5.041601008311580312e-01
-6.503313814072858579e-01
2.488001849324407155e-01
-5.963166656643477115e-01
6.204597546691281718e-01
4.960488875771761758e-02
-2.334334644211962517e-01
-8.472790115314809967e-02
2.231448946752296464e-02
8.753595137461339659e-01
5.794678415497420687e-01
6.574197254896090303e-01
-1.321420363658232754e-02
-6.761442264888276599e-01
-4.879520391448262662e-01
5.114499984696894153e-01
-4.058570323457794810e-02
4.162801922055942572e-01
-2.840538096181378092e-01
-4.411273090774894268e-01
-4.697691034381817343e-01
-8.211622536517939608e-01
-9.975554028101406290e-02
-1.658004763392863234e-01
6.899122739845918728e-01
1.802557658461256263e-01
2.460115472741192244e-01
2.210127235739597906e-02
8.195066004920286140e-01
7.780220465466211044e-01
6.130170984736144080e-01
6.680766261207812806e-02
-6.490189619220687600e-01
-4.647991193012613320e-01
4.188031800170907148e-01
-1.396954920204701578e-02
4.691483349731160324e-01
-2.974763319430674957e-01
-2.486926144212964485e-01
-5.469149909051180813e-01
-6.394346996081777812e-01
-3.494605463494849379e-02
-3.658084689726893157e-01
2.622458968988639061e-01
7.333592089970354388e-01
3.442665523941720318e-01
-4.269725952251290368e-01
-1.011724951069293277e-01
-3.613469989053810089e-02
8.621301573275781394e-01
5.930948540334441965e-01
5.794678835335111966e-01
-6.137131722841347205e-03
-3.674892172884715591e-01
-5.734178375363002678e-01
4.619736361620704890e-01
9.789293941195775783e-02
8.052165040368111648e-02
1.903175663335615608e-01
-2.905130926763069277e-01
-5.101540020532739916e-01
-6.885290194171622691e-01
-7.721672066750191465e-01
-3.543182612482971647e-03
-3.874889173281029220e-01
7.424221821094398877e-01
5.901010780207303907e-02
9.836450167863280969e-02
4.675247472786261960e-03
-6.962307545735690884e-02
6.959411709691414316e-01
-6.838510688312931726e-03
-6.793063917646211536e-01
-5.385517974940919883e-01
2.941243967299735362e-01
2.280004520204153076e-02
8.664275055284934024e-02
5.347885983242118835e-01
-3.486123691119368262e-01
-2.012568458421905015e-01
-5.632597646769684774e-01
-6.007392495221876016e-01
1.613800118472143719e-01
-9.550259381690940907e-01
7.806205300420959725e-01
1.509234860915018295e-01
-5.721950206745354262e-01
-1.091407939063390314e-01
-2.165340590111608787e-01
8.821810226016889578e-01
6.594565001119929715e-01
7.888514024417927484e-01
-3.284595001069413878e-02
-6.997871004223977787e-01
-4.884635258332016283e-01
4.211278530526474384e-01
2.146759305275753107e-02
3.623517486458494724e-02
-2.081275223251368989e-01
-1.471243558678125563e-01
-6.492107106325765153e-01
-5.608153985918026274e-01
6.243510842590195564e-02
-5.851170791412579897e-01
6.594618559452659623e-01
1.310588134890046108e-01
1.592394930787463248e-01
-2.486305421932375262e-02
4.946458315352697532e-01
-1.872466274532496450e-02
-6.916686751011948964e-01
-3.912887277354371030e-01
3.317683973725331081e-01
1.268995304587493093e-02
-1.106644758853172206e-01
4.388253667964405746e-01
-3.569881117978599971e-01
-1.430601632765726994e-01
-5.973734737150596663e-01
-6.423444285593108427e-01
-4.589390283230372347e-01
-6.415207488284241366e-01
6.986655781748403182e-01
1.856866221928414606e-01
1.337417521177447499e-01
5.873835421361941339e-02
9.526387881616330544e-01
7.856440651853884294e-01
2.406111261516209396e-02
-5.378128237853988525e-01
-4.756260361425633798e-01
4.688596759874819608e-01
1.487088138974632656e-01
4.726689921288317886e-01
-1.370593160707674063e-01
3.810519641810510283e-01
-3.191358783108950714e-01
-1.903728687831341415e-01
-1.943778632741393897e-01
-6.002881123345888970e-01
-7.563416246385432640e-01
3.056046022838347920e-01
-2.849386913737005367e-01
7.950418577429092526e-01
1.435510326652215951e-01
5.315615868861638393e-01
-3.693082576485015589e-01
8.755772883482677849e-02
7.604077990875253157e-01
5.206659957140039596e-01
-4.931664441205595856e-02
-4.754198850762580419e-01
-5.658250457343234618e-01
4.395096097613470087e-01
7.666367831507247925e-03
7.665161683680574156e-02
4.532045850937179154e-01
-4.366937630982171137e-01
-8.485080777799754170e-02
-6.136167371991458896e-01
-7.222582340090614172e-01
-1.897753637582074437e-01
-5.022585421123542115e-01
5.794293840028487130e-01
1.765765484745460134e-01
1.972055422583994244e-01
4.399492517531872204e-02
4.845374206069069309e-03
7.836863701596106235e-01
9.052442631297515918e-01
6.316643979810699916e-01
-8.491449086901919907e-02
-5.323203936310432205e-01
-5.117720776544099071e-01
3.052292285819507844e-01
2.018413490435412919e-02
3.416982129759839615e-01
1.623180369341037099e-01
-4.961086578598348784e-01
-1.494137665483046551e-01
-6.280369167201607095e-01
-7.107112711524883331e-01
8.076890350306008270e-02
-5.628617156584692083e-01
7.730844591323439152e-01
2.026754216662882691e-01
2.827547511895563415e-01
7.112711836723234482e-02
-7.862942726658210535e-03
7.537707240302169431e-01
2.111873772943490685e-02
-4.415410524830578054e-01
-4.396852677196916304e-01
3.114629016916125592e-01
6.687700708687918660e-02
5.217799856094483824e-01
3.958680825879319631e-02
3.627855351785506111e-01
-4.730455442348275308e-01
-3.345930333853371907e-01
-5.660028679655522144e-01
-5.223014274440183069e-01
-2.026113426754474200e-01
-4.067403931300913045e-01
5.311777646886746140e-01
8.788394517619844276e-03
-4.084193829750347171e-01
8.350415460981128191e-02
3.903560416448491333e-02
9.179583976761827024e-01
4.859065482486779053e-01
-7.249934456053275245e-01
9.129493360280238612e-02
-4.989426729149181172e-01
-4.446188715848017337e-01
2.357374670115678084e-01
1.506774732709677822e-01
-1.293465590707356012e-02
4.925781916902182700e-01
-2.472024762677247078e-01
-1.376575124627284208e-01
-6.207635740109597178e-01
-3.551226912102803390e-01
1.305918137531771883e-01
9.759283910497259518e-01
-2.632057346526198160e-01
7.985263733702079314e-01
1.616859913079612965e-02
1.874090802637176922e-01
2.710559754931603921e-02
8.437380920654781180e-01
5.342507797530218205e-01
-2.294087796012179645e-02
-4.973782892183420401e-01
-6.056465490018589914e-01
2.770319516788457559e-01
-2.301288663060706979e-02
-2.167074111668404468e-02
4.668992324950176909e-01
-1.191953868197334621e-01
-3.734736330266562598e-01
-6.172136063381682414e-01
-5.987960465446574565e-01
-2.552023230737330076e-02
-7.857009039943745332e-01
9.133296785832206721e-01
1.919726305443514025e-01
-6.597948727757573240e-01
4.917790855142187972e-02
-2.197649225290847219e-02
5.254015368500128957e-01
-1.724095935258825735e-02
-5.239240617480088735e-01
-4.419846043640972555e-01
4.588982712809774323e-01
-3.958214415840567713e-02
4.253523606609310032e-02
-1.163480451765165763e-01
-1.257173109273518052e-01
-7.652306545122838921e-01
-5.342812321606296155e-01
-1.451069132659009095e-02
-3.521808986271132147e-01
7.722950702443518445e-01
8.028816674678965204e-02
3.610340813373059121e-01
3.305370562790359984e-02
8.931883831370562854e-01
5.885647341515429787e-01
7.003685308578676549e-01
2.848804236500666540e-02
-7.015755490921924409e-01
-4.699983371582468483e-01
2.815190379191406245e-01
1.811913565733168918e-01
7.780465555584889156e-03
5.583188806487546785e-01
-3.647481845054963423e-01
-3.409250587550332057e-01
-5.848815964095375186e-01
-4.493530103968909617e-01
-7.878880603918486658e-02
-5.254087464649105366e-01
6.100677745411323682e-01
1.255557147130101185e-02
1.144875978400532873e-01
1.419280037711265763e-01
7.586231887540321323e-03
-9.220546744485128565e-01
7.562043333251727839e-01
-3.146730775780096079e-02
7.522483545479532463e-01
-4.931566935629418946e-01
2.869138727271301481e-01
7.740843464590306533e-02
1.619344718178532261e-01
4.115199410749927345e-01
-4.578252954319317336e-01
-1.900924067367917858e-01
-5.417838093450580983e-01
-3.874789074029175162e-01
-1.134352415322417186e-02
-7.788919835303530492e-01
2.855687163769588532e-01
4.557998595693297794e-01
7.164839045411602880e-02
2.268773978494439958e-01
-9.939861480966191709e-02
8.368317174496575639e-01
6.285900400697359558e-01
7.786371775069435112e-03
-9.944098054768460981e-01
-7.077491177681005663e-01
4.171678635055411921e-01
1.388397969375433916e-01
5.861906666826987022e-01
-3.337783160422907458e-01
-2.962718540798344735e-01
-6.096548609746762493e-01
-7.020046441931522274e-01
-6.386910196939321605e-01
2.838682025482866869e-02
-5.261457525610293562e-01
2.264693078313914920e-01
7.582220271726345384e-01
2.905706297446924297e-02
-4.883959273721004690e-01
1.284365751259984867e-01
1.581404867710636541e-01
8.781756144603743985e-01
6.460349708775172672e-01
7.861695327756365037e-01
3.487346508041284238e-02
-4.956727279917749751e-01
-5.056364786760626506e-01
5.130693961283734339e-01
4.048884612398708643e-02
7.013074532916208081e-01
-1.253028114460205122e-01
-1.280589724006379049e-01
-7.599302712729367748e-01
-6.103952527738348843e-01
2.988528052658178530e-02
-7.867112684265997746e-01
3.675647070522663484e-01
5.808586129439817780e-01
1.888589660426908678e-01
-7.426747521908318994e-01
-3.998947821985255890e-01
1.770958099141901540e-02
6.530304246163314286e-01
8.148781017382062952e-01
7.804427689181510086e-01
-5.192114722687123790e-02
-4.007209588989135707e-01
-5.602942491674006709e-01
5.598255244652180496e-01
1.419300265340743272e-01
-3.353966395794531156e-03
6.271296600048144043e-01
-3.058431741692156369e-01
-2.746719728881588662e-01
-7.616954406940811273e-01
-4.788644744629189653e-01
-5.221229250525222243e-01
-1.283412619528188636e-01
-4.414725729816096900e-01
1.589180002444437190e-01
7.268850725943403202e-01
-4.056571669646479722e-02
9.057950486221762187e-02
3.491150890618523184e-02
7.087040841951343095e-01
7.015028104049926272e-01
6.600173091652249413e-01
-3.158352477546511744e-02
-6.794443356345514218e-01
-5.294461336036031529e-01
5.492884862218408992e-01
1.326786542680641057e-01
-9.101160111857152513e-02
3.833986046811815873e-01
-3.764749048766350414e-01
-1.758848524955300419e-01
-3.748249636138642482e-01
-6.021203987325814966e-01
3.823062085730612181e-02
-4.860066878546533964e-01
2.138706512241488056e-01
5.996911156905100349e-01
-2.238654326872404222e-03
1.162785725934122744e-01
7.366018227966807108e-02
9.531792234595369839e-01
7.357970853002966383e-01
6.113824000932199798e-01
-4.625465879673994890e-02
-5.166013286690116502e-01
-6.536276595834360492e-01
4.100886253828043837e-01
4.577362185602205230e-02
6.899929773897817142e-01
-4.198415894345250976e-01
-3.032262931114620419e-01
-4.590202633647028629e-01
-4.145650731491335450e-01
1.507617344515012059e-01
-4.720416807087132738e-02
8.224472605781307788e-01
8.752494715785853752e-02
-4.388578995711266417e-01
-1.121645634298046035e-01
-5.424694828065574487e-02
8.126249324697892851e-01
7.986293032614357745e-01
-3.289955272591115615e-02
-4.657902996261745754e-01
-6.055464715247843577e-01
5.424507644437290832e-01
7.907226771484084094e-02
-2.477335345231808372e-02
4.956318154901257489e-01
-2.612809715199048144e-01
-3.153973754264496887e-01
-4.437140593050536985e-01
-4.308567070379577535e-01
3.426635339591989071e-01
-4.367873322460232854e-01
8.368169639735016929e-01
-5.806184498019274776e-02
-6.866041320584375107e-01
1.494563961653076478e-01
8.859179624266843023e-01
7.994242465644284534e-01
-1.202974740523486269e-01
-5.304540104847192961e-01
-7.947157512133417034e-01
2.643113497043755311e-01
-1.868729253318746064e-02
5.544429935942493115e-01
-5.677937475625147862e-02
4.367672917013969980e-01
-2.798829611436544074e-01
-6.944526850482463098e-01
-5.099591898221444985e-01
-1.861586008147805282e-01
-4.649127588366236408e-01
6.794640297763986370e-01
-1.274286183495739744e-01
2.783900398873334070e-01
-9.767832924147482054e-02
7.535131162635521074e-01
6.726032272495576780e-01
-4.664026864383798848e-02
-5.717504080979782799e-01
-5.799475420747485233e-01
3.598557941874225841e-01
7.460541830726645507e-02
3.181000361083914374e-01
1.184693359114204064e-01
4.742596580039593057e-01
-3.239573351042459026e-01
-3.182294071090468468e-01
-6.378930380717974247e-01
-3.507448361646749446e-01
1.574390890511800922e-01
-2.088001617514725627e-01
6.885598625595921174e-01
6.705927274372035229e-02
-5.785281483171770267e-01
2.908717672754029121e-02
1.274772957988248301e-01
7.487718467069595096e-01
7.295132843214598151e-02
-3.382771592202175048e-01
-6.120952256010322445e-01
4.471355424747811558e-01
1.458456291611330384e-02
2.241224673238438950e-02
-2.214402314599646093e-01
-4.452448995903688922e-01
-5.568952631144743481e-01
-3.893783503986392724e-01
1.026969493628904218e-01
-5.008195227349175882e-01
1.614559276899121265e-01
8.178105841641590823e-01
3.379705976099919851e-02
-7.237121032576423474e-01
-1.800143555192718625e-01
-3.481540991545387098e-02
8.153937968586812968e-01
7.577213555853540283e-01
-3.489825358958782708e-02
-6.028302143590990037e-01
-5.275852509169194349e-01
4.418519099667770900e-01
9.271425116167056682e-03
-1.745243530661516329e-01
2.590512026266586498e-01
-1.638431552287177295e-01
-3.374880717063539204e-01
-5.227435963497301108e-01
-5.645935397749171081e-01
-3.763351317537472762e-01
9.631532223935773684e-01
-7.238172282672387103e-01
8.010754337670445979e-01
2.726134718323430239e-01
-7.522238264555844989e-01
-1.775813771737055555e-02
8.718595035151945893e-01
6.641666533986928522e-01
8.182115909263441011e-01
7.045007726378325896e-02
-4.642388586117530136e-01
-4.933854889609127214e-01
2.850831484805761429e-01
-8.009462462229988144e-02
1.013075450184410531e-01
4.779103181973987091e-01
-4.321507102810669965e-01
-3.016919473058466417e-01
-3.493696767585326990e-01
-4.962047920560125336e-01
-6.122085593257269309e-01
1.048921286420705229e-01
-7.118432004757779819e-01
3.105108125674500563e-01
8.208841463097212854e-01
1.425616339524299336e-01
-9.390926264244665589e-01
-8.408511633064831917e-03
8.765530881529324247e-01
6.990306916416958449e-01
-1.820499109700959503e-02
-4.821170039881071956e-01
-5.715435224611247200e-01
1.592313980690898134e-01
4.657743498170883178e-01
-3.018027852192339475e-02
3.082582375703504796e-02
-4.720389731747246520e-01
-3.990943624409409862e-01
-1.568966854948145584e-01
-4.859789015025609560e-01
-3.240994982984611861e-01
6.011907995511434760e-02
9.757256862618481907e-01
-6.033142318043202001e-01
3.510654953822365254e-01
8.602799918095962450e-01
-5.126055911309673058e-02
4.521273153346447304e-01
-7.987460098894261229e-02
1.330107673776769264e-02
8.524618499670044702e-01
6.008292072521367322e-01
-1.042274718973237313e-01
-3.346750276512190370e-01
-4.713577198643038035e-01
5.173043203860548944e-01
6.362961963176144708e-02
2.021845921495566412e-01
3.302827216836589086e-01
-2.640915557841702621e-01
-3.037285458583512399e-01
-7.307372338157078762e-01
-7.335853611524221218e-01
2.863165471134047069e-01
-6.415258984734137915e-01
8.121027164304528423e-01
2.367724326863297202e-01
-4.249948239007965145e-01
5.720992940797738763e-02
4.680432315791238423e-04
8.080725887956857756e-01
5.785754805298493064e-01
6.089128669849117603e-01
2.394948150102573989e-02
-4.687739370425748064e-01
-4.742287116651519030e-01
5.691927728810971532e-01
5.545206855278807939e-02
-2.366272791111938625e-02
6.253272955456896653e-01
-1.988100914761811722e-01
-4.487726525705454939e-01
-7.290139811963514127e-01
-6.651971554230468042e-01
-6.895050220274465680e-01
2.370793529133797262e-01
-5.939952955686510494e-01
8.645719118625312394e-01
-2.633941967111272028e-03
-6.541483329380571865e-01
-1.560328103456066484e-01
1.937106289621547128e-01
7.791978138220905237e-01
6.402529628506989923e-01
5.712091149667685164e-01
-4.095693118457053444e-02
-5.212131346441243318e-01
-5.146781487942883038e-01
3.822734173849294259e-01
5.623179353479793724e-02
2.524336664025295801e-02
6.488904926115267591e-01
-2.890196507418863470e-01
-5.776453581271977222e-02
-4.348580487226321734e-01
-6.059703643706044751e-01
3.597620466183389099e-02
9.777420005697221583e-01
-5.935798702896140089e-01
7.896411643341789688e-01
7.255800549459288928e-02
-2.377181766765126547e-01
-1.205023538600537431e-01
5.046013735025044189e-02
9.215090565307940684e-01
5.304016191486710108e-01
7.104408844559435554e-01
-4.597293869421251872e-02
-5.504701646865116649e-01
-5.581519571970235960e-01
3.721032348696860503e-01
-9.255816955221091505e-03
7.183741972576366264e-01
1.213978527829625426e-01
7.634917809023675783e-01
-4.836973679455833786e-01
-2.821660498288321439e-01
-6.088577007749537140e-01
-6.584320925253257517e-01
2.133568500345228436e-01
9.576492920505026429e-01
-7.071722818607688588e-01
6.867563173190928127e-01
2.598977407724260835e-02
-4.119331672423499624e-01
-1.012089095136663730e-01
-1.443637340100428594e-02
8.297220445582669246e-01
9.560950738577301822e-01
7.013485157219725430e-01
1.556253983151791032e-02
-6.059120449770578620e-01
-5.640344370228208559e-01
3.348328515951672912e-01
5.500273783224737811e-02
-1.307408194508595800e-01
-3.807504995023535677e-01
-2.529668927658459965e-01
-4.635899010044279844e-01
-6.793773120884603056e-01
5.282302300795720801e-03
-5.463851032677791153e-01
7.911930455946790675e-01
-7.899278076985167818e-01
-2.172201706119704645e-01
7.866874617232126887e-01
6.282102366166562035e-01
-9.223418516094794573e-02
-3.882123030244948314e-01
-4.681782693135759232e-01
4.419077499049451907e-01
-5.535084994092794031e-02
3.788194132901165356e-02
5.219435084339818509e-01
-5.748656645181008384e-01
-3.810542509084692830e-01
-5.840891366987034372e-01
-6.880472859124969753e-01
1.547130490934792435e-01
-6.521612298053721668e-01
7.840587989593330587e-01
1.740842085795376304e-01
-3.964110213801965710e-01
4.817812684545562038e-03
-1.200446703047700625e-01
7.540346990631449087e-01
-7.190184479907406334e-02
-4.756290505469409902e-01
-5.643866374549530995e-01
2.955045268998440777e-01
-9.073012918655851133e-03
1.082760848214009697e-01
4.501785064903906508e-01
-2.434139700292981268e-01
-4.174834351658711640e-01
-5.433046633349399857e-01
-4.890276752296879859e-01
-8.143468374745338467e-02
-3.597372520420035191e-01
8.114838279365051976e-01
9.892976007700764185e-02
-5.569601111702455754e-01
-6.489982069148265975e-02
1.633417759996853014e-01
6.788227416777141698e-01
7.423780815751221951e-01
6.288919892106659137e-02
-4.356172837492873762e-01
-5.822249217351267436e-01
4.255891192937029111e-01
-5.787501157000651125e-02
8.551499656536962757e-01
-2.454356875379990199e-01
-1.965323761026044058e-01
-4.252196281214603024e-01
-6.482359796964378695e-01
8.667621780389699049e-02
-1.498331266238294435e-01
7.957457866162398474e-01
7.594248897680314081e-02
-2.575971410552502783e-01
-1.033836743499705613e-01
9.434239312496655039e-01
6.816487166748419479e-01
1.967983921088285390e-02
-6.439541220848251646e-01
-5.365599025374246933e-01
2.233988838999055593e-01
8.201338603351800149e-02
-1.143882614728777142e-01
7.531017707488065760e-01
-4.024348566573207053e-01
-1.863775530907987588e-01
-2.682253680604415047e-01
-4.779111035304721700e-01
-6.226505953649692504e-01
-3.350133370261268451e-02
-2.854555732537327195e-01
8.025136473493428291e-01
2.557560705016064251e-01
1.649089753951231141e-01
8.798725015293671348e-01
8.608074620364238871e-01
7.012537316738632898e-01
4.695670458534668273e-02
-5.569251700321108389e-01
-5.491826121611260714e-01
3.820301961107814837e-01
9.598896307273126205e-02
-1.693258763050427620e-02
5.349288564326153406e-01
-3.632461320250680026e-01
-2.862184820740142910e-01
-2.812948850396813083e-01
-5.397314387122000845e-01
-5.659152912058073026e-01
-1.594364327745712850e-01
-4.381771303791570094e-01
7.575714097149759407e-01
9.036301697081787487e-02
-5.233560136398019980e-01
2.927975102284057218e-01
-6.200305990105330067e-02
8.669884888818487623e-01
7.185832043129442015e-01
-1.763849781586620535e-01
-4.803946344332618024e-01
-4.302225903551297193e-01
4.669450714676237069e-01
3.737191819952796479e-01
-1.301429521385769894e-01
-4.518057121911513152e-02
3.318361654528143578e-01
-4.292334037610218145e-02
-2.906932913874731850e-01
-6.041813500968724604e-01
-7.078188756113191760e-01
-2.663548301024218357e-02
-5.491351330773754924e-01
1.385135142572305189e-01
6.189015262785745319e-01
-5.684651534749435298e-02
2.356107934517188696e-01
-1.392373355700192161e-01
7.378141956180386263e-01
7.072864420927205131e-01
7.784071476637551834e-01
-5.033108220248790760e-02
-4.839357399534888193e-01
-5.096559028372166233e-01
4.325318075718462829e-01
1.021003374449821754e-01
5.397530411101394421e-01
-4.058349003057931670e-01
-2.796678862820080602e-01
-2.112833794423518152e-01
-5.731316733077601588e-01
-6.285212252637988328e-01
2.016555624032819183e-01
-5.792733725779951603e-01
9.106551578001882419e-01
3.763767466518202487e-01
-3.198474191270879452e-02
2.202375176811912083e-01
6.775290829987902219e-01
8.740454641150366966e-01
7.247829189071213207e-01
-1.447698489683710635e-02
-6.413414264525202357e-01
-6.051122598532353569e-01
4.107023118780077642e-01
4.814605977808466414e-02
4.440984032187494934e-01
-5.054965028110663949e-01
-3.343638762628539096e-01
-5.574669305610805425e-01
-6.627430402168851264e-01
2.440667982841085958e-03
2.322665196172444546e-01
9.207824472456672682e-01
-8.274249743838267557e-02
1.817984269512192275e-01
-1.410648543653228448e-01
-1.478188785444018924e-02
8.733814127983882125e-01
6.877854692777430889e-01
2.432095281563468464e-02
-4.426186557973150193e-01
-5.158612233549481063e-01
3.553705238079064022e-01
-1.615034410581067670e-01
4.015317148262462221e-01
-3.281232369891496914e-01
-2.896412295107207990e-01
-2.398535820723141920e-01
-5.756250856573082997e-01
-8.641851899172771079e-01
-2.246397874524107829e-01
9.599847829517489384e-01
-6.739760602914549592e-01
1.280748256968482768e-01
9.510737690561404944e-01
-6.924792568529627990e-02
-5.624716961623128508e-01
-3.523669845663811306e-02
7.359336344352308996e-03
8.371976586562396294e-01
8.768896620844514045e-01
5.769656948030918997e-01
-1.562396724913379074e-02
-5.069313859452099225e-01
-4.789608970312910219e-01
4.853579696091316897e-01
7.494967343403287525e-03
5.997470296207012552e-01
1.586004091289110463e-01
4.568216912292760168e-01
-8.736476936020957929e-02
-1.777655286890557351e-01
-4.623701966732767649e-02
-6.065639171381808081e-01
-5.935619506050497929e-01
2.136577042177175700e-01
9.956892964531864898e-01
-6.387673585421802525e-01
8.277944436879927093e-01
4.358447484534998251e-02
-6.396628592536327540e-01
-2.296258235467345532e-01
1.268356708000789035e-01
7.191163010530932098e-01
7.657191445248945350e-01
8.332030207906266916e-01
9.298910014602351781e-02
-4.002162806101776660e-01
-4.000806528501871795e-01
2.497939290946042945e-01
-8.975369585085017643e-02
-4.218571478738132874e-01
-1.277926299894330819e-01
-4.916190106698395401e-01
-4.782447943217069120e-01
-1.911560971015530408e-01
-1.878915296524031886e-01
8.441454430362362871e-01
5.217078251994389237e-01
-1.017573880396967917e-01
8.900770230114597448e-01
7.288710288302419071e-01
-2.786702474888915620e-02
-5.545545189728748880e-01
-7.055938803710924967e-01
4.391631053219260394e-01
-8.420124575043326509e-02
4.613981597355932274e-01
-3.113725559474978533e-01
-2.739567127590517015e-01
-1.573402167733287949e-01
-6.580271941433238903e-01
-8.076107723830946439e-01
-7.338032616411109196e-03
-8.169357906076266662e-01
9.379263921030898121e-01
8.590556965982935889e-02
2.452170019720947558e-01
8.947338852410764709e-02
8.104738398713534631e-02
7.348825757199874964e-01
8.405450505398917027e-01
2.878953182660266320e-03
-4.342509623895263737e-01
-5.246054609621726428e-01
3.345068552203179779e-01
6.443887720485334814e-02
2.798205995032990723e-01
-2.528546214296384376e-01
-1.312305170865730175e-01
-6.047861412420905136e-01
-5.212721902083452541e-01
-9.294582029927242472e-02
-5.846993825407934553e-01
7.890720926064542784e-01
2.871982748133438124e-01
5.029471584519363825e-01
7.220759099471749098e-02
1.847945565998305173e-01
8.397989650735347977e-01
7.697269091189533619e-01
-8.888988039271832065e-02
-6.221795884189127435e-01
-4.173878166245781340e-01
3.977325040943994194e-01
8.092520344872929094e-02
6.511304083301627799e-01
-2.099624898450120070e-01
-8.098146815170120805e-02
-6.935557912609633391e-01
-8.561676072952890681e-01
-2.830404703732268268e-01
-5.567441512913018364e-01
9.398676372170110538e-01
3.617006571450480656e-01
2.407806320562051461e-01
1.748849394312034788e-01
1.307614131686339887e-01
8.035334631526653837e-01
5.595048123238290927e-01
-2.211947251605704892e-02
-3.971903779518731747e-01
-5.047114380617494511e-01
4.305238620443844755e-01
2.664283806222175199e-01
-1.824277809328126929e-02
4.398555138054666691e-01
-2.879240490411220099e-01
-2.581141966089358641e-01
-6.395048718125121434e-01
-6.820809089015399396e-01
2.901685893580289721e-01
-3.158279766826792012e-01
1.241469232736243239e-01
9.066668729755223977e-01
2.288143868410809079e-01
-7.793637391344985232e-01
1.713028624498688923e-01
9.241692681790465713e-02
8.666092018659453666e-01
5.960229190865354854e-01
-7.499693859572652277e-02
-5.242160661510442132e-01
-5.662688313246511118e-01
3.778794034683012892e-01
1.296189344865676663e-01
3.869199749339683001e-03
4.514611639549471200e-01
-3.250101302838677708e-01
-2.832475880732285844e-01
-7.785558821646050287e-01
-6.017298419381266195e-01
-7.553568566481499991e-01
-5.537972142423807087e-01
-3.963487168630484558e-01
8.957958751511873041e-01
5.515157312858736879e-03
5.164812424364970123e-02
2.645264973427386979e-01
2.033759191670653915e-02
8.794790318743438418e-01
8.275820771526050112e-01
-6.439507288676078745e-02
-5.893680999874912896e-01
-6.082584684693728150e-01
4.811102318978440762e-01
7.613241720938375423e-02
-4.693770283118747083e-02
2.466947289822494505e-01
-4.082028939253882216e-01
-1.189166462922738032e-01
-4.747916037845270609e-01
-7.028533299373616039e-01
-1.847283274518932150e-01
9.086503421104099587e-01
-2.904925791930203505e-01
1.702368183677379354e-01
9.093850170793786880e-01
1.646412206275051082e-01
-6.005244014877769709e-02
3.176766874714816447e-01
-7.247018773374294676e-02
7.047474413267291737e-01
7.378717231747826677e-01
-1.085780915665607027e-01
-4.911261866407942156e-01
-5.488570091297959586e-01
4.595691541517520351e-01
1.806653055676675779e-01
9.826058217132861705e-02
3.465236074550174794e-01
-2.449782404335227870e-01
-4.275294559490580015e-01
-4.764507705674486115e-01
-6.622577082110662205e-01
-6.910351989967344899e-01
-7.850773563867045890e-02
-4.176775920197371983e-01
7.857792377313912446e-01
7.380954265997047292e-02
-4.823272239274818962e-01
1.787837566247154342e-01
9.419386897928526403e-02
7.609688852075147114e-01
-3.212413210518616502e-02
-4.599819821738286851e-01
-5.098981478447536242e-01
3.987597823493244098e-01
-2.100459333345380472e-02
5.997259137537813700e-01
1.997904001546360331e-01
5.001453399120175947e-01
-1.630597042260096829e-01
-2.964994478683647960e-01
-3.910196612680292283e-01
-6.825633339580641223e-01
-5.137154381567390349e-01
-2.819336007342654882e-01
-1.135384699336283720e-01
7.347241917190890925e-01
2.004563991911398335e-01
2.505894839459735235e-01
1.361875018246391615e-02
8.013603392279883275e-01
6.747164037692652272e-01
2.679702879767860077e-02
-6.055920248889854474e-01
-6.089505469173758234e-01
4.775827906802202483e-01
-6.261478863158510821e-02
3.984762051780085246e-01
1.841193829198325971e-01
5.760876614260076467e-01
-3.807376779197059191e-01
-1.666147813827648927e-01
-4.355720829462035870e-01
-3.815692940114389087e-01
-4.991166077581666305e-01
-5.848436411105838451e-01
9.125438437953533599e-01
1.921153501589017154e-01
-8.044765255204094911e-01
1.290696413824850841e-01
8.911729943725346104e-01
5.770355171009944328e-01
7.805677624459005370e-01
2.553336083972810797e-02
-4.089608468440572020e-01
-5.416496474186887067e-01
4.089204520894453299e-01
1.602066178462347723e-01
-4.577510456176197423e-02
-3.006846392743790508e-01
-3.959178911617585589e-02
-5.657302935133650124e-01
-6.398110350715419115e-01
-4.242910572109730438e-01
6.812662454805799850e-02
-7.967092335954474303e-01
8.560826830588850189e-01
-2.518471789056857604e-02
-5.960977368782601760e-01
1.176060390519640536e-01
9.005288016599992673e-01
7.988927736050439599e-01
7.420123325646577062e-01
4.370977361165547664e-02
-5.091124111521220241e-01
-5.273499128906954381e-01
3.160010501260266946e-01
3.319959040680476869e-01
2.674288785319051676e-01
3.581472177536623169e-01
1.847463725046795124e-01
3.303040139198605840e-01
-4.032358859042495247e-01
-2.305891778967797956e-01
-5.466684769816371192e-01
-4.299527191635703072e-01
-1.374947913843210523e-01
9.997459229545400117e-01
-6.221752963370822398e-01
1.831107635883151841e-01
8.982726150736529691e-01
-3.124506234253713113e-02
2.978871173440413300e-01
6.868658801072653752e-02
8.691235550465550297e-01
7.673283390441814067e-01
6.678642234611273931e-01
-1.128128801950017690e-01
-4.561053103320644175e-01
-5.237862449107506535e-01
4.528306519644922923e-01
1.184406980782054530e-01
7.852717172230745668e-02
6.167743325937670162e-01
-2.845705378294250965e-01
-2.146029358500381456e-01
-5.164582870312895979e-01
-7.300871806009483489e-01
3.867618138990001116e-03
-4.023555419365671959e-01
9.018525534058321469e-01
1.626986694549520940e-01
1.402701220636236867e-01
2.106979026770455787e-02
1.812710392876561855e-02
7.271601625704290361e-01
7.376107787245764769e-01
7.545087527121119297e-01
8.937307638018884490e-03
-4.916707000452076315e-01
-4.712413836090513231e-01
5.270417366890497446e-01
2.546605866976665022e-01
1.791583340378047617e-01
4.032067064080397389e-01
-4.515613228210967889e-01
-2.465672963601124312e-01
-3.636710883374002501e-01
-6.469622739934460798e-01
1.717577704139291450e-01
-6.392996692133702252e-01
9.861644142202085073e-01
2.093848738692420663e-01
6.275340897413592134e-02
1.294243145049217003e-01
8.204674093954809067e-01
6.184704574227657403e-01
5.301500426528387155e-01
5.623596380105735926e-02
-6.198509391891652287e-01
-5.293473099888743594e-01
3.845087622654280723e-01
7.758231445663939241e-02
-2.167324937677631846e-01
-1.866831688043978921e-01
-7.307893463415409130e-01
-6.829114366799748925e-01
-6.773001226982749978e-01
3.454417314451336263e-01
-9.949627513167446091e-01
2.004792797309774832e-02
9.630816366284262742e-01
1.671277998088581684e-01
-7.729680444159785502e-01
-3.792178627663762153e-02
7.540608241826960434e-01
6.356047715791910413e-01
6.241773418295555320e-01
3.616514871606177350e-02
-2.401434118408892204e-01
-4.973377182662169771e-01
5.759546169906654134e-01
-3.770653503740525325e-01
3.758670755436426258e-01
4.931393795970865496e-02
3.585006486811773696e-01
-3.598802461498861183e-01
-3.764079666948234038e-01
-8.166097239260338148e-01
-4.895124604789967138e-01
-7.312206966266074915e-01
1.275043403448712087e-01
-6.151997269329922968e-01
4.061121573914902583e-03
8.931474820094642553e-01
4.916423729636896361e-02
-8.217167120158858085e-01
-1.084159184947838389e-01
1.721061013824917024e-02
6.650297511430265374e-01
5.077726240690928483e-01
5.225280749462494351e-02
-3.577313177333566463e-01
-4.593547955773316094e-01
4.295297660059808620e-01
3.070016947591249629e-02
-2.330337588570859098e-02
3.998312199862633087e-01
-3.104267217553184910e-01
-2.417194112795280694e-02
-7.518011355347482549e-01
-6.523730615586080805e-01
-4.300669162894513176e-01
1.623419924259957015e-02
-5.123773749067791483e-01
8.916064695606985557e-01
-1.500697950453663831e-01
-4.374089211849894188e-01
-1.108373805053015360e-01
-1.449099899005639736e-01
9.296768986233642229e-01
6.915925240161434617e-01
2.050606640650886117e-02
-4.631628356962643744e-01
-4.720423063228484373e-01
2.936831719291255749e-01
2.666448066939844722e-02
6.531770207056810662e-01
2.129319007136963593e-02
-3.447303144394076591e-01
-9.455610950847137541e-02
-9.708603230606990264e-01
-6.401051144263805170e-01
-3.479128219986172277e-01
1.668391316595198293e-01
-7.513431306150025746e-01
8.480499117621588256e-01
2.459227417066767729e-01
4.808929526882774197e-01
-2.665368719611800608e-02
9.418900204157210077e-02
9.558451795437298282e-01
6.897369668129754716e-01
6.525427810438970688e-01
-6.581734203467725849e-03
-3.956250145320150402e-01
-5.205962743558334438e-01
4.013537842943350475e-01
3.539010363902322931e-02
4.771350685489704480e-02
-3.580707082668915797e-01
-2.689863092779713472e-01
-5.053742983681249745e-01
-4.688828452320821238e-01
-3.512891367312779428e-02
-2.784334385801081613e-01
7.986979691141392612e-01
-2.180127263481252409e-01
-6.891993075928770640e-01
-2.794443324049523669e-01
1.380205257357033088e-01
7.372245307297486949e-01
6.904194540124889423e-01
-7.922705238884424073e-02
-4.558334146544516519e-01
-6.173352645864526034e-01
2.863383750759402879e-01
8.449938069806514629e-02
-6.018244267247197660e-02
-3.252020282257787609e-01
-3.297640593433338041e-01
-2.682086411630147382e-01
-5.954021566811715793e-01
-4.216662433149723777e-01
5.782978320926835530e-02
-5.696577076163467090e-01
8.926516350528272969e-01
1.238902865358477573e-01
4.373849285179363666e-01
5.755070940890446435e-02
8.332962141164149683e-01
4.763812698807137758e-01
5.418294213886862831e-01
-6.095875982338849058e-02
-3.791308572484206607e-01
-5.475351796919039060e-01
4.025246146086788324e-01
2.091176639684516614e-01
1.078835850647925365e-01
3.960821992442415951e-01
-5.406406084049655281e-01
-3.281117830583249462e-01
-6.126862644146615633e-01
-5.378697323063068580e-01
-3.291154494078762927e-01
-2.382058236457511857e-01
-3.767275125012711223e-01
6.987278801875430878e-02
9.302510120921468895e-01
9.522633185873830008e-02
1.505203087721537492e-01
2.958817995189512717e-01
-4.639653178350004042e-02
8.612443513610068546e-01
6.797712259310867422e-01
5.606179140821884177e-01
-3.720362940806139912e-02
-5.838003724550006046e-01
-4.911001840038333177e-01
2.094584580381222416e-01
6.443513757346483808e-03
4.074643975309159005e-01
-6.285334552008227382e-02
4.154624985136608495e-01
-2.323102787989378970e-01
-3.294913124257347614e-01
-5.706184768302030585e-01
-6.546694846299815351e-01
3.038721369016815776e-01
-4.947199566033499973e-01
1.433797212724379211e-01
8.704104037326731991e-01
-9.777679387211042628e-02
5.926438193724554299e-02
-1.741750756344278284e-01
5.781120493642803032e-02
7.395096480789717930e-01
1.855817909383482012e-01
7.319312648299326485e-01
9.402038021065892148e-02
-3.916662223585700153e-01
-5.311949808736941003e-01
5.650771197604692597e-01
-6.013163206039272984e-02
-4.927040300601760042e-02
-3.783163951509636580e-01
-2.196744637825834290e-01
-7.029979295358552704e-01
-6.523265608969244234e-01
-5.310926437227551089e-01
1.745548787885312370e-01
-7.592670056657748745e-01
1.009470885884881514e-01
8.008749737244742484e-01
-1.443953194605658574e-01
-4.445740636055198758e-01
5.306308566439028179e-02
1.132808068179244482e-01
8.862690070511424212e-01
5.856051182732756599e-01
-3.058061049278885252e-02
-6.017132809436771534e-01
-3.310476954501775371e-01
4.229081770523393513e-01
2.042721940594823329e-02
4.044611493155896298e-01
-3.551524637724902678e-01
-2.476934296549662962e-01
-3.246674323788750205e-01
-8.188015328376986313e-01
-4.775000403871988430e-01
-3.214010561840723867e-01
-1.997205664625059940e-01
-3.032176025992472934e-01
1.183009448720589996e-01
8.781278173546152033e-01
-1.450505568261440392e-01
-4.904633243900260453e-01
1.416800154762042629e-01
8.728232601016600034e-01
6.962497933139896178e-01
6.568588854205037464e-01
1.408253326036927600e-02
-4.098550213073619553e-01
-5.161901894369311794e-01
4.856696808202918825e-01
1.321874299610938108e-01
4.220157490324731586e-02
5.357722621902213378e-01
-2.764605320450632675e-01
-3.550381610691218937e-01
3.792442527280511233e-01
-6.436315261052925063e-01
-4.042235163951578003e-01
1.081522000208186701e-01
-5.681664245659727719e-01
8.057025756143587625e-01
-7.625550547868911733e-02
-5.875896971093289567e-01
1.466542744579941993e-01
-6.679772058847481542e-02
8.054426758741577430e-01
7.290954369710731520e-01
6.646219932779129369e-01
3.447686781996757432e-03
-4.757119169033400818e-01
-5.042593998395974442e-01
3.560675345332327546e-01
8.233015022275978756e-02
1.001284299430374031e-01
3.105001281918114975e-01
-3.827051205693163816e-01
-3.598988010445547392e-01
-6.414876871546307813e-01
-5.850078023202945898e-01
-4.991386430692943410e-01
-3.701814980754953299e-01
-3.484301579114659764e-01
7.909184623625205024e-01
-3.480579543482353183e-02
2.580522002570581619e-01
1.715509514099558888e-02
-8.985106952712258732e-02
8.755818863608195723e-01
3.757499094863841482e-01
8.698726532106680898e-01
5.198546579634141795e-02
-4.528576334253102686e-01
-3.042747864970083982e-01
3.307620781283735489e-01
5.779170270616489358e-01
2.660475125220213011e-01
-2.751509323997403111e-01
-2.871297026881181602e-01
-7.000505935678396074e-01
-5.007969822088680356e-01
-4.396546294348846473e-01
2.673363285451799132e-01
-2.531523759130672735e-01
8.702705900741344314e-01
1.078725662808854568e-01
-8.941417600746783823e-01
-3.049031270508644961e-02
6.845432772581352410e-01
8.260042161283147610e-01
7.101849782551840073e-01
-4.332361012913202997e-02
-3.898761132719111844e-01
-4.707424931188914918e-01
4.193734433414660345e-01
1.565634780404922266e-01
1.366191513098251320e-01
5.298109656771877729e-01
-2.305091434257385552e-01
-3.002892970301736519e-01
-5.799688660884558811e-01
-4.808459889025685219e-01
3.220535658115143696e-02
-5.259012574389203554e-01
9.955440835164061641e-02
8.555867986508209899e-01
-1.814483322234454188e-01
6.041025812984153198e-01
-1.178496401421901263e-01
8.779206831420155455e-01
5.532664393326633956e-01
5.617700699354936100e-01
-4.902725687903949914e-02
-4.142766155893561897e-01
-2.702665922604801652e-01
5.093741927936378255e-01
8.515920341350359524e-02
8.839582335944998204e-02
3.820823046294603009e-01
-3.352825965443930745e-01
-4.134305626595224936e-01
-6.070227609732480323e-01
-6.178094208561495382e-01
-5.528964086833622060e-01
-7.009642412973251524e-01
2.231284301305036522e-02
7.041712324229787434e-01
-1.040501203365835903e-01
-5.379260916910415524e-01
4.805489093158565178e-02
-7.550861190664142075e-01
8.119733074084780622e-01
6.202028054347031444e-02
7.057289563203538174e-01
9.143806260461477542e-02
-3.820083384662800174e-01
-3.529562910454971947e-01
5.049862924272506826e-01
-3.471291832605483130e-02
7.436963050925414764e-01
-7.523515098311518365e-03
-2.972863226135257983e-02
-3.447037609900331367e-01
-3.249103439754500444e-01
-8.422496613517788111e-01
-6.425720762528618346e-01
-3.743875138981112016e-01
-2.496416506750311903e-01
-4.420890444582493140e-01
8.468971292871594336e-01
-2.265468720840436434e-01
-4.436588482114251497e-01
-7.670947217389713357e-02
9.200589227273827664e-01
5.758323765400699124e-01
6.703534244278122056e-01
-6.110229241099495584e-02
-4.978544604940467466e-01
-6.315082584015557776e-01
4.693740789619627041e-01
-2.619163171298503553e-02
6.585223928111042513e-01
1.895167788117368690e-01
4.866135807488651266e-01
-2.619970066142325860e-01
-2.999990078523534498e-01
-9.893931985807656870e-01
-5.543854437294033488e-01
-5.432657202093632565e-01
-7.641347443750750278e-03
-7.415223475248986507e-01
7.809338715901991135e-01
-5.706243052976341934e-01
4.152455861878073806e-02
-6.677466803202447565e-01
8.150032740150734423e-01
5.545433755325523961e-01
6.788710340721118008e-01
-2.067666038179034882e-02
-3.592597647982033182e-01
-4.777466128031371828e-01
5.344067206228093614e-01
4.147265157997166996e-01
-5.616939536137538491e-03
-1.637842240981351657e-02
-4.373704880100051096e-01
-2.539686020032524971e-01
-9.456949747969821685e-01
-6.085166658873989443e-01
-6.880812117005472572e-01
-1.254017277826369736e-01
-6.544703011899966061e-01
8.146467209084522487e-01
-3.074252250972548950e-01
2.511479665554446350e-01
1.958600910530313710e-01
7.965289403859174833e-01
8.607606936728929847e-01
8.115706057030358522e-01
5.636966978964284142e-02
-5.075260819002523904e-01
-4.894297811267347420e-01
3.395227975563582246e-01
9.314602987105712051e-02
1.483276799159374826e-01
3.367794510515973450e-01
-3.830668037036644713e-01
-4.855586213989386279e-01
-9.466155559535363029e-01
-5.236587584497218728e-01
-8.322154383734192695e-01
1.091523629397727763e-01
-5.815734169470594406e-01
6.906855305069583562e-01
-5.196451362515065731e-02
1.921843776814509130e-01
-1.028176185832609113e-01
7.520584163684462808e-01
5.360406184880436298e-01
8.050440329012005236e-01
-8.776363066248549227e-02
-4.889799937908740901e-01
-6.687005276615288762e-01
4.425469294459760672e-01
1.435301203046332463e-02
6.938860578079819597e-01
1.046237203564029244e-01
5.711137371661866302e-01
-4.112044510130942188e-01
-2.212848570154508365e-01
-9.625085097414447510e-01
-4.881215861019154167e-01
-6.811621473473425947e-01
-6.744681523035758741e-02
-9.674197164252595904e-01
7.775235997751037686e-01
4.326002944906024994e-01
2.493415552953418823e-01
-8.588473973797818850e-01
8.965142708816226103e-02
6.848128554320362937e-01
7.014953955402771779e-01
3.050412839085900763e-03
-5.623251655376372282e-01
-4.369594994609654615e-01
3.782808276710736273e-01
-7.585873124766264949e-03
4.381104935753920571e-01
-2.571894621398396197e-01
-2.260498758611235448e-01
-9.323898479368810666e-01
-5.275036081132147281e-01
-7.503467036694702053e-01
1.898870916775962647e-01
-7.314252006888365409e-01
7.911594459140051105e-01
-7.814975023699806400e-02
2.931012780931799289e-01
3.725267870795475472e-02
5.818119878814501655e-01
6.353241622794723042e-01
7.572054885869704544e-01
1.034957405694150456e-01
-5.800332725044474724e-01
-5.256823916682933362e-01
4.152662740917987261e-01
-5.422997976028808703e-02
5.249677209709643355e-01
2.652973841878879940e-02
3.729374579852471339e-01
-2.351373567349825666e-01
-4.620129290842708292e-01
-5.661496419448410755e-01
-5.044991132377244503e-01
2.045660880127910253e-01
-6.179957632004483559e-01
8.058287165130955110e-01
-3.736618150753782258e-02
-7.198183443986565511e-01
-2.996165392576699907e-02
3.209414040092681969e-02
6.359907376307221138e-01
1.097753122544978116e-01
6.057302157858366343e-01
-2.641074958201689374e-02
-3.076608991537777560e-01
-4.527231802910312575e-01
5.408074285386675895e-01
5.618520776516713194e-02
5.441259766641847184e-01
1.385934792333512744e-01
4.463536108599217012e-01
-4.600367383535752808e-01
-3.863533100900827244e-01
-8.071889156258387210e-01
-7.410680239216304033e-01
-4.351963756792537885e-01
-7.383313827818178687e-01
8.211325512171360197e-01
-2.429327211522251395e-01
-6.466265320611922496e-01
2.032656235894774177e-01
4.612754044267268205e-01
6.554756988440197940e-01
-2.830646147715095914e-02
-4.234673278973991595e-01
-3.060115246652165277e-01
4.518356744302102213e-01
3.547756069855212413e-02
4.610236060168506622e-01
-1.025937785829967031e-01
-4.444278239025993837e-01
-3.029933405603485452e-01
-9.790547149245131253e-01
-5.003850460331350503e-01
-5.183901261200917210e-01
6.627080430613209450e-02
9.572464148041712750e-01
-6.435983694800933019e-01
8.245344571485153651e-01
-4.044271003041814000e-02
-5.749191652046397039e-01
1.121940906737210059e-01
-8.467099140327627449e-01
6.201078999494601396e-01
-7.124303400472765425e-03
-4.260369377178762629e-01
-5.320404672266246804e-01
5.131321331056455382e-01
1.340517003365327385e-02
7.491795383396768759e-01
7.281688320316159757e-02
-4.859188520868313876e-01
-2.924637536032103080e-01
-7.639856798090856049e-01
-6.473092705232664779e-01
-7.131690054065704665e-01
-8.375546840445118046e-02
9.946450296445058514e-01
-6.012871118740383825e-01
7.204647035971083469e-01
-9.282806873278314219e-01
2.561077120516385697e-01
1.165884738726340325e-01
5.750194974538520576e-01
9.587435674255773144e-01
8.763381274152086675e-01
3.433876274218419095e-02
-5.801884711597551370e-01
-2.719312122256962727e-01
3.211789138624159823e-01
-8.964134485153356369e-02
-2.622793558824638646e-02
4.761553173896955204e-01
-3.414865033566759078e-01
-2.986743406065320849e-01
-5.665270549858836269e-01
-5.506569590817061988e-01
-5.969734275219396036e-01
4.691475601750931534e-02
9.481703406417897328e-01
-3.703561449738711486e-01
8.108263791638778972e-01
1.018977454222152190e-01
2.385641682948955455e-01
3.314870454858678817e-01
-6.264137094033236930e-02
6.347552990692404418e-01
8.474718903704040462e-01
-1.839317499010991244e-02
-6.335858810814419817e-01
-3.846824998450630861e-01
3.759343367238869860e-01
5.758020238521057918e-03
7.097264032538075362e-01
-5.954632786735220007e-02
-4.954176335927597541e-01
-2.069634014537988231e-01
-6.338171243408174949e-01
-6.521590873220654005e-01
-6.464634617927049742e-01
-1.065769915041721722e-01
-6.221072907352103165e-01
7.060655369150495853e-01
1.050043577169729736e-01
5.000162774364117491e-01
2.946838799342684778e-01
-8.022264431687692321e-01
8.278777457646750715e-02
4.674681542168448445e-01
8.595688807107692009e-01
2.717070631995048124e-03
-3.063931125142059786e-01
-5.391906482010394575e-01
4.651435456556667347e-01
5.986713370074178697e-02
-8.597350533124636929e-02
4.492718115625923270e-01
-2.431609892123080818e-01
-3.670905942995323357e-01
-2.887551882579653673e-01
-6.366403640659873409e-01
-5.185668138936939675e-01
2.854618234253951392e-02
-4.816638490514675297e-01
8.535008136209255580e-01
9.853644318204560215e-02
1.142934261304135446e-01
5.956507541740672096e-01
5.614104899720281927e-02
-4.298165430148478405e-01
-4.498015715372370993e-01
4.487955703917012595e-01
-4.710044519170265148e-02
2.465176158547151275e-01
3.344121679540872361e-01
-1.602496924764441610e-01
-3.751110150350925876e-01
-9.267853616702056430e-01
-5.808472155400915549e-01
-3.967268500456367919e-01
-2.304822816455715795e-01
-4.810352153759096527e-01
3.218418612724320282e-01
6.850445832474493235e-01
2.855421019399340121e-01
5.115383227273141431e-01
-2.218216622988117004e-01
4.895796779493051809e-01
7.825710638382156192e-01
-3.363737119999055808e-02
-5.117125465429627207e-01
-4.897934533213607056e-01
2.343337687162875271e-01
5.861845514917861377e-02
1.708806716686371019e-01
6.007805498238260045e-01
-4.379783907218611771e-01
-2.703399834494836229e-01
-5.644873155872559556e-01
-4.604851510935805692e-01
-6.196746701058521503e-03
-3.441498142091727885e-01
2.268697103820258021e-01
7.213969762245644457e-01
2.014550373698112684e-01
-4.644962482174639362e-01
4.464969304075504242e-02
4.549482164490970537e-01
2.221501003128451002e-02
-4.871353506604059747e-01
-3.468799073635971952e-01
4.122591714611936187e-01
-4.191689016384302080e-02
5.225359126132178567e-01
1.189555074237904631e-01
-2.602044938484303627e-01
-5.116105034535243234e-01
-7.421447602474438021e-01
-6.183172965045811154e-01
-8.482740178757991467e-01
-6.242180317359206920e-02
9.881966750320535509e-01
-6.411178196735599633e-01
7.787274587567150075e-01
1.403551423968710243e-01
-8.478036599561833420e-01
-1.796305870713320318e-01
3.519561315889558339e-01
7.498877848244176469e-01
5.227862053346862270e-01
2.728136875060895375e-02
-5.305331504358552497e-01
-4.852070025176551948e-01
3.444538234303324287e-01
6.847901475140302785e-02
9.021143998345795834e-02
3.630779526949375891e-01
-3.340304978163051164e-01
-4.422374813215633749e-01
-8.122672794514314010e-01
-5.002228244092361553e-01
-7.818000491927092899e-01
6.687022533640567257e-02
-5.182195262801293500e-01
6.999242326191934538e-01
-5.089593836639067816e-03
5.759351512409873752e-01
-2.400502617619298951e-01
-1.397787053393093927e-02
8.456873051055804336e-01
5.160962778140256724e-01
6.947806708624753025e-01
5.494239027914732398e-02
-4.928675128330606281e-01
-3.403212633629517647e-01
5.172233646511930072e-01
4.641594581864539465e-02
2.880033235679732573e-02
-4.154106120524910795e-01
-3.007691643385410618e-01
-7.305412474538398593e-01
-7.021880113417697800e-01
-1.787344342791936658e-01
-7.114596957546031053e-01
7.224398635526565471e-01
-1.196825239339000327e-02
2.796686547422331248e-01
7.611333206355011538e-02
7.132929455380658812e-01
8.279500887072890336e-01
4.902984297371471012e-01
4.802228299968618053e-02
-5.563179391528138007e-01
-5.216363773731360620e-01
3.439916777189144792e-01
9.798380017247731999e-02
-4.133054512402423164e-01
-2.356670569429618889e-01
-9.233517852666506265e-01
-6.233814444457466131e-01
-4.846613360648754920e-01
5.319277419685505132e-02
-4.799897036547570162e-01
7.992824072129970370e-01
1.041010506759809245e-01
-9.665236571896078654e-01
4.462118486149433544e-02
8.452796891137391855e-01
5.470101983390378564e-01
-7.847815655625701992e-02
-4.380442916454223568e-01
-5.524383355529015605e-01
4.734220079395178304e-01
5.206347320366600667e-02
5.791329754542657859e-01
9.061901581072190348e-02
-4.203894057841858212e-01
-2.893350135516544741e-01
-9.575459548204022786e-01
-7.504033431390497721e-01
-6.184555438744170353e-01
-1.713066766282168862e-01
-9.459898306577430027e-01
7.666862238778472394e-01
-2.686024610111618083e-01
-3.172130293810063173e-01
1.250126561143829473e-01
-7.544003758636277368e-01
7.892718821772062299e-01
8.131296478350877877e-01
6.220767053880646991e-01
-4.141544552718556815e-02
-3.666946385489296412e-01
-5.921408084577782782e-01
4.062399123369735965e-01
9.060051734670294954e-02
-1.021412149289867288e-01
-3.723590193329014419e-01
-2.123572492379731946e-01
-8.120951181878424130e-01
-4.888758986166712450e-01
-7.103969505403306961e-01
2.159008057606978948e-01
-5.181350102753736753e-01
6.388004928412497341e-01
1.720207608677849775e-02
-1.054219676021840024e-01
1.818974842821768911e-01
1.933666665378653421e-02
8.845619920418230642e-01
9.068717588893929760e-01
6.965775837578543905e-01
4.623538518722284697e-03
-2.172537738953863873e-01
-5.463829876757982928e-01
4.860154104053971413e-01
-4.619383813302786052e-02
5.335100625566029375e-01
2.746033365276883895e-02
4.915470217203156134e-01
-2.800754294286560420e-01
-2.701849553249178748e-01
-8.231071973127432884e-01
-7.118597203881662505e-01
-8.021593477723710786e-01
-1.643489527935375338e-01
9.751760660282404736e-01
-7.245111885301113164e-01
7.844888362007697014e-01
-3.380889039335397556e-02
-3.978462001027676526e-02
-1.433964712937420005e-01
-1.676800523147346234e-01
6.595070924051095185e-01
7.598423599096743031e-01
-1.140460142641469034e-02
-3.856350697398589489e-01
-5.279390840754500935e-01
4.378464195874271492e-01
8.004326843060009800e-02
1.766893312970302735e-02
3.454464968836889471e-01
-3.972548957530680491e-01
-2.366306464261327402e-01
-8.351541090896471564e-01
-6.143753565714034082e-01
-5.517347273809538599e-01
-5.843594878452550850e-02
-3.881490509451217541e-01
7.611065347943016812e-01
1.550256080651039592e-01
2.591613027430588190e-01
6.200038876899993667e-02
1.461979102870862302e-01
9.292349346676266331e-01
-4.583594642629239962e-02
-5.157397482962799984e-01
-5.052111119790457794e-01
3.796628050553897959e-01
5.918789793704663099e-02
5.409273850624626151e-02
-3.956680103795451320e-01
-3.366694682668702199e-01
-8.680961907017856749e-01
-2.563956800600670216e-01
-5.878128231000089299e-01
-5.362704620984223500e-03
-3.395841526461174653e-01
8.359206271639366692e-01
7.092289655118073910e-02
-7.620189935349535038e-01
-1.390459440523872658e-01
2.618380739836597693e-01
7.800460391658176063e-01
6.696143008965180776e-01
8.673749690724494865e-01
-4.469202050599504344e-02
-4.435278516091641920e-01
-5.873144223564878974e-01
3.799541997494191303e-01
-2.851701314411659097e-02
3.641273992465006715e-01
2.598172058339032198e-01
-4.056612790142954950e-01
-2.440774000349593409e-01
-7.455416351738476388e-01
-5.478431036950434097e-01
-4.657932680243256907e-01
-1.072132721302576641e-01
-6.884252330370287387e-01
7.546516326923656814e-01
-1.117359427077730255e-01
-5.243672097998107740e-01
3.183733485941512287e-01
1.072051997828613219e-02
8.163553703501401637e-01
9.098864608431587175e-01
7.981771013747476218e-01
2.731452692109207284e-02
-3.634524722596397250e-01
-2.677419450531920431e-01
4.945886198556276869e-01
-6.483978144565745450e-02
9.321899620978212064e-02
-2.595606159409617475e-01
-1.923844198404677241e-01
-5.521923113694438001e-01
-7.117272677945976067e-01
-1.682240321890638227e-02
-7.356430488421912273e-01
7.203987022847082589e-01
-1.123552543424394395e-01
-6.515304308995844007e-01
2.106737552627408194e-01
-1.066098694072615816e-01
6.971984326130886700e-01
7.416038415780166204e-01
-4.222049724886386968e-02
-3.257527982154954094e-01
-5.267434130580391782e-01
3.148498676959831655e-01
4.843958415498916814e-02
7.899755568806260397e-02
3.746542709296112328e-01
-3.688251803999293976e-01
-2.461006055590316266e-01
-4.876337418493493225e-01
-4.977260844011817120e-01
-2.118461584739819992e-01
-2.997192399432040411e-01
6.597159270930854635e-01
-7.634437479158323603e-02
-6.594978799820866433e-01
1.065058380453094422e-01
1.322438065801039009e-01
8.997735780333613320e-01
7.089531933916259909e-01
5.487379434026063048e-03
-5.102862375298753417e-01
-3.833996246648835315e-01
3.770389403742885337e-01
6.917016296069812553e-02
-1.203636782749095135e-01
4.333561615224011399e-01
1.045977814491400211e-02
-1.619134748378333044e-01
-6.150761710701077023e-01
-6.287241021302341082e-01
-6.743544661603761980e-01
1.056723891134027649e-01
-2.618924385449595826e-01
7.562892238660450239e-01
-3.686744400158284418e-02
1.238719583596734480e-01
6.324188779816157513e-02
7.975482032300369450e-01
7.231631695584875841e-01
8.409028202297686994e-01
2.679009554486587105e-02
-3.932491115131501735e-01
3.943499678985799006e-01
2.742780891268928670e-02
3.281309108140347680e-02
-4.741599144275607247e-01
-4.532567222679688146e-01
-6.082767752736508715e-01
-6.614426290987945878e-01
-7.362764452559953376e-01
1.125776788071767287e-01
-7.592185213554623058e-01
1.759409300506626639e-01
8.070766654058086909e-01
-7.887524809542630078e-02
1.180947910873065138e-01
1.773894902486216896e-01
8.200777575570918909e-01
5.444727148372928704e-01
6.335097910518132369e-02
-4.480150838850858186e-01
-3.186518875197874023e-01
4.402763141500922184e-01
3.201937755907843242e-01
-1.871057162157395148e-01
3.595962635727278367e-01
-3.447395062228114093e-01
-2.100697634287089222e-01
-7.137070774442022536e-01
-5.898782699528486440e-01
-3.837615254430132294e-01
-1.174759279530051548e-01
-6.357471281370616900e-01
9.213651658149034362e-02
8.559509341768311019e-01
-1.945362808394793808e-01
4.133930887806451793e-01
6.494381190335536680e-02
6.791922180883425142e-01
7.364972012520194511e-01
1.130870417500715458e-01
-2.984604710967215802e-01
-3.700630443951944404e-01
1.310977310680157271e-01
6.235822416778991073e-02
1.532549445577545133e-01
-3.610318846429573236e-01
-1.782673549378440969e-01
-8.355958190234940020e-01
-5.248332593757665254e-01
-6.071301294980961938e-01
1.892366720346009001e-01
-5.857900471575014922e-01
2.102303459184227674e-01
8.440205392347948088e-01
-6.878569721469683651e-02
2.025194820525011430e-01
3.002233670439558577e-01
9.330311664287466167e-02
8.751145525675823045e-01
7.981016771101048235e-01
-6.415996431634503339e-02
-5.359719293589259026e-01
-5.646332110509049151e-01
4.340996650036319515e-01
3.592657685374753967e-02
-1.301158507688452912e-02
4.739497236386538970e-01
-2.884874256126460645e-01
-1.169133365040782163e-01
-8.502371188936916901e-01
-5.954372901332911638e-01
-7.314497683723555355e-01
8.168159676759999266e-02
-3.878839566992519639e-01
8.078527417709645553e-01
3.034457414234815742e-01
2.971071979782832218e-01
9.176800611212567738e-01
8.740067327936965613e-01
7.239254654626201546e-01
4.520338032659605709e-02
-2.655197128727651568e-01
-4.434805247808200068e-01
4.206977064289726953e-01
-6.439132335011640146e-03
1.439963379391034359e-01
-5.148346235516049196e-01
-2.257267897648813360e-01
-3.314160709877426725e-01
-9.400396569282182258e-01
-5.330192547967801397e-01
-7.508297569676675165e-01
3.244004188495547281e-01
-8.643348115455533331e-02
7.279938983875611225e-01
-7.423983645888025673e-02
-8.508950985554125657e-01
1.579300640280654477e-01
1.346384557005747551e-01
8.632389353090981210e-01
7.723298597026251322e-01
-5.870357645160038246e-02
-3.342468804055668818e-01
-3.410272389250587066e-01
4.574185552725554271e-01
9.984033002693530612e-02
2.866177165856052533e-01
4.394809365953031843e-01
-4.663726382446564678e-01
-4.032595934287095951e-01
-8.798051059533513740e-01
-5.559757957232454029e-01
-5.878501413002141796e-01
3.425597975268442896e-01
9.837099895612673173e-01
-4.876719175480214719e-01
3.672410577296360001e-01
6.444605798250492290e-01
4.547560283712029361e-01
1.276883084080802089e-01
1.436046324283726805e-02
7.946364052156796864e-01
3.238833666997165683e-01
6.092665290656987809e-01
-3.009492181099592684e-02
-4.435518725977988796e-01
-5.013529291649909680e-01
3.758379380726248886e-01
1.374012533542698367e-01
5.963356010817386643e-01
-2.282968787622769447e-01
-2.458219649784579020e-01
-7.081159167616888350e-01
-7.194107138672853896e-01
-5.026882217696306832e-01
2.479462058601884233e-01
-5.604274434124015825e-01
8.569998248303378752e-01
-3.131928977881014431e-01
-6.725987608664067974e-01
3.551981259542278946e-01
-3.677614750575586983e-02
7.061851592032857283e-01
7.728091856807767224e-01
-1.087333792826445794e-01
-4.733919453368299335e-01
-4.479391173593179065e-01
3.508979992608574627e-01
-3.670486348735044202e-02
6.870161624113877430e-01
3.343180455406747492e-02
2.817170541057640101e-02
-4.011943021453056590e-01
-8.422378460258836963e-01
-4.884544086525489104e-01
-6.503894414947937186e-01
2.266129777429092551e-01
-3.619108706406739540e-01
8.163681279378860456e-01
3.235311157870939258e-01
2.382920912303460037e-01
2.598696035183135217e-03
-7.498087069798056170e-01
8.574688507308698693e-01
5.781913388159284212e-02
-5.291181302788291463e-01
-5.613641730130048968e-01
4.005991074324550816e-01
-3.602125832296072805e-02
5.762407728426492959e-01
2.150810213606618466e-03
4.284794723168438013e-01
-2.328566830468207782e-01
-4.561820218084434164e-01
-6.050988944483156606e-01
-5.918682854091513734e-01
-4.437497800887170163e-01
-5.330948784516044148e-01
8.091636240977513328e-01
-3.694856614220375091e-02
-2.849838149363837503e-01
7.700856109393745819e-02
-1.850063553381018147e-02
9.402427601987943806e-01
7.524605158810822036e-01
-9.114412133395030646e-02
-5.436539203603847348e-01
-5.711193489816195346e-01
3.630826220826736117e-01
3.997731384244245650e-02
5.739137772655774627e-01
-1.070073362873170258e-01
3.962008253287959136e-01
-4.070575672059543182e-01
-4.914411451774030604e-01
-8.927716958671512160e-01
-4.858338072648351047e-01
-6.893937330817562215e-01
-1.855547602801387586e-01
-4.566464826409267763e-01
2.886047504575665057e-01
6.739531874760694707e-01
-1.640679986516590805e-01
-4.544049081754838459e-01
1.169574238748061386e-02
3.497188960364055327e-02
7.039407093354386191e-01
7.791882304292125916e-01
5.338439141289950257e-02
-5.281665927935805804e-01
-5.474156037748059145e-01
4.074025297452510963e-01
-1.683673366711328501e-01
1.121706636279913849e-01
3.910581374836620272e-01
-3.280944272284964103e-01
-2.302322990117114665e-01
-9.644171530978431495e-01
-6.410097677271354710e-01
-7.271893611918833766e-01
1.896311672148436878e-01
-3.918887233935414716e-01
1.989723120063554285e-01
6.879923050210381419e-01
7.689585627947777280e-02
1.598810005410571111e-01
3.557456961827223374e-01
3.504677781789862778e-01
9.437521399131048039e-01
9.073812219409664870e-01
2.793832150892605615e-02
-5.018122866870621257e-01
-4.568464071615526700e-01
4.754449975173210552e-01
1.213793895653993010e-01
-6.596591165607523788e-02
4.921659070723711227e-01
-3.615706564664556422e-01
-2.648330346950052427e-01
-6.802187335810179203e-01
-7.630087956310368513e-01
3.039316107041186571e-02
-2.062714802928889979e-01
8.287657387794953312e-01
-6.077044951991760202e-01
1.708241851231397934e-01
1.820156179785413775e-01
8.580971087619824189e-01
4.208170016223616861e-01
7.408060146644499522e-01
9.294693711347126307e-04
-4.587833269024773064e-01
-1.866415586136431215e-01
4.545375243012869659e-01
1.441990038993674894e-01
6.797241169169332409e-02
4.427176920050888698e-01
-3.485718857268779725e-01
-2.763377653983140614e-01
-8.865477474967824456e-01
-7.078519926699944342e-01
-5.637017511012065718e-01
2.388162141665539917e-01
-5.998921451553616002e-01
6.248706267827850436e-01
-4.206069058719578285e-02
5.232617220719910645e-01
3.404565478785789301e-01
9.140710311466052063e-02
6.952840067845140748e-01
8.386280100010226057e-01
-7.265507632356971168e-02
-4.237241838889057033e-01
-4.234407983600551595e-01
4.295585251163429596e-01
1.132238922315888657e-01
1.740407427469626289e-01
6.041957466842989843e-01
-3.375664112015033802e-01
-3.736292776753808997e-01
-9.648147862770671823e-01
-6.286617142681902859e-01
-5.001259022618420591e-01
1.060983976928357858e-01
-8.290288689012628165e-01
8.705396293019507237e-01
-1.961865112589112337e-01
-2.261800187074741730e-01
-1.651866893495894939e-01
1.678034563200372364e-01
7.498938943051713935e-01
7.063930460364409303e-01
-1.499882273835072000e-01
-4.861999485680217892e-01
-4.595881184488960214e-01
3.380836696749929815e-01
7.058554037767665601e-02
-9.851055541250158809e-02
6.851989971071508201e-01
-3.519996879615229224e-01
-1.781235792785922922e-01
-7.138136418588044707e-01
-6.532299703886716991e-01
-7.410151451709831028e-01
-1.091741710583495201e-01
-2.109009794992389442e-01
8.133392024322849689e-01
-4.811991026738008520e-02
-4.126605439834006850e-01
-3.200157822372012850e-01
2.333087528072594063e-01
6.973239970753080108e-01
9.011220701967407321e-01
8.037435375598058762e-01
9.871163938289817530e-02
-5.427045791389829565e-01
3.044647766719090209e-01
2.133429391993231158e-02
1.221010078333904514e-01
5.482333710753073408e-01
-4.002377940397469080e-01
-3.014596583450137625e-03
-6.150335856460275030e-01
-6.586453034050371302e-01
-3.340870592468123679e-01
-1.804430618255314089e-01
-4.474902824323345185e-01
9.134508337073002915e-01
-2.193822651720222228e-01
6.425906919268267181e-01
9.345543153546947979e-02
8.454534955864532186e-01
6.261217546445408955e-01
1.803986555502979858e-02
-4.152839937943318960e-01
-6.027932833668634416e-01
2.704549129850468692e-01
4.210232643967476429e-02
5.211786145236334267e-02
4.801629346729773262e-01
-4.910033449505779024e-01
-2.044172906315421534e-01
-6.345285997463707695e-01
-6.342089984544394543e-01
-3.524570533488164403e-01
-1.270966983094648228e-01
-5.457390387543062937e-01
2.374201848518455171e-01
8.033633248250375836e-01
5.202135555071812911e-02
4.224053873133564729e-01
2.278321040407215586e-02
-1.908375842749800710e-01
1.289818586160504377e-01
8.414402189464627035e-01
7.966517642929222820e-01
6.496010757144307091e-01
-1.280033547807270071e-02
-3.586310772463593421e-01
-4.369456230030019372e-01
4.350711596964785821e-01
2.107463256028051929e-02
9.604316855993234869e-02
3.333027440877910919e-01
-4.060088207257176451e-01
-2.003224169669542143e-01
-4.829404510040268272e-01
-4.654687885201215236e-01
-3.405574326121034723e-01
-1.477144770543790397e-01
-3.564495591059670954e-01
8.361736392376925009e-01
-1.234794967358844864e-01
4.783091507368663065e-01
1.303251570290055728e-01
1.158661410726500585e-01
8.765007029680640382e-01
7.870071909523534970e-01
7.707680788014728002e-01
1.931878774387930020e-03
-3.729812209533174272e-01
-4.498664636298032593e-01
4.952125938937947947e-01
1.629997496513950483e-01
4.509050606882910039e-01
7.815301362173238120e-02
5.824086926287707078e-01
-4.346469027095343218e-01
-2.123428521198659213e-01
-3.449110341704293980e-01
-7.065834844968211792e-01
-2.825266387312845850e-01
-3.722324108706792090e-01
-3.287881865555726257e-01
8.262887220554060441e-01
-2.136229523472840675e-01
-4.260368362145477428e-01
-1.056442848817309293e-01
5.721066642726819161e-03
8.634637288463962168e-01
8.056668991337380126e-01
1.816953345591236502e-02
-5.968796275337483470e-01
-5.253633845846990003e-01
3.196220482178032118e-01
3.277626908349805523e-01
4.535377204946408614e-01
9.140075456163526679e-02
-3.291057954859825663e-01
-2.051571749660356936e-01
-6.272693644646910593e-01
-5.642095293173043924e-01
-4.307255802738190198e-01
2.797815628171735347e-01
-4.450974495865370195e-01
8.974134338681564182e-01
-1.038100822252194799e-01
1.905977554654175177e-01
6.580849236441665973e-02
8.798746332280626969e-01
8.292306227892914938e-01
-7.562199675001815558e-02
-4.791500981215580657e-01
-4.652341134440594050e-01
2.918476004017129810e-01
7.675088639661190038e-02
1.341994282702944075e-01
5.103700702031068737e-01
-2.224276649564232711e-01
-2.046053337490524593e-01
-4.279555331634402604e-01
-5.459088365703026469e-01
-7.635317291033247855e-01
-3.621432065526249411e-01
-4.405831765098871533e-01
2.013677255525428977e-01
7.883528838705806674e-01
1.776140030191510899e-01
-7.900988827444245521e-02
9.408687080639248357e-02
8.378366144087150413e-01
8.592008153077452803e-01
-5.528645764001507978e-02
-4.970717076497080944e-01
-5.567878390736920036e-01
3.084621281571586215e-01
6.326573949985911938e-01
-2.951347386085627703e-02
6.001748252241172477e-01
-3.612539412253797932e-01
-3.186743162106810412e-01
-3.965903547784479510e-01
-6.863074466020494535e-01
-5.612381135099765439e-01
-1.234093108872087591e-01
-6.566289782618163207e-01
8.318606134678128150e-01
-8.163135744015731499e-02
1.096399366400086645e-01
2.731157907082618422e-02
1.213019780854260460e-01
8.711718414612864558e-01
6.306317502524153573e-01
-4.937391899423180380e-02
-2.393088445836198952e-01
-4.078361093114412084e-01
3.725026976464289596e-01
-2.385135160851202529e-02
-6.931107893246037620e-04
4.044988908595579802e-01
-3.230445104379033316e-01
-1.672539240305107588e-01
-4.315625642925303151e-01
-5.047852357975523008e-01
-5.182140487664852468e-01
-1.580479629857557411e-01
-4.169488862395699935e-01
1.874772221818993279e-01
6.267367372579414342e-01
1.793747751105834176e-01
1.841057777580479560e-01
2.247697841781315653e-01
3.800831625575162853e-02
8.133011656883450957e-01
9.252723407769185560e-01
8.074937269597683986e-01
-5.128517692266092859e-02
-4.797458348749865653e-01
-6.185519638610805782e-01
4.133084854921561524e-01
7.161841565053933545e-02
1.047083019509033458e-01
-4.008975074265452854e-01
-2.700464117260772401e-01
-9.236445601731658739e-01
-6.701951116240527639e-01
-5.417719665988274258e-01
5.708124777828102459e-02
-8.923544834650111168e-01
7.245023686619207481e-01
-1.039493169946081527e-02
-9.948070507015030484e-02
1.573552997536609988e-01
2.114493115687668401e-01
9.034236481255017992e-01
7.309000146074134951e-01
7.898199869282478414e-01
4.389268334264739835e-02
-4.425536459856592719e-01
-4.127891550100932783e-01
4.474609581240005518e-01
3.413225690060893436e-02
-1.257186194455874040e-01
-2.987874617409253530e-01
-2.268612832300945792e-01
-7.087629146539353719e-01
-6.643867376541310321e-01
-1.714243565145764370e-01
-2.784874309752298494e-02
-7.569484647142316058e-01
8.339676771227775287e-01
1.054636942337261046e-01
1.935470942952647322e-01
6.699204393131194535e-03
1.236855593178647073e-01
8.361613610609490710e-01
9.117069904137997671e-01
5.190566937151377402e-01
1.953481549627398769e-02
-5.628891122289488846e-01
-4.676334433008874081e-01
4.138097527394232755e-01
-1.439815922920051339e-02
3.198611048288644426e-02
-4.007641774174248717e-01
-8.855167231984936715e-02
-8.000908776855819582e-01
-5.247486982842738401e-01
-8.150064441140478788e-01
3.672642714078109827e-01
-5.728516126208906822e-01
8.796851201786550778e-01
-5.376743767796615669e-02
1.298879938067541429e-01
-4.532596984081148361e-02
1.355332877840636219e-01
8.391376105267627228e-01
6.421195709767751891e-01
6.682996872914550579e-01
-2.970003597644059121e-02
-3.680068513525795448e-01
-5.620202815150405762e-01
4.758670652644619858e-01
-8.147447142657773811e-02
4.397676695258720403e-02
5.155023627172052869e-01
-2.514070881639767219e-01
-2.262070639654531201e-01
-7.245516780020695435e-01
-5.055093560171769473e-01
-8.469198030085914874e-01
3.788639189428814613e-01
-4.549792925907652497e-01
2.697124541486670135e-01
8.237244076751049082e-01
-2.768767152639002860e-01
-1.010596408525711171e-01
3.623679608898802001e-02
7.819167869500791568e-01
7.888671731486929239e-01
3.786797029810409082e-02
-4.526706126115701556e-01
-3.937919423920633322e-01
3.479832437485439467e-01
2.882451528938536831e-02
-9.822015505725131823e-02
-4.524384013143690764e-01
-3.302329997521303295e-01
-4.426773145689110733e-01
-5.931735603889997099e-01
-4.959966946643711294e-01
-1.498105151545096048e-01
9.681722124083079750e-01
-6.489999997242599239e-01
-1.286005598519943116e-02
8.384414771887762630e-01
-3.628598785812598426e-01
1.638234377722132262e-01
2.177765492278930237e-01
2.433530997776801180e-02
7.417838847292312909e-01
7.232692705032942593e-01
8.860839274836076473e-01
6.546451371346946602e-02
-4.938416323707864319e-01
-4.514500860197547261e-01
3.722045028456845706e-01
1.065168123186230748e-01
5.833332436463027904e-01
7.382782731766311668e-02
-2.739384299372273346e-01
-2.751651663997619068e-01
-8.093286434650455163e-01
-6.809442817854792773e-01
-5.990580725501085668e-01
1.152143680956748961e-01
-4.411276223101620042e-01
2.196886642306482285e-01
7.033119366009182860e-01
-1.771121387250873258e-01
-1.454478012244307672e-01
-1.302719582172421064e-01
2.710986971822740288e-01
8.441235278682504006e-01
8.780186758622245957e-01
4.689921189260405354e-01
1.092358047369795023e-03
-4.006545726057152423e-01
-5.768933241774236720e-01
4.137300989692015429e-01
8.250695790410388086e-02
5.976516569737801987e-01
-2.475957134420573094e-02
-2.961671278718964184e-01
-9.903620837468876670e-02
-7.585136975636557199e-01
-6.114743927660328815e-01
-6.348989757875065365e-01
5.546033971772735410e-02
-3.933155802533993550e-01
7.526564812750130562e-01
1.158608581465280507e-01
-1.166452940018263551e-01
4.515888150798436779e-02
8.778591490176089751e-01
7.650013574546118411e-01
-2.839645172022869056e-03
-3.604926607410964268e-01
-2.918387784840752452e-01
3.613662347745571490e-01
-1.020460216982253115e-01
5.200018294890145221e-01
-5.418657131933787285e-01
-8.189596382563062160e-02
-6.956849777725022665e-01
-7.333672809964202344e-01
-4.262259542523286759e-01
4.444464305933821385e-02
-6.720486541880021925e-01
8.638972772557994562e-01
-1.704673675336770278e-01
-2.642081583189127003e-01
-1.871531769749084917e-01
2.735000516287271199e-02
7.542499228961687674e-01
6.442571625991969642e-01
4.478420068372795937e-02
-4.250107934029178081e-01
-5.984042895298321563e-01
4.214968199166766460e-01
-5.166285965875636738e-02
1.334271252755704906e-01
4.943196067909137459e-01
-3.379596624325758025e-01
-2.376070137792361536e-01
-6.240559638910585516e-01
-4.466796776241451217e-01
-6.435261262489050393e-01
2.878518952995983704e-01
-3.911742056628749742e-01
3.869145748301706655e-01
8.389501265201024793e-01
-1.001753244424721384e-01
2.747960810197260309e-02
-7.820403599906396164e-02
9.087290440562075799e-01
7.116183317605904168e-01
8.052026099419425931e-01
-5.969950799359758503e-02
-5.618569528463277507e-01
-4.206532523581643090e-01
4.832043976884787817e-01
2.272864098696911889e-02
-7.758507231628186673e-02
6.004609033815753172e-01
-2.070960596787163599e-01
-1.874549084569490098e-01
-9.167890121737961584e-01
-3.139636180913292773e-01
-3.170439290859223824e-01
3.850918297271044635e-04
-5.255082542077824659e-01
2.644537260952135038e-01
8.237704772478645632e-01
-7.314730290294434514e-03
1.094565396723129469e-01
-1.964685629147781831e-01
1.748515649341341599e-02
8.781762617800540349e-01
6.408613536892526774e-01
1.734625210437991394e-02
-6.321409441729972656e-01
-5.425737418929355016e-01
4.197038777748645089e-01
-1.090614962979050417e-01
-2.974955501531350091e-02
4.613624459627343466e-01
-3.187918568450486267e-01
-2.280610814200776659e-01
-9.764716663129884289e-01
-5.621629233709258822e-01
-5.634715968746544235e-01
-7.888542553893548859e-02
-3.798426031170551442e-01
8.396432222733394291e-01
-5.560256700289327447e-02
1.356345751870695615e-01
-1.220809277253356029e-01
8.134021491674388038e-01
8.845280941694481092e-01
8.665426777843610040e-01
-2.913487630287034044e-02
-4.557601881161597590e-01
-4.689482550396487648e-01
4.456948311521269912e-01
9.659854049293203904e-02
7.094702867216611253e-01
5.858763966229881687e-02
5.820399572233670993e-01
-3.756900718383472393e-01
-2.215854457581873105e-01
-9.888603728230852541e-01
-5.961207125440622923e-01
-6.903296013145693300e-01
1.328934082372812409e-01
9.747719096719379417e-01
-3.576127269622235705e-01
2.217233663553864476e-01
8.395595210082211768e-01
-2.838123398904003614e-02
-2.513482676565301221e-01
-8.899796100431248136e-02
8.241040716130786439e-03
6.862130986265759791e-01
4.678848493276723808e-01
7.491124535153346198e-01
-1.986637185608743517e-03
-3.823647184425471579e-01
-6.031802040867613179e-01
3.304659159165879712e-01
1.748573285412366451e-01
4.780404396928660260e-01
6.583087870836897004e-02
4.735046083488721469e-01
-1.203102532950861003e-01
-2.780535065016686014e-01
-8.537556781003166062e-01
-5.948764386069006482e-01
-4.930633287433955347e-01
1.988560774109224966e-02
-4.321137347545075946e-01
8.102387450016246273e-01
-1.723718955797025332e-02
2.421576012713422543e-01
1.494876183064979824e-01
7.591901823473612421e-01
8.231893836926592600e-01
7.950953940266414222e-01
-5.398351930688067429e-02
-7.365413535989175919e-01
-5.549482611918451491e-01
4.306530294164800376e-01
1.545739040667480912e-01
6.951293515899136244e-01
5.328549125636083961e-02
6.861063744554116717e-01
-1.960106825971352495e-01
-1.336591109610263672e-01
-6.164458843567970359e-01
-4.118049199436542018e-01
-3.737126074592388436e-01
-7.698523138772428442e-01
1.331650819312384659e-01
8.647778316934477960e-01
6.478948153397549869e-02
2.993140097153826895e-01
9.101992257840833822e-02
8.492151864356918267e-01
6.309566102008911104e-01
1.843641315606898631e-02
-5.495517804233078785e-01
-5.963891743691912550e-01
4.237094426857222484e-01
2.208764617595197488e-01
3.427107210626629263e-01
4.709540094058944915e-02
-3.812688340855232561e-01
-2.246303571905928775e-01
-8.890619369349705980e-01
-2.812251638010658250e-01
-5.224944579506062281e-01
-6.761396503157797166e-01
-5.213036443394708508e-01
5.753937636512822251e-02
8.498987906395040204e-01
-4.065847011728668746e-04
-1.300685707194433882e-01
-2.560158951610645370e-02
9.094584583836147207e-01
8.281038537173249781e-01
-5.019662751989042992e-02
-4.634433191032459876e-01
4.352908762666325426e-01
7.532643610746143914e-02
-4.061510469101858173e-02
4.399843732401924612e-01
-3.367999135966263657e-01
-1.461433069362672588e-01
-8.588773392734805334e-01
-4.297561824091923333e-01
-5.946925565888152576e-01
2.690595539143293968e-01
-4.088127933543305170e-01
9.014410879213449745e-02
9.001907976640519671e-01
-7.159030984358838445e-02
6.374480160186989097e-02
3.733708448028662530e-01
7.169995978368384204e-01
-5.362364381428195992e-02
-3.946300223809945940e-01
-4.050544582361774726e-01
3.448790301880296227e-01
1.091752179746613705e-01
5.649197720844488790e-01
8.838146462305168649e-02
-3.394709382661987296e-01
-1.829222661693542529e-01
-8.623063231309542331e-01
-5.525062708031751590e-01
-5.536914268305558329e-01
1.421916996926173571e-01
-6.272339960751345256e-01
1.815890251232709640e-01
8.337256161593923354e-01
-2.337071691229797021e-01
4.798784542381027973e-02
2.492578112478237296e-01
8.253125409602548590e-01
7.773173998630757975e-01
-2.027138568947987884e-02
-5.984235525298678970e-01
-5.146673864689693678e-01
5.477289895675345743e-01
4.776524805428783438e-01
-6.634545177992150211e-02
-3.077015330066921184e-01
-8.610924365479535880e-02
-6.517900342677964698e-01
-8.167915243766952216e-01
-4.221885880071714059e-01
-4.083096640860222060e-01
-4.911095686045359732e-01
1.839643553158791800e-01
7.066640182203275389e-01
1.909359437448893415e-01
2.717019772981577735e-02
2.290596357464931287e-01
3.377104337151384805e-02
9.059311891956374208e-01
8.382186380059075681e-01
1.249966788235365271e-02
-4.449355204663312802e-01
-4.262519325433259954e-01
3.835358550493056518e-01
4.182259844277562144e-01
2.587543866523228653e-01
3.320700037752068179e-02
6.044878885646413069e-01
-4.063117389750102171e-01
-2.946904638861319592e-01
-5.717971909479128145e-01
-5.509500781859141272e-01
-7.794474405127510552e-01
3.202826763489309281e-01
-7.796939637900559550e-01
8.122051692854151961e-01
-1.782157510440404713e-01
7.391890975519244122e-02
-1.634644662641035751e-01
-2.485014159636764752e-01
8.362438556994318262e-01
6.787379707702280163e-01
1.135496623110225688e-03
-4.951593132797590946e-01
-5.497590457173048284e-01
3.927153732258373275e-01
1.751795646685012364e-01
8.360962443607667938e-01
7.878398853689913550e-02
5.639295463286859711e-01
-3.653625882125558499e-01
-1.937489701349655591e-01
-6.045267116202238666e-01
-6.925008046110087134e-01
-3.484494331282986246e-01
-4.034561112386019222e-01
8.349271357650656089e-01
-9.373741015175868219e-02
1.724592613914160411e-01
6.564158739114289709e-02
1.108661740940821427e-01
8.008161748289985837e-01
7.295756044134551477e-01
-1.062882343395432118e-02
-4.802529259017713215e-01
-5.488783183962622214e-01
5.237416482042019927e-01
-1.419634384419132811e-01
5.861924790711916522e-01
-8.893149384530070478e-02
7.196910615091636210e-01
-8.167738626520822109e-02
-1.590598909055528920e-01
-6.930865320139514285e-01
-7.464703177173109827e-01
-6.262183244390316927e-01
-1.166226463869345642e-01
-3.017476479163571090e-01
8.053532402920923206e-01
-1.298139573038668282e-01
1.038632459174496647e-01
-2.149725930994684370e-02
8.185939666452408670e-01
6.225852198599612919e-01
5.008459700798458675e-02
-4.005393653404387688e-01
-4.454207150411373939e-01
4.914830727115688247e-01
1.370471674409074747e-01
-4.160528187329793348e-01
-1.790266768036577194e-01
-8.723472377956993373e-01
-5.015300926514290047e-01
-4.204645397024526776e-01
-1.637454725656043997e-01
-4.098812388586312583e-01
2.709874830384763622e-01
7.834996963393432434e-01
-1.005459795184756588e-01
-1.528909354456333136e-01
-6.048147359299189604e-03
2.688085394462438882e-02
9.509994576632619934e-01
5.846961318347398961e-01
5.016911341196822471e-02
-5.153245117277998055e-01
-4.619001819853035817e-01
3.995552234230711486e-01
5.275771088964433808e-01
5.525011874437153470e-01
9.326177505324714789e-02
6.301609206657726725e-01
-2.877348151563832168e-01
-1.680192910616214730e-01
-6.353512517995159037e-01
-6.614243695195610728e-01
-4.200313187132252435e-01
-2.794908022748031629e-01
2.462009777129499921e-01
7.652796330374678213e-01
-6.642034254700508733e-02
-2.086430477890871826e-01
4.144141063279218468e-02
7.602481031363098607e-01
7.985154278509705161e-01
-3.846571749389964684e-02
-4.776745262911700207e-01
-4.830888908656915670e-01
2.434059561895498547e-01
3.002068705245287614e-02
6.354382542600516270e-01
4.052371929251587235e-02
4.459255626688850560e-01
-5.982256804094687741e-01
1.922607458283774953e-02
-8.752743679607000171e-01
-6.222163566854612693e-01
-7.223300023602441389e-01
-5.907055270370955569e-01
-3.257294274100487885e-01
2.798453702520071751e-01
7.672679355761767850e-01
-5.703369852154964448e-02
2.360689049569910936e-01
3.922983680178232513e-02
-5.394068171566861469e-01
7.148573863089073832e-01
9.381243320459942137e-01
7.185601410034931913e-01
5.805934575539390546e-02
-5.840212193826336273e-01
-3.927896823177319807e-01
3.092755362886934756e-01
-7.869877023454349696e-02
7.180165681083339191e-01
2.412588413969515844e-01
4.822079888799057912e-01
-4.689946786692751890e-01
-1.030666163166489846e-01
-1.956709310805447299e-01
-9.191003853099575238e-01
-5.532561111577369850e-01
-5.496575705375751353e-01
-2.392423107397447235e-01
-3.627705192392283728e-01
2.264155059583117524e-01
8.585505089785285815e-01
3.501785244703557037e-02
7.947927645540248456e-03
9.320971404755729051e-02
7.434634051088534479e-01
8.764553138941318933e-01
-4.526507540710983379e-02
7.578958549686326540e-01
3.626954946575947775e-02
-5.156802056943593504e-01
-4.918566366179530358e-01
3.699997373168925630e-01
1.261205058327426742e-01
1.264677350464795125e-01
6.046146981279506560e-01
-3.925760135225398462e-01
7.940980965304210437e-02
-7.906252976569703161e-01
-6.556101698280772938e-01
-5.895493364000571335e-01
1.916970709167890585e-01
-4.705657407002568071e-01
5.918805564921474360e-01
1.898325934152208794e-01
1.745332254852878240e-01
4.252384288121935918e-01
8.623767285996639664e-01
6.590861693981221459e-01
-2.897731528121439207e-02
-6.568661039012210212e-01
-3.826167638229456824e-01
4.448394488699249361e-01
-2.494816171027713567e-02
1.447139396067780581e-01
6.287243085964387967e-01
-4.954275947092202648e-01
-3.887742712616723550e-01
-8.215766922990408450e-01
-5.831544417993884677e-01
-4.792069766974029199e-01
-2.829328416466427368e-02
-4.128450355958449558e-01
1.279858693905343847e-01
8.426261750963389696e-01
-1.458550401264233909e-01
-1.385016575628463531e-01
-6.701529313378003574e-03
8.124585752106165959e-01
7.514980885556913348e-01
3.845022930754440557e-03
-3.739432013854838699e-01
-5.828361801897896655e-01
4.582919394562071091e-01
8.846333943981395109e-02
6.615543625633232283e-01
8.438713197821308409e-02
4.879151847955432442e-01
-4.881250113764247223e-01
-1.218606893246455686e-01
-7.358896234718816931e-01
-5.515641826570737427e-01
-8.329200652848153252e-01
-1.749333594129918457e-01
-3.315129961364459144e-01
8.615436178004132195e-01
6.017797103896299626e-02
1.784484134241367814e-01
-1.827658732010594422e-01
9.034305402160962561e-01
8.924766858174867368e-01
-7.571910919830289466e-02
-3.819023034007263950e-01
-3.845921917832412773e-01
2.113200191702165331e-01
1.199230874841552413e-01
3.939529168585504948e-01
-4.814911780320311196e-01
-2.346375301964543358e-01
-7.026185324040450375e-01
-5.813144346938206031e-01
-5.901385875061730957e-01
2.871652579353127233e-01
-7.664671258238707763e-01
2.551413970979565446e-02
7.841502238177249229e-01
-2.502523829933242169e-02
-1.833746452292905893e-01
-1.270154007773918181e-01
9.743993560843357271e-02
8.052913044477334470e-01
7.622105268478241991e-01
1.354734128884823620e-03
-4.968809743555989145e-01
-4.862345467670972088e-01
5.539753641416536034e-01
-6.751778724037374446e-02
-2.951296748710123888e-02
-1.974225089602895111e-01
-2.285745538011942912e-01
-7.126443383784546448e-01
-3.903368896964134471e-01
-2.772915093949599452e-01
1.934595565296595154e-01
-5.724415134237978986e-01
8.067090843137807443e-01
-5.807408305094636375e-02
-2.129292386798523617e-01
-1.818290355951705517e-01
-6.912445019622304176e-01
8.983499217808892379e-01
7.752749413252466582e-01
4.296561639038641578e-02
-6.075537296972873813e-01
-4.913397596371351650e-01
4.777432457067718463e-01
5.863711123606882292e-02
-4.996891697953792510e-02
-1.433037988715648303e-01
-3.632871204423531175e-01
-8.084266888044644439e-01
-5.890342699152412154e-01
-4.271430122338097379e-01
4.210958233333074729e-01
-7.010893505365294320e-01
7.369974761810300645e-01
-6.546162918430860345e-02
2.519320274889679800e-01
-2.614210615268809934e-01
6.747642309204289202e-01
9.693331220301290019e-01
-8.404949760225237376e-02
-4.637497176648528452e-01
-4.648413380991935351e-01
4.172901986224593629e-01
4.832837819773259935e-02
6.591923917706457026e-01
-7.112004583344294639e-02
6.982577754395389302e-01
-3.344132708798005504e-01
3.091388266937335205e-02
-7.718609976261688876e-01
-5.534214297980087904e-01
-3.666366540108711991e-01
3.624680286224107872e-01
-3.957103196692850489e-01
5.455023067078748622e-02
7.146840222223802552e-01
-1.517076479536046650e-02
-1.405933197480178087e-01
-2.569757663218897314e-01
2.869890888417604424e-01
8.252663582267851794e-01
7.166727689179184235e-01
3.914185928202307263e-02
-6.869180788271596061e-01
-7.499760554862129336e-01
4.730911102260923484e-01
1.138952312632852959e-02
2.996059394230918271e-01
1.371554558765109844e-01
-3.128257402927254183e-01
-1.884052595115758288e-01
-7.209872436888764557e-01
-6.238485657633187076e-01
-6.242421140080879338e-01
1.066032405394492788e-01
-6.444087635383830559e-01
8.592140518183599696e-01
-1.425235238098338797e-01
-1.615347346772421366e-01
-2.959216678516810584e-01
9.660750553377039918e-01
9.885615583368624337e-01
-7.306898759335582472e-02
-5.508705970730556345e-01
-4.533972223245684163e-01
-2.373996389072022609e-02
1.012638495338881311e-01
-3.996430919617789401e-01
-1.322884022704877427e-01
-8.287245131115036356e-01
-5.512721051397576622e-01
-5.785524110542421550e-01
-3.594827434418476075e-01
-5.882114803765918776e-01
7.478534870729005579e-01
-1.574207877812136211e-02
1.538233517269367023e-01
1.250217403988263809e-01
9.516525761787867355e-01
7.967396633692753749e-01
9.815507025343311875e-01
5.823067461297246061e-02
-4.356033430831970921e-01
-4.606687149552409766e-01
4.635156068836565613e-01
1.831151751159590738e-02
7.409890817837982979e-02
5.742445991425946250e-01
-3.701882721165671297e-01
-3.254139152853914307e-01
-8.163541187900904550e-01
-4.617836295145931191e-01
-5.522738905921884545e-01
-1.593762956245364792e-01
-6.106301570106517085e-01
7.687225001041620986e-01
2.661753311277008371e-02
-1.455765074385902413e-01
2.467155464626676897e-01
9.079722991767634754e-01
9.068277072363173374e-01
8.948943600621529493e-01
-9.651095239759345523e-02
-5.382831143468576052e-01
-4.101829168114680679e-01
2.977017809069538168e-01
4.344471216392493118e-01
7.201450782696677821e-02
7.303610797943665967e-01
-4.642401703067839530e-02
-2.919710505566321945e-01
-2.462812468614136996e-01
-5.762201103183285378e-01
-6.151942952353305349e-01
-3.570858714218333452e-01
1.645591503631987085e-01
-7.423242752746739281e-01
8.419645165284239674e-01
-1.766670157889319304e-01
2.049397564219167522e-01
-3.791012184942484098e-02
8.406497781249332446e-01
7.141472112110032189e-01
8.389862572233395266e-01
-3.312309171524177587e-02
-4.988423061375545364e-01
-4.935074640577749028e-01
4.180188091969253561e-01
-1.404653532717470114e-02
9.312004112425764646e-02
5.587199228509827087e-01
-3.708854491763016181e-01
-7.709973503952731455e-02
-8.131962729754566022e-01
-6.706504925149846530e-01
-6.069181682575975900e-01
-3.337887002525194990e-01
-7.234404030423022824e-01
5.566912941876722698e-01
-4.992760599187934939e-02
1.317613487599839928e-01
1.208031383682633408e-01
7.529175615283186795e-01
9.485614923590743874e-01
8.734821183123566701e-01
1.532826360540207877e-01
-6.345118497757348264e-01
-3.501987870279850701e-01
4.016328689401386653e-01
8.504805228730791256e-02
5.682164797654208899e-01
1.825821589775551354e-03
5.812271374454722750e-01
-4.344034727869806045e-01
-5.142460959924625291e-02
-8.026283132696582223e-01
-5.912701003388439736e-01
-6.653843699835598757e-01
-4.619951281771876861e-01
9.018121572685594556e-01
-5.658468561061845703e-01
7.638002598586147718e-01
-3.045455734577419069e-02
2.391646434494277274e-01
2.345029163726783661e-01
9.312432314497438579e-01
8.597450821607148796e-01
3.867580215145359490e-02
-4.438278856691944552e-01
-6.215065131879793370e-01
3.593014196959233297e-01
2.509513416713367653e-02
-2.639908716620008658e-02
5.333766113775288975e-01
-3.805969572903011855e-01
-2.054137249537060783e-01
-5.438893239493545195e-01
-4.400962726646442391e-01
3.525513656947780738e-01
-6.204510376157763574e-01
7.920553084156158885e-01
-9.843206924429056051e-03
1.348058277624055723e-01
-5.730690834693052266e-02
5.872357325351472701e-01
7.035999278588273356e-03
-9.532445257653960891e-01
-4.057829051471486537e-01
4.850048156430716295e-01
5.037968321912660724e-02
5.802950383579967841e-01
2.513746739031136671e-02
4.061454455077390668e-01
-3.599371634794923946e-01
-1.566036413327623888e-01
-6.051956414114785243e-01
-5.282674962448064004e-01
8.801403098057862529e-02
9.256983630993075307e-01
-5.080012422010677930e-01
7.958209928991599735e-01
1.903266014008982588e-03
-5.068174810646713935e-02
3.249639391652012765e-01
-2.269295674627964596e-02
8.529944780509615132e-01
4.846437584951001076e-01
8.892166768532268062e-01
-6.562942261100146446e-02
6.097876424065216128e-01
-3.910363364712666767e-01
4.156508929672450003e-01
-4.516703663238098160e-02
6.847958504765444543e-01
1.027639189246004614e-01
4.773463688195415111e-01
-3.524123620391993450e-01
-2.487983078745244769e-01
-5.499442892080159684e-01
-5.827744508868319961e-01
3.103998395997635829e-01
-3.656922663867401835e-01
2.701944051640820521e-01
7.778051025444652211e-01
-1.861225807464335011e-02
2.386611293156558344e-02
1.024819997204528127e-01
1.756120920042039957e-01
8.839053580977469515e-01
7.916500841598699267e-01
7.097815384012853279e-01
-1.045846992395212116e-01
-4.365415904634621924e-01
-3.957574900384425165e-01
3.063361782564451019e-01
-4.546049892697815592e-02
1.182088409326059464e-01
3.978360972733083201e-01
-2.220647578637147956e-01
-2.036599496775439166e-01
-5.317843153824667324e-01
-5.132576487150066757e-01
-3.549056842007897727e-01
-6.364009814670339438e-01
2.466870625779796489e-01
8.618162983924786413e-01
-1.787309142954580654e-01
-1.843472862874609153e-01
1.269101324061476244e-01
7.605747900037258535e-01
8.169383116588974092e-01
-3.567148026232942748e-02
-9.010187608521668112e-01
-4.607786666942797482e-01
3.928497835755434542e-01
4.969293668635645089e-02
-1.598581662968243389e-01
-3.693874591785928363e-01
-1.199893531470983404e-01
-8.403315089195383392e-01
-6.560164448367273859e-01
-2.635887595071343403e-01
-3.465895912856538641e-01
-5.823365760979103412e-01
8.455114487283610369e-01
1.615424639289488040e-01
1.166067497503278788e-01
1.708156702827942353e-01
-5.553918937468284994e-02
8.514563877890577448e-01
8.412133295479876649e-01
8.588471499106714591e-01
1.710354435126396067e-02
-8.946498186058461366e-01
-3.837743173449368328e-01
5.242481812516284201e-01
1.883597739173748647e-02
-1.086990321443190126e-02
5.306139024853515629e-01
-4.311615243458084001e-01
-1.823188279568385139e-01
-9.046624661334865536e-01
-5.670415728761368790e-01
-5.432499288178640473e-01
-1.905349727558723616e-01
-5.908637591740684147e-01
8.452276017876796388e-01
-1.460555771541386660e-01
-1.028055646409065105e-01
-1.079471180922406542e-01
8.685805585697673470e-01
7.680773562974999580e-01
1.839872077923100364e-04
-9.251886717888365697e-01
-5.442328937378748677e-01
4.655876762209674169e-01
1.383731247760340566e-02
3.899967898476700695e-02
5.302893706462646906e-01
-3.733736219359103936e-01
-1.024994659933974317e-01
-5.501172328501158226e-01
-1.837168601834526516e-01
4.378987580265440022e-02
9.689571887165050468e-01
-3.768704751808003572e-01
7.794416312229871524e-01
-3.034150041658022906e-02
9.685129982671063231e-02
-3.677487259767348582e-01
1.458247563060588448e-01
8.231766412070248284e-01
7.029620385267980609e-01
6.829256964120186124e-01
-5.875030896017947174e-03
-6.007586304630498919e-01
-4.198609983895774667e-01
4.421912092874080713e-01
3.266960281412523842e-02
-9.746858021720469778e-02
-3.978963111067062020e-01
-1.228017694681380750e-01
-8.217993177095659352e-01
-5.794612323471806103e-01
-5.494132857999411979e-01
-8.384496819047417004e-02
-5.149344863224551982e-01
3.251963524454146715e-01
8.884765842741835229e-01
1.660843339456430645e-01
3.034033402290832807e-02
8.756979343804098537e-02
1.427689023307427418e-01
8.702465720163652385e-01
8.638113251754058197e-01
1.905445048439027497e-02
-1.293308552510474274e-01
-4.425435518824798464e-01
4.459901382118669488e-01
6.417879296992110016e-02
5.225350954931985425e-01
8.154510849720772447e-02
-3.586500283165529601e-01
-2.994058889832765247e-01
-9.269396813210808439e-01
-6.460728892775617904e-01
-5.285347718033130970e-01
-1.389589002526182560e-01
-4.684031422141505807e-01
1.387198159908770434e-01
8.339129785208324597e-01
3.545389566059923420e-02
9.899293855412343024e-02
1.429809800563953404e-01
6.477423953569020343e-01
7.782268489706951620e-01
5.321532687416333229e-02
-4.185219247910497709e-01
-4.171102284131526505e-01
4.710030222979602610e-01
-2.142678939912804822e-02
6.710537258927494753e-01
3.428942377390484242e-02
-3.351941758266161475e-01
-1.901826571828837686e-01
-7.394908351911562150e-01
-6.147806641109954118e-01
-3.978450672756694839e-01
6.144544519589899972e-02
-5.534293787790294239e-01
1.871701774349702752e-01
8.641091869421746452e-01
4.401248985420378596e-02
9.498578332761292708e-02
-1.399472910791877411e-01
7.835917506188452286e-01
7.701064480148697156e-01
8.224050042963346741e-01
-5.223298851919098984e-03
-6.749296061678368153e-01
-4.439300731586541815e-01
3.846077896369323734e-01
6.818897814225571841e-02
-1.332162162016650546e-02
3.901450112356741329e-01
-4.122617543236334336e-01
-7.906673088242860414e-02
-6.780593499222801190e-01
-5.550983832226574766e-01
-1.278571888553354519e-01
-6.321534067931293688e-01
7.904373863154989799e-01
-1.677081983265404086e-01
1.246423670175296622e-01
-7.342755237318078498e-02
1.779416453807122489e-01
8.106336938978269124e-01
6.419366165444009287e-01
5.186539111079625508e-01
1.197486487235036208e-02
-5.134510980937896374e-01
3.696692789367703180e-01
-4.500302430249771002e-02
5.903367374227995457e-02
5.500838707839750263e-01
2.010523047625235177e-02
-1.929674783383851233e-01
-7.953066765638909796e-01
-6.654580944387912256e-01
-5.891323953533799118e-01
1.423402813656308996e-01
-5.106295401425291480e-01
2.691963326531202072e-01
8.455301238686495635e-01
4.829644728463915876e-02
2.779272951577872221e-03
-2.271359733479794696e-01
1.825099836714593193e-01
7.448946809878500552e-01
7.521749665808576957e-01
-1.408360861767670412e-02
-4.506153292727345105e-01
-3.279175122665003439e-01
1.836702635482194146e-01
7.507312093682316778e-02
2.223778062280609147e-01
5.861179616104094103e-01
-2.959230177022758590e-01
-3.216175716392952744e-01
-1.952276676577338332e-01
-5.448017172510731809e-01
-4.236716096755975824e-01
-3.265788922514601539e-02
-4.209742688683745793e-01
8.527213184427322457e-01
2.872842053882094029e-02
-2.468693017364307074e-01
-6.665302644111912797e-03
2.420804312161269067e-01
8.030135563866412918e-01
8.408538564679365335e-01
-2.786779907108650339e-02
-4.393416758891256491e-01
-5.776951123739810789e-01
3.479452672962006776e-01
-3.028854933601469231e-03
-3.215250431340197640e-02
4.682721324777305849e-01
-4.088861477159791979e-01
-2.874154277143973757e-01
-8.295021908169406544e-01
-3.422685158315452725e-01
-5.318702602793746737e-01
-1.015725442674004081e-01
-7.814749433486367636e-01
3.340874987511305849e-01
7.248423255389282449e-01
-7.235909420790129221e-02
8.833420268067708470e-02
8.344587284912759195e-02
5.400257701530443155e-01
7.273880908027882120e-01
-5.096885872106492188e-02
-5.311586217168683399e-01
-3.315466310080222856e-01
3.942939753190017327e-01
-7.416246005917755124e-02
-1.672126600019087084e-01
6.161830216942879579e-01
-1.029470674539467168e-01
-9.053920925158845390e-02
-8.928414514000289071e-01
-5.745390660837480512e-01
-5.362516383082375215e-01
-2.781837653640221661e-02
-4.443823512394403097e-01
1.812354699259922652e-01
8.421499198869533132e-01
1.407503869716684453e-01
1.602745719658954238e-01
-1.581336782136822383e-01
9.691272810411235561e-01
8.080352943624734552e-01
-8.367832101457969851e-02
-2.798680958089055926e-01
-5.436513332090492367e-01
4.757085527964708405e-01
5.818082379679668792e-01
-5.913372451297461974e-02
-3.530260200913076241e-01
-7.045847863809223677e-02
-2.445147577803598038e-01
-6.326494913453601932e-01
-4.419016986878683273e-01
1.270762184512249648e-01
-8.311321701280187657e-01
8.414324427247241722e-01
-7.935566312469409522e-02
2.096164022790353298e-01
2.543246096059760541e-02
8.528201299776103639e-01
6.214884859986425925e-01
-3.489768872585098224e-03
-3.356130398543746285e-01
-5.264412731883153507e-01
4.701579918253883106e-01
-2.910980362868165194e-02
-1.016924697944469741e-01
4.356929050100937784e-01
-3.869082855807038923e-01
-2.179938414041116823e-01
-2.257714944639730159e-01
-6.876737255253965175e-01
-6.447894826741998875e-01
-4.503887616149847006e-01
2.479731944383925246e-01
9.255105471970751507e-01
-5.481467632419582126e-01
8.112236837720967486e-01
-1.090524129417244775e-01
-1.245531970875054101e-01
-2.061588953378643840e-01
8.950886373743922597e-01
8.337731148308398232e-01
1.317672624574734233e-02
-5.435092096058149469e-01
-4.820463032556131511e-01
3.774452105159916138e-01
1.464419779449287473e-01
-4.056061234583627217e-02
5.426757694598074444e-01
-2.938732153695032268e-01
-1.360331738157403714e-01
-8.954529810449716187e-01
-5.462508072487498589e-01
-6.369260072145727092e-01
3.385893317042736883e-01
-4.908657081124063182e-01
1.898926299861154465e-01
8.193923198681549724e-01
-1.277857568232443619e-01
2.410216731694770353e-01
-8.469176821733093163e-02
9.150928710396328825e-01
5.565000584596663247e-01
-2.385349786529738364e-02
-4.321120626480687288e-01
-4.261833068833542626e-01
3.048514312704991847e-01
6.200915008002032963e-02
2.804471601592213245e-02
4.691175522513689189e-01
-3.316507893711749810e-01
-1.800134922063761911e-01
-6.216230336382340127e-01
-5.971791175278333696e-01
-5.937578254245907683e-01
-2.571197806451011036e-01
-8.135978198576403475e-01
8.311592864627346255e-01
-3.628627977341389310e-02
2.619964128831565042e-01
1.002940722545690444e-01
8.358501837748590901e-01
6.922606167395713994e-01
7.148060810453293890e-01
1.537819673892312500e-01
-5.246344695827553917e-01
-5.151582192518801007e-01
3.598000358956846001e-01
1.273213664715654725e-01
5.813630925589552412e-01
-1.186577524016549506e-01
-4.918532021184610636e-01
-3.476991830154667618e-01
-7.961622054000945248e-01
-6.563121539184009201e-01
-7.290068615704017319e-01
-2.438662213723906055e-02
-3.122753429948755266e-01
6.238024638209792583e-01
-5.412653942797444884e-02
-1.212828995009031380e-01
-8.588623040866202873e-02
7.057157957965523587e-02
7.782752694717394171e-01
8.877324007891265190e-01
8.168036489354091323e-01
3.550285445462240258e-02
-6.010278007091421903e-01
-4.155142446167641723e-01
6.578298360629902808e-01
9.439308185573369592e-02
1.941455716107212404e-01
-4.673872075936741921e-01
-2.829118731282423763e-02
-9.947829060383247546e-01
-5.653317270264801575e-01
-7.826819499750198306e-01
2.941809909661695088e-01
-6.173283724222642377e-01
7.633916437178602798e-01
7.530333220934620764e-02
-2.821626907461576295e-01
7.881399189448530518e-02
4.131600352740031484e-02
8.695378281834993395e-01
7.330001312537033353e-01
8.375808383428771098e-01
8.407648608079111574e-02
-5.188769634800649566e-01
-3.211134473736724226e-01
4.879809387678899490e-01
6.408604199201886620e-02
5.216457765852636763e-01
1.012218383475128880e-01
-2.784568261126332822e-01
-1.438610939372590991e-01
-9.426707828160831859e-01
-7.339817442655838242e-01
4.115257022274580734e-02
-6.094072410212300062e-01
7.846568409897718421e-01
3.124925388699280604e-01
-1.131517378815328767e-01
2.538284028007458532e-02
8.251440488778140070e-01
9.275765370046351599e-01
4.419289056575823604e-01
-4.577546004332094798e-02
-4.750237196992425637e-01
-4.031943047233542687e-01
5.679256608883953561e-01
4.175717231963855386e-02
-1.253985617416597531e-01
-3.001399217468466163e-01
-2.652921271007782633e-01
-8.653306233274704606e-01
-4.266945941966011069e-01
-8.059216784415966783e-01
1.033548725768019400e-02
-3.971362287648613765e-01
8.011095972836311807e-01
-9.683855157075431375e-02
-8.391762388389921445e-02
-3.015093780342281149e-01
1.057381285402709398e-01
8.629435479659426367e-01
7.466598603116020305e-01
7.241068095505833746e-01
-2.263763932804791976e-02
-4.724826115197988119e-01
-5.217406685529536459e-01
4.648246726022438047e-01
-4.073574282299916027e-02
6.809273622309607310e-01
-5.652925822855433581e-04
5.279012322078370234e-01
1.751691888250124507e-02
-1.382093239331299572e-01
-6.422650644521636920e-01
-7.047009615628508916e-01
-4.920804990786616928e-01
-1.757237380769988422e-01
-7.013237530154969868e-01
4.170550523356699596e-02
8.841011346566498563e-01
-3.819410284420830803e-02
1.737182783183753298e-01
8.461129643639252185e-02
1.733104123006007913e-01
8.899994422819619277e-01
6.427395508258904044e-01
4.334224794168935191e-02
-5.207316331946570953e-01
-5.202061922087286572e-01
4.538120706945522054e-01
3.351902407621244750e-02
7.582696659248656657e-01
8.713951399231796568e-02
-2.417791288026568119e-01
-1.781924938459027719e-01
-7.827749310916362058e-01
-6.564271352643320512e-01
-5.072456397935292127e-01
7.056992349784706187e-02
-4.239276774989991781e-01
7.930742651070241678e-01
-5.245664577328031791e-02
-1.437526052738188620e-01
-1.405953162010624702e-01
1.545067254448854836e-02
7.401049250784640376e-01
8.732930360210265919e-01
7.118783327839685038e-01
-6.272456776016192836e-02
-5.675910580027583308e-01
-4.449888231270930361e-01
4.293229291363542255e-01
1.243739275356407770e-02
1.536353793867802076e-02
-2.846399494991222467e-01
-2.875480924671480754e-01
-8.806655727164658387e-01
-4.063271089496713340e-01
-5.976970434557211664e-01
1.096179120631378817e-01
-4.939267433024960297e-01
1.951082476253805931e-01
9.036990322037415924e-01
-8.251683977409056403e-02
1.789415415082621086e-01
1.052255380377578042e-01
1.212665065699238959e-01
8.919160850825432751e-01
8.981723917620533237e-01
8.045399252323309769e-01
2.939211480820330333e-02
-5.521242014868574799e-01
-4.145349116848672244e-01
3.719660336912716248e-01
3.151509996038124872e-01
-7.119298595253248374e-02
-4.397980759412754154e-02
4.963410312650312073e-01
-2.186690103410918740e-01
-2.755782656471542635e-01
-3.598246080478467723e-02
-4.195388484980756560e-01
-6.216158937144407037e-01
-6.396939177406504307e-01
2.290435069132691348e-01
-2.578498900138897487e-01
7.467963665380565885e-01
-1.254536575000442522e-01
1.943886728534636732e-01
1.989793818260381097e-01
1.833012767386373032e-02
8.016957586192626772e-01
8.841669265576281855e-01
9.309262088595754436e-01
6.889700242539630037e-02
-6.500991554016191110e-01
-4.265688786954614509e-01
3.859590197772898024e-01
7.114863214285070681e-02
4.049859560969685246e-01
6.332180839794680771e-02
-2.936570036390119820e-01
2.101933882281296351e-01
-3.771787098829181006e-02
-5.025587719686334109e-01
-4.590711744553306883e-01
-6.410051775076265612e-02
-4.975431214631763077e-01
8.125650379721005567e-01
-1.510392161510033526e-01
-1.757526808560963272e-01
-9.028740705052744342e-02
3.584997701164241990e-01
8.258285688439036543e-01
9.314527075945171486e-01
5.343237274989738606e-02
-5.895942147848363124e-01
-4.983036838917810907e-01
5.301148087827457500e-01
8.259722741764603457e-03
1.853151175623472258e-01
-2.897287063332378843e-01
-2.984711299984507682e-02
-8.881673803875277384e-01
-5.667273174253548707e-01
-4.852840838660392730e-01
1.202001903668023647e-01
-3.819343902072107610e-01
-1.335447524465353981e-02
7.280643135190253412e-01
-2.079357613625688328e-01
-3.763115007043051352e-01
1.083147038045367549e-01
7.158138239256774948e-01
-4.163312829948637855e-02
-5.292993189642849483e-01
-2.822011508203077779e-01
5.254392897237279980e-01
7.774653913046443432e-03
-5.082629888878230362e-02
4.802898751940474775e-01
-2.702473766054934168e-01
-2.472019410375988768e-01
-9.685782215886740154e-01
-6.758330620227130936e-01
-3.376392019896774510e-01
-8.729762825962202131e-05
-4.604390483158299352e-01
7.722346913544280156e-01
-1.395330955111290239e-01
-8.719813075654998802e-02
-4.706452741722553373e-02
8.236425290656252951e-01
8.626413064541977871e-01
-3.163627734404739211e-02
-6.128013468382245144e-01
-4.910101522939315233e-01
4.502827861584743907e-01
-3.627025627230134885e-02
6.555951159368302861e-01
-5.237592854149825811e-02
-3.562663386957841682e-01
-6.025597998590919574e-02
-7.049649034712608398e-01
-5.516994765392145839e-01
-4.530160519046785850e-01
-3.835510160965358017e-01
-4.373265915512286606e-01
8.697765722124601862e-01
2.589562803091984000e-02
1.565215846002623035e-01
-1.272124666277152927e-01
1.894097355921233183e-01
9.071277868437417347e-01
8.120091216537457246e-01
2.605482948570818792e-03
-2.676408321704231152e-01
-4.898588804423241183e-01
3.557188306879398576e-01
1.288240656095886449e-01
6.340715231210692915e-01
-8.612641597403745131e-01
-1.490170030302439830e-01
4.673997699099024516e-01
-3.112033570697000373e-01
-3.381695523915491663e-01
-8.232787193975579232e-01
-3.726269811586892522e-01
-2.651592847399161235e-01
3.346958873229862741e-01
-4.678643873957892274e-01
8.279450189837439522e-01
9.141047179813144644e-03
1.324444218566397935e-01
8.592720546571278040e-02
3.234834518086638355e-01
7.347765054411405927e-01
7.888758318060060670e-01
7.877306199646183504e-01
-1.035803428990079815e-02
-3.807027280287701987e-01
-5.366490014343032744e-01
4.850108240500166090e-01
-9.344961169477014606e-03
2.239329535509800850e-01
4.095477575406065718e-01
-2.139336783906245487e-01
3.997903615267987543e-01
-2.245456160747438257e-01
-6.291647699467617372e-01
-5.975940803947598079e-01
-2.860852342553358296e-01
8.885097022624302565e-02
-5.432003267505775002e-01
-1.493219610162640695e-02
7.309956094172214147e-01
-1.253793533842301744e-01
1.003336346660367306e-01
2.745127810262995571e-01
8.915449911797099225e-02
9.099101616202825982e-01
6.057955177403706593e-01
8.738912833178196227e-01
-1.290475179635938892e-02
-5.184095711417072705e-01
-3.844399036029187977e-01
4.871784644675478670e-01
1.009955943311632437e-01
1.328494115708257206e-01
-2.600147732208106244e-01
-1.784393599840604083e-01
-8.309782781636898541e-01
-5.020011868456144555e-01
-3.428102328518025099e-01
9.021654974858546797e-03
-7.837705052176822118e-01
8.416696484767404174e-01
9.941432128134040924e-02
1.269413955429890273e-01
9.468383987243739197e-02
-5.345888028378686929e-02
9.280109923766399760e-01
7.710951533453899165e-01
4.648665672181269415e-02
-5.083637213353080497e-01
-5.788118477426337227e-01
4.541884237802826241e-01
-5.619393946489600888e-02
7.072081125397438051e-01
1.364410825675392847e-01
3.436883262494644931e-01
-4.421273829725255178e-01
-2.560889047269753194e-01
-5.871584839482923979e-01
-6.783086257874753056e-01
-4.784725651498963339e-01
-5.172444569894243775e-03
-3.827238261233791849e-01
8.098395375172836586e-01
9.645931120485749799e-02
-6.349735547895109244e-02
-1.026554382399716830e-01
7.752682675818460822e-01
7.544554842445801990e-01
3.597632328879047520e-02
-3.564041833699143069e-01
-4.213587431167997721e-01
4.544125915112617320e-01
-4.804921526202791948e-02
7.158275385373735755e-01
-1.014500272737983155e-01
-3.248086937982001543e-01
-2.792803911652683158e-01
-6.152403830418958774e-01
-7.470626005848750584e-01
-5.189937937084234676e-01
7.690786465570505215e-02
-6.423649291324644572e-01
1.344749493655214394e-02
8.836561975195896812e-01
1.577045630351584307e-02
1.758770269608470049e-02
-3.110851377200290688e-02
1.703684445246551882e-01
7.773930299304143698e-01
7.898876931240410570e-01
7.731188847612391335e-01
-1.073416121974514748e-01
-4.647444578529698056e-01
-6.759749954614606704e-01
4.963228924250293606e-01
1.580613725779233814e-01
4.476906945266881377e-01
8.165222682369814577e-02
5.443857992554081981e-01
-2.965922820457499443e-01
-3.002248927753649599e-01
-8.758668297856931906e-01
-5.844244295326808114e-01
-5.405910513226592773e-01
-2.156244123072956764e-01
-5.065176527950686625e-01
8.046885076234131517e-01
-3.090760048304839192e-01
-8.968002022448999522e-02
7.269549499155626426e-01
6.906844141292732830e-01
1.679246681162623739e-02
-4.155417743746059323e-01
-5.036058620504105798e-01
3.761681285080064607e-01
4.202480324114137022e-02
1.329075156910403677e-01
3.980840732379191671e-01
-3.307982257808743110e-01
-1.979096754677372449e-01
-7.837376279032467474e-01
-5.551532462130523982e-01
-5.702851175057915833e-01
3.059169879285071874e-03
-6.497447491688331800e-01
7.924033422102736424e-01
5.120677362032601942e-04
-2.254175167066257146e-01
7.339951317194903964e-03
2.394560848210804394e-01
8.508848765085825772e-01
9.061814849668354821e-01
1.153098544299301226e-01
-3.926814358916275172e-01
-4.457659419570521031e-01
5.313404296553492223e-01
1.476900109091062174e-01
7.244362065640085335e-01
-2.291594107619938370e-01
-4.004390299303140499e-01
-2.714912352754191710e-02
-5.097902323968852567e-01
-6.383897456083240662e-01
-4.940471756611188869e-01
-5.144627743643158694e-04
8.881245609828662957e-01
-5.316635207279364339e-01
1.262202973087102331e-01
7.651166900344232857e-01
-1.347502981027402513e-01
1.206170801502679663e-01
-2.025669056441296301e-01
7.080018716946212542e-01
6.345040596558916279e-01
1.242153953870007710e-01
-3.782542225490417853e-01
-4.782815918412754996e-01
4.593537350709677725e-01
9.149722508005139754e-02
2.715301780868973336e-01
-3.235441700273812282e-01
-2.172661358814683141e-01
-8.654891085307609977e-01
-4.854005394757963110e-01
-6.939246148809511405e-01
-2.634230825322050884e-01
-5.519034458557398048e-01
1.259471530758118629e-01
7.980937455078888076e-01
1.410217856024147814e-02
-6.480369565860735759e-02
-1.603882715025652383e-01
6.570592116574898445e-02
6.695802262278218731e-01
7.471157191603884362e-01
7.883679667268359559e-01
-6.143692956905949520e-02
-4.840576044745129036e-01
-4.277161251417390120e-01
2.403611543956452601e-01
-4.338980055995531049e-02
6.746884726188197290e-02
-7.910963447780411384e-02
-1.366111281970877334e-01
-9.784623137847142660e-01
-6.014341333835396819e-01
-5.943511246732742226e-01
1.706550925082396530e-01
9.408046226041790749e-01
-8.854176020533930380e-01
7.559730059396878588e-01
1.278268366577227089e-01
1.724438614857531638e-01
-3.572063159373001784e-01
1.524360908964957073e-01
8.326066046133364651e-01
7.139504499845705787e-01
2.742927179251791942e-04
-3.916949743856567023e-01
-5.827375949353692519e-01
4.492159294090907196e-01
2.756889641565853782e-02
-4.050757778384725394e-02
-2.868958225148698360e-01
-1.988074941420049924e-01
-8.251306322039484442e-01
-3.676609988714322763e-01
-2.532245441880334180e-01
9.209294276725348283e-01
-7.351056245937530598e-01
8.818786829689992945e-01
-1.203782729424042186e-01
1.789196805844969762e-01
-3.860637763562236452e-02
1.999061065067181675e-01
7.155990744543908599e-01
8.456845720972001601e-01
-7.024183365020271637e-03
-2.570878648394128718e-01
-3.996926948548870095e-01
4.815671949511006189e-01
5.213864613097350942e-01
2.069862142438090580e-01
9.564564232724902942e-03
2.948981721461583216e-01
-4.143562930886517393e-01
-1.751738573621521300e-01
-7.155223477911525354e-01
-5.315617575399985695e-01
-5.626773151965380748e-01
2.240021422012191399e-01
-3.316137090716587688e-01
4.937180578492215283e-02
7.874913594049262056e-01
-3.888568061003638138e-02
-1.896049165357248933e-01
-1.780942232374820300e-01
3.388919027770979642e-01
7.942804883636754854e-01
7.681625866516046397e-01
2.685814724023703314e-03
-4.583735905883357109e-01
-5.290671566370267476e-01
2.830549803260160591e-01
-3.534628349613972570e-02
-1.079114811376150583e-02
4.520171673628229358e-01
-4.262577766351918762e-01
-1.468341886074354674e-01
-6.588105975855030882e-01
-4.547927136022400507e-01
-5.048103229326579289e-01
-1.044260329822116889e-01
9.756940341829912766e-01
-4.669981464160343210e-01
2.279610202321645240e-01
8.923508288064152527e-01
-3.598014411768093654e-03
-1.948583241797904875e-01
-7.207213929381277306e-02
8.900675364110530174e-02
8.193964277504721672e-01
3.469483481732673069e-01
7.351902544873939460e-01
-6.808761640383471925e-02
-6.101388888015416567e-01
-5.901931859681804893e-01
2.987485945691474298e-01
-3.650569679088237762e-02
1.199953995817769486e-01
-3.368392840260537313e-01
-2.343534136991655137e-01
-7.488605536193539969e-01
-7.357477535670045032e-01
-5.865988933730471588e-01
7.293723339915289539e-02
-4.772428861004366363e-01
7.801963560789786367e-01
4.815134754158888197e-02
-2.641681977315751828e-01
4.522669917373188520e-02
6.403610565557454892e-01
6.128001072488743484e-01
8.903257997590052764e-02
-5.868905861755664422e-01
-5.703923730664266500e-01
3.496078988336965288e-01
-1.835853626179502485e-02
-7.911598992734907021e-02
-4.885082055514076149e-01
-1.522092104852962313e-01
-8.690304385003242427e-01
-6.720898654814868589e-01
-7.468326088119766615e-01
-8.231759711053830350e-03
-4.353515940673434170e-01
8.738811028025927907e-01
1.084081142298962269e-01
9.435381695939280833e-02
7.547691912505133383e-01
8.833848469831910855e-01
7.848052605711087759e-01
-3.055630806023578241e-02
-6.006795360687645635e-01
-6.245597196332430823e-01
4.003253926221541636e-01
2.403546288838956657e-01
-1.635912614751882099e-01
-3.425385718384280076e-01
-3.692196270644834688e-02
-5.370579410245578389e-01
-5.895252252119661529e-01
-5.583883033423867603e-01
-2.919838072880568958e-01
-7.562058012943578822e-01
8.001157408308426922e-01
4.295848561387721060e-02
1.101325551917219925e-01
-1.585415520029178904e-01
7.671284296327971486e-01
7.075361007596741025e-01
-2.827681916150400626e-02
-4.032283078163407808e-01
-5.807422819265506408e-01
3.915571293145676535e-01
4.496059564111078155e-02
-2.901331842085501725e-02
5.784188751751273561e-01
-3.845599131719434904e-01
-1.916516099958103792e-01
-8.177770025924516739e-01
-5.790488380204021901e-01
-6.059648574028531076e-01
-2.035001028853351546e-01
9.637810942995029828e-01
-5.763396767345679850e-01
8.028380244870603200e-01
-6.704713306268438033e-02
-1.074437857897101445e-01
1.001496645639115141e-01
7.983916746414373433e-01
6.467004357532976089e-01
6.182374148500175970e-01
2.727260399422851839e-02
-2.901024389959977468e-01
-4.385932982132126901e-01
3.116921771876986491e-01
3.730621197396631616e-02
-1.254304216164258690e-01
-4.225704523013937841e-01
-5.488631673088397583e-02
-6.825242251367192869e-01
-6.035914329951044266e-01
-7.974040401587799698e-01
-7.075301781888551633e-02
-9.302563425582157652e-01
1.585144639815432299e-01
8.643196419142887832e-01
2.121390861810243736e-02
-8.700325503659271653e-02
-5.477405612535177909e-02
7.807626535371827714e-01
-3.774969198852780594e-01
5.038037854337793497e-01
-3.527655498404001864e-03
-5.624298033921686368e-01
-5.276396963452396616e-01
3.506493846211513610e-01
-4.696268599764448493e-02
1.006169436046038118e-01
3.810979475727547805e-01
-3.373786466385680916e-01
-1.109229078221535547e-01
-8.220815622910078169e-01
-6.398906700906920042e-01
-4.654700231396557975e-01
4.616811502371082759e-02
-5.735190452694004515e-01
2.654204223671488005e-01
7.276549152080236116e-01
8.672950440422032281e-02
-2.788537227982333944e-01
8.953853440969301580e-01
7.704979702106068418e-01
6.681101278873530225e-01
-1.149903082205821526e-02
-4.705324591906838716e-01
-5.026291115297607526e-01
4.808350603475723406e-01
1.550608642575709503e-02
1.617680345244266321e-02
-1.361578431995369709e-01
-2.230556166713790200e-01
-9.625178245123402476e-01
-2.797350671153536195e-01
-8.114421591799005906e-01
-4.637332714297395624e-03
9.250248461932263355e-01
-3.646844105214078202e-01
2.947313538116526632e-01
6.641222192080660225e-01
2.135119235293339579e-01
1.869069930366895962e-02
-2.378129981323956754e-01
1.623980495826464823e-02
8.285035431942974204e-01
7.434440979287132434e-01
4.872165410180516187e-01
-2.722895472543143420e-03
-2.559877378396915315e-01
-6.334382441915482609e-01
4.150472376628385751e-01
5.372451172869414926e-02
1.164122426890589340e-01
2.723477444012584736e-01
-1.366479999402952505e-01
-9.286734077675773413e-01
-5.655090013886205913e-01
-3.743374290137113647e-01
-1.080698176594702131e-01
9.259850756847758380e-01
-6.428702039422498071e-01
8.150480007157789863e-01
7.369902696910463069e-02
6.605415031838139661e-02
1.062426156037836883e-01
1.156260607085060760e-01
8.124688306294005624e-01
8.682009228055617145e-01
6.456054256163819005e-01
-2.408089898845225396e-02
-5.551264389499994678e-01
-6.599154802058743163e-01
3.023303369715179545e-01
3.554545269151093007e-02
-1.258171812896780872e-01
4.972645799307795489e-01
-3.905838454419210959e-01
-1.883389844357574727e-01
-9.811652990462226276e-01
-6.058686824765221468e-01
-6.016458429336478675e-01
-2.071637985059627818e-01
-6.580039855374586466e-01
1.890177101148385053e-01
7.517716141805415031e-01
-2.183568908314336907e-02
1.843445936819196607e-01
-1.283801891258843086e-01
8.125476151149959581e-01
7.161614620974634526e-01
7.337346236426764978e-01
-1.091162763755079423e-01
-5.402001779784146862e-01
-4.833041045980726036e-01
4.513469833233579864e-01
6.675174850754071222e-03
5.820361293681891590e-01
1.505352806283983269e-01
4.710256042825290979e-01
-2.361191690083672412e-01
-1.628300190576373596e-01
-7.740949865264874497e-01
-5.936354750491555921e-01
-6.523172421550691435e-01
-1.332856133488403982e-01
9.578848583617207701e-01
-6.361335703677939435e-01
8.793386790963538813e-01
-9.769718566617367761e-02
1.353834141811462721e-01
-4.078228352263219558e-01
8.229953577035418189e-01
9.660449191775869471e-01
5.511385313423876608e-01
1.457143156545795681e-01
-4.185978751991096258e-01
-5.948434418504919829e-01
4.482348263174433800e-01
1.081630976929587457e-01
7.023649211697070571e-01
-1.701259614446447577e-01
-3.627584380984700263e-01
-2.958432432245682864e-01
-8.685383516094149492e-01
-4.152815898312152698e-01
-5.660669949983083704e-01
-9.433792232246826504e-02
-3.433066382849696563e-01
7.857972981309481186e-01
4.379712375659849249e-02
-9.577317871165866303e-02
-1.088242989479893709e-02
1.031123885344818747e-01
8.022665640074378990e-01
5.380119008748183163e-01
7.026307994408497182e-01
1.417642707708405107e-02
-4.576005569468448164e-01
-6.684787103934430874e-01
3.254078085107101059e-01
-5.307241691969548369e-03
6.878229794048776879e-01
1.057837982112933006e-01
5.311993946063046090e-01
-3.225478113644575928e-01
-2.860067801248828978e-01
-9.240293554614104066e-01
-6.302686612473321626e-01
-1.823911934324771444e-01
1.940371985599530225e-01
-5.298175394077613287e-01
1.660980823388823746e-01
8.332805472812172543e-01
-1.028490008398128264e-01
-1.375305458103896761e-01
8.748984640789354839e-02
5.929697266562908992e-02
8.133821972105194087e-01
7.870151249410447525e-01
8.017469413417777080e-01
4.805502562562934121e-02
-4.010589220826684120e-01
-5.419425751672521940e-01
3.317568248719678925e-01
3.905500156178341644e-03
6.566384957033094549e-01
-1.035558940078355611e-01
3.399020052084487653e-01
-3.433559828986925133e-01
-4.288894382648076875e-01
-5.927353751665578319e-01
-6.582764416361863713e-01
-2.401114351636174371e-01
-2.019702533033466418e-01
-4.413478027805071147e-01
1.783721062287375314e-01
7.982341980295573070e-01
6.122628983480671999e-02
-1.529639307497309419e-01
4.616378420300606272e-02
7.123728383038328005e-01
7.788652432305867013e-01
5.940920180955848728e-01
4.553719845093237920e-03
-1.838868860239339098e-01
-4.704400689897103582e-01
4.317481192161156112e-01
-8.249762523338137477e-02
-3.258230537775194668e-02
-2.699315126886120408e-01
-1.541478223081722554e-01
-6.980100442708202513e-01
-4.658540494558528477e-01
-6.489407771201749497e-01
8.236319685938535765e-03
-5.786345040006108942e-01
-1.025136671858617975e-02
8.369651132536581883e-01
-8.160178539708776504e-03
-1.532026286730176212e-01
-3.820822813139654328e-02
-4.569384432581950067e-02
7.611117568274315959e-01
7.888493423048990039e-01
2.851006121144775488e-02
-7.442024395059104735e-01
-6.652206972543106556e-01
5.173577710830344900e-01
9.496836115739834550e-02
1.363091087026750692e-01
-3.718273787474611902e-01
-1.679315398211104482e-01
-6.594427331555441363e-01
-5.881309248028905312e-01
-6.062021600475652194e-01
-8.624471854760082379e-02
-5.703420444016135127e-01
8.235873458033680095e-01
4.559071387591537988e-02
-1.005137535355759698e-01
6.347522184155642011e-02
9.456802100574810410e-01
8.820085975419457158e-01
6.907295834820416092e-01
-4.957780151028626930e-02
-5.118324187594927022e-01
-6.279490108212890664e-01
5.192654133189330556e-01
-1.097732825982070670e-01
-2.152045233541726166e-01
-4.826860487976617486e-01
-1.091635393066752724e-01
-5.212288860483139663e-01
-4.255060246107217337e-01
-4.562831032182757540e-01
-2.479418283582550397e-01
-5.277401897938165387e-01
-7.881959608649920235e-02
7.092988778404167860e-01
7.754728601490691597e-02
-1.267886167342437143e-02
1.217946214593244453e-01
8.661990527065847045e-01
8.903690007748770174e-01
1.441922656097728017e-01
-6.164222237483671929e-01
-5.817797931379480314e-01
3.475767344682255122e-01
1.069304216362948999e-02
-1.016978370609372129e-01
-3.940466207751386896e-01
-2.426786980933366145e-01
-6.249155359153574230e-01
-5.622952531002867183e-01
-5.871274351377879785e-01
2.148502584695414219e-01
9.192884699291365980e-01
-3.602024543592147743e-01
6.375337524733212247e-01
-2.458328948538742245e-02
-2.493656300795492053e-01
-1.328017597777539638e-01
7.381716548419785529e-01
8.273429706310095888e-01
6.738116312990253265e-01
5.038723220534256815e-03
-3.103090216368719623e-01
-5.037197458855464660e-01
2.907654669872735687e-01
4.840640490449624710e-03
2.352792369913006276e-01
2.017551580593973937e-01
-3.756758790769974543e-01
-1.947614776345880927e-01
-7.574907391332521556e-01
-6.598808808836289508e-01
-6.551896192799679941e-01
2.942719886579269264e-02
-2.921472678022329350e-01
1.609842625999663157e-01
7.823752189783910183e-01
1.368159945060419269e-01
-1.741199943057110955e-01
-2.096839249739257394e-02
3.477973777747762618e-01
8.145672519511665266e-01
7.844106749414412327e-01
7.862603685317850477e-01
-7.316660763864799022e-02
-6.050629216246631303e-01
-5.070692350387691061e-01
2.640603456217559541e-01
-4.046720075154361385e-02
-3.174026509046190547e-01
-1.019535097071967017e-01
3.850295519873027650e-01
-2.816475265362368141e-01
-2.230904754358748465e-01
-3.034032386692224748e-01
-3.492034660286657544e-01
-6.739048031910089831e-01
1.619644010548371843e-02
-7.538258649817353163e-01
7.403667936617146506e-01
8.299458949985509537e-02
-1.690534448034192172e-01
7.446042134496083653e-02
1.263098833432650392e-01
7.525594260849901573e-01
8.011460837235337973e-01
5.176497354668024506e-03
-6.794706950697415593e-01
-5.724869736692239641e-01
4.482399833813028311e-01
-6.943233017717279076e-03
-1.739701745168469593e-01
1.737707222321653935e-02
4.845930396530558903e-01
-3.319623949116883299e-01
-2.958205388709835293e-01
1.400690942071777523e-01
-4.986250596915924871e-01
-7.120656523463889664e-01
-7.442055895727654746e-02
-4.463033688303997826e-01
4.361116085231683814e-01
1.672752530079028022e-01
-1.580417483958074798e-01
2.552981872426761112e-01
1.827316868449529730e-01
9.104784753303645228e-01
-5.678030451381939070e-01
7.650138460995011824e-01
5.428287463585902695e-02
-2.693064480818119222e-01
-6.205865868318602985e-01
3.098977800204255062e-01
-1.006741420221968393e-02
6.367507727169613441e-01
1.590082004574462637e-01
-7.271059004179372676e-02
4.571606727695125549e-01
-4.286251366105345295e-01
-2.359144866719980194e-01
-5.511259572767066572e-01
-4.926560644374869402e-01
-4.710873858122377467e-01
-5.837912416713294528e-01
-6.094408225311988003e-01
7.578902606870940861e-01
4.416929032533955385e-02
-9.761917730488728351e-02
-6.378685808736410390e-02
8.460867700706702355e-01
8.320120897157509132e-01
4.230128497221698480e-01
7.419772890925248332e-02
-5.981032407598251277e-01
-5.702520622498031821e-01
3.357154337742752626e-01
5.399737255846115414e-02
1.910893471051775816e-01
6.127674174102924060e-02
5.685253177993178086e-01
-1.846109433388222199e-01
-6.645206809370179935e-02
-3.726924517817151727e-01
-6.150605588057919126e-01
-6.076176689126092656e-01
-3.999133625029322771e-03
-5.664207887350588555e-01
6.311962888831793017e-02
7.601538991613726592e-01
7.267761356642285508e-02
-6.261798064961673904e-02
1.241709835179073164e-02
9.727399278630539936e-02
8.747878637287102022e-01
8.008456844918706574e-01
5.711078801112257075e-01
-5.858176525909894461e-02
-4.308144822171845467e-01
-6.225048716520238390e-01
3.404221683701396661e-01
3.102394418189653377e-02
6.566845136920198556e-01
3.302165104840686788e-02
-3.036779501800754288e-01
-1.135525866661072220e-01
-3.354251617789643092e-01
-6.629036534604164643e-01
-4.559498321839621782e-01
-6.714489544174304103e-02
9.914413556448308240e-01
-4.074961638535762876e-01
1.414336665675306748e-01
6.699929943974756164e-01
-1.349545117389869264e-01
1.242790905496136411e-01
1.883536017701797627e-01
7.633223050936794873e-01
5.547327967736823684e-01
4.103192248384201525e-03
-4.033579274620769928e-01
-6.360128896099613849e-01
3.648852000558068243e-01
-4.971783118260500456e-02
-7.658428499019171998e-01
7.072428625527323043e-02
5.033912782344373005e-01
-3.009666511109537756e-01
-3.334527926604827219e-01
-7.777221556697796467e-01
-6.745536430629710534e-01
-4.971066903968940909e-01
1.880024578385340872e-01
-3.448029738744541883e-01
8.135064946630340410e-01
-1.307677809413175865e-02
-3.686226239630271961e-02
7.135843121923329813e-02
8.308401226271209250e-01
6.282220571433260181e-01
4.922381805068509197e-01
1.023661601383827127e-02
-5.460550145753131357e-01
-4.840815168614133746e-01
2.731876557366335057e-01
1.038055384214023463e-01
7.510976105636220090e-01
-1.452136778229934644e-01
3.251446253290887212e-01
-4.526652329874853442e-01
-2.884418072321116022e-01
-5.346289348654827966e-01
-6.941278507002569542e-01
-7.561298607737402255e-01
-1.530956102538388042e-01
-4.808070727734589656e-01
6.808684738997315966e-01
1.304931237873012961e-01
1.457208943097604292e-01
-5.670042355063817374e-02
8.625182125650757703e-01
8.034485745959415448e-01
4.414391158109447488e-01
8.719470847211953368e-02
-4.593616524768212028e-01
-7.468270458290512392e-01
2.629989081673997919e-01
7.201737784171428070e-01
5.343505444332566912e-01
7.192410825598712087e-02
5.074929618603524206e-01
-4.058145076517448158e-01
-3.236991935537398835e-01
-6.907340841700424505e-01
-5.561192687797692491e-01
-7.932479173406521422e-01
4.092828204150063959e-02
-6.206626367032431757e-01
8.607137230589964050e-01
2.726783721639173055e-02
1.121609175806572989e-01
-1.897966476109598857e-02
6.742722716221481727e-02
8.467962817266959652e-01
9.178076852785422846e-01
5.536508145152536642e-01
1.109346745944849236e-02
-5.305445723748201114e-01
-5.107274828592371918e-01
5.967394874372892177e-01
-1.140140939644506968e-01
1.982087575963863424e-01
-7.455163981641400872e-02
4.039281948965496305e-01
-3.125454646585378304e-01
-1.933551343815569090e-01
-1.828666989286482636e-01
-6.330102008922307011e-01
-6.351285134755869644e-01
-3.808451090727309474e-01
-4.926451521925451771e-01
8.284600067120070355e-01
5.850169900395663786e-02
4.932520426245994710e-02
8.104511812541717042e-01
5.550353960710110446e-01
7.424668279666218895e-01
8.315196456114172865e-03
-4.947261515479737248e-01
-4.578042888300689062e-01
4.448774662286985038e-01
4.765509414968630009e-02
4.268765234065505232e-01
-2.757251729485864916e-02
4.556444502446763689e-01
-4.045505615207579120e-01
-2.857040929283930497e-01
-6.204826421709419559e-01
-7.421915903908160583e-01
-5.682441713957355756e-01
-2.458192156025632708e-02
9.459351393289346932e-01
-5.077145577589933234e-01
8.090145028556211537e-02
6.206765177575541692e-01
4.430740268912707058e-03
-8.589684084511145512e-02
1.501150418346327009e-01
6.325642939376960872e-01
6.864517223725811190e-01
2.607412142863526835e-02
-6.066394814941186153e-01
-6.782325297699296485e-01
5.208839905303570550e-01
-3.147620554845288743e-02
5.175148661992801102e-01
1.921132012739692474e-01
3.461173131155383942e-01
-3.247610017021153594e-01
-1.659527159144379427e-01
-2.565047362318020330e-01
-7.262485270395118153e-01
-6.879217220487779949e-01
-6.345601621277546789e-01
1.366846995077574956e-01
-6.167382981383333629e-01
1.362335532124678006e-01
6.595914881976827626e-01
4.779640865919559944e-02
-1.425754290252216339e-01
2.211663144181648041e-02
7.272679095296141760e-02
7.360577458333070755e-01
8.012219428799555176e-01
7.210239564609782770e-01
1.123907520207192423e-01
-3.997437446131373862e-01
-5.234336130867948134e-01
4.230612027710795586e-01
-3.546769026375395928e-02
1.208381413258703546e-01
2.600954118019978001e-01
4.568302215303927105e-01
-3.295003641373425163e-01
-1.477347765554546388e-01
-6.790128296584092560e-01
-6.688137414952285420e-01
-4.783858596569418031e-01
-2.992978398330627399e-01
-2.960641597250576185e-01
7.973886152373212965e-01
-2.962256390748898086e-02
2.136047974635975084e-03
2.869312277543077938e-01
8.582378954786885616e-01
4.620416370442129161e-01
8.821376087023029278e-02
-4.755028938849810705e-01
-6.338458407244199622e-01
4.567876625979197525e-01
-2.270304292713379996e-02
6.020405155460213376e-01
7.055450703032664639e-02
4.521546443601873189e-01
-3.867736843338867581e-01
-1.299880440531577530e-01
-4.355179289688509980e-01
-6.440362535330866889e-01
-6.092368510891286171e-01
-4.856726258081650038e-01
-6.473494255991895097e-01
3.585483455710674616e-01
8.137120019827612794e-01
1.146849363023049601e-02
-6.220250685685846381e-02
-1.086641993845869070e-01
1.623154050933281120e-02
8.370998363252244445e-01
7.915800098454355282e-01
-6.216636625893168233e-02
-5.332348877583901192e-01
-6.533374728396346143e-01
6.073803850131291870e-01
9.224309067921154792e-02
-8.509391123476327534e-01
2.216584857751786528e-02
5.583733313079661809e-01
-3.070662486144041248e-01
-1.243061537062777749e-01
-7.824285094923819628e-01
-6.705724061703082217e-01
-7.226971212024135838e-01
-2.944073123625023936e-01
-7.770512379331517838e-01
-1.019056349431663316e-01
7.437998618631240788e-01
1.327299570393086769e-01
-1.813516142598959602e-01
8.521482279135905724e-02
7.308935131105748217e-01
5.556386186912936065e-01
1.980346762524149221e-02
-4.427753519596787646e-01
-4.511144085421479599e-01
4.026036183697335735e-01
-9.314154532172790324e-01
-9.354772222813204086e-02
4.153183202764749171e-01
-2.991314429589823631e-01
-2.390685564402161012e-01
-8.440471454224772740e-01
-6.499604657502882077e-01
-8.621196017243724086e-01
9.024825046730405864e-02
9.675725291960557417e-01
-4.355652247532361687e-01
-3.699822167394329897e-01
6.424922646852687658e-02
2.028012701721724209e-01
7.191986964171765973e-01
5.268973024025439544e-01
-2.793292295831487776e-02
-3.337624718223571318e-01
-5.455524678593091092e-01
1.523902057163467605e-01
1.835509387865827957e-01
-1.870792199015739732e-01
5.619065407645626453e-02
-4.282678000242596261e-01
-3.683897251728151523e-01
-3.204502739501201014e-01
-6.687576173106568600e-01
-4.733183372598372407e-01
-8.616441637438818635e-01
-4.487157439192852593e-01
-4.732628413698092285e-01
2.282172387636869637e-01
7.918896450047080426e-01
-4.630131605044271459e-02
5.913277994701121587e-02
-1.860551225480858994e-01
1.242898771675919611e-01
8.822941818200737973e-01
3.674289689066617126e-01
5.185793021087332644e-01
4.749533765112894795e-02
-3.701102357702052981e-01
-6.380036690455550552e-01
4.969073717775733812e-01
-3.338132048790558998e-02
-1.388201234310612320e-01
8.395739786307654384e-02
4.005317696684776996e-01
-4.609033216319542436e-01
-3.205521618976708287e-01
-4.560854919501601823e-01
-5.655050720225323069e-01
-6.610293999242163876e-01
-1.029412807500976745e-01
-8.179261142713811772e-01
2.233886766885646302e-01
-2.731847940733355129e-01
3.560448801676165120e-02
7.209480993976629115e-01
7.693247718329095930e-01
3.840705921661320965e-01
2.255606755934230073e-02
-4.901327411966431291e-01
-6.076208200476660437e-01
3.718932443754305317e-01
2.012406750879257855e-01
-9.863989595085689288e-01
9.911628151845255918e-02
4.450266160733023502e-01
-4.420220416695445076e-01
-1.551423962038654125e-01
-6.074125473632958627e-01
-5.630883173984500001e-01
-7.991271922058058585e-01
2.582206665303558857e-03
-4.386835576050327479e-01
-3.682721201054030974e-02
-1.799013000313638699e-01
-7.815054139628130336e-03
1.317775998252171954e-01
8.388396040356861372e-01
6.348877975679395602e-01
-3.597449908255109796e-02
-4.556262152491395434e-01
-4.777360800706484945e-01
2.201427104025777681e-01
-4.900993051471474460e-01
2.997086939937277858e-02
4.155843733848476051e-01
-2.502964494787283667e-01
-2.653493558126269192e-01
-3.765793508881804530e-01
-5.945486679514611073e-01
-7.915082815334635313e-01
-3.770832172332207466e-01
8.266568965123124446e-01
-4.330530710250306003e-01
2.201931323593157019e-01
9.426930746106339243e-02
1.315895427430422426e-01
-9.661033288621612147e-03
8.151692555306709886e-01
7.668017591657901866e-01
5.032374223631284060e-01
2.054223675030299179e-02
-6.255309145762057987e-01
-5.154430040155063564e-01
3.845025701054145539e-01
2.103414724537834291e-01
-1.552618951491699650e-01
7.112720573612655306e-01
-4.185397763984741726e-01
-2.847692303103979139e-01
-5.851317259460538933e-01
-5.019319306911408374e-01
-8.479445673546066597e-01
-1.858622588883977744e-01
-5.503541037328691932e-01
1.513414279173195820e-01
-1.062098360587801493e-01
1.473044384330313150e-01
-3.218280530543819740e-02
8.731094918216532053e-01
9.058517724007337790e-01
5.945106936525708097e-01
5.550150603076581257e-02
-4.723580769283251546e-01
-5.953852078059096442e-01
3.991714391977981835e-01
5.552423902985372806e-01
-9.886512251361981862e-01
8.166797925768469468e-02
5.748579627211932719e-01
-3.948133471463570743e-01
-1.969634309407394535e-01
-5.101370646348455384e-01
-5.658508327655000780e-01
-7.793053641244368501e-01
-1.508784604890750225e-01
-7.599130529630608866e-01
-4.308605984748833245e-02
1.586257106163126707e-01
-2.733420090449528717e-02
8.038570428302305171e-01
6.814665363399374787e-01
3.853621206137198274e-01
-6.422033629450873971e-02
-3.569020585735583895e-01
-5.547732049997182724e-01
1.083486537012015444e-01
1.712800487258495652e-01
-2.033918952244836431e-01
-3.680720952127111267e-03
5.437800358837145964e-01
-4.245597155814331836e-01
-3.557967377464290593e-01
-3.414676027680963455e-01
-6.570085262363224432e-01
-7.676958545364442887e-01
-1.877565711695173417e-02
-4.552411249621238221e-01
4.702739989972972712e-01
5.144646665463017965e-02
-1.977208174987344913e-01
8.013250039170329853e-01
7.682937845647709318e-01
5.611561611813696837e-01
-7.808324633432324469e-02
-4.587157969525230139e-01
-6.076498095107369934e-01
3.495994419721792368e-01
9.421635766362841669e-02
3.675691931383633371e-01
2.561880542462893762e-01
6.507010112911080224e-01
-3.527972874287152449e-01
-2.223749678053278944e-01
-7.079925528346781016e-01
-5.844302361808516588e-01
-8.485166662808892868e-01
-1.196649331661639726e-01
-2.716045901433525311e-01
4.603958180002633988e-02
1.012009631386930064e-01
6.247097934279827181e-02
-1.935619514496557947e-01
8.231502646573485293e-01
5.034083037001104710e-01
-3.265646531513361622e-02
-5.189485416965428088e-01
-5.002734318955859294e-01
4.570407034218860187e-01
1.201702836125326662e-01
-5.720598742163083283e-01
-1.953222863185357077e-03
-4.850719202910073191e-01
-3.950052171349204277e-01
-6.305762495278867119e-01
-5.624983981870503857e-01
-7.775962333923009950e-01
-1.645028634627087871e-01
-2.601826382445203700e-01
7.372502287168364310e-02
-6.497197689438659607e-01
6.240867369424082933e-02
-1.653166249938263777e-01
-3.402922770372300287e-01
1.201157130459501315e-01
7.276133165500968669e-01
8.121619373241595330e-01
5.099369054277612667e-01
4.573106397420932667e-02
-4.788629833997137264e-01
-5.791914646065717820e-01
5.051681474496522162e-01
6.376080749282082571e-01
1.798291628258476271e-01
-3.892270701829340651e-01
-7.324995171385619008e-02
-4.505015281898188673e-01
-4.572884601540538330e-01
-6.960167819069755790e-01
-2.415655423179175199e-01
-1.506862538472198976e-01
1.081280236391467808e-01
2.015803468761530881e-01
2.200003277068419694e-01
2.639122732302828789e-01
9.020883374759705031e-01
8.057575479471319468e-01
8.013412598727043257e-01
-1.258926008950515263e-01
-6.843630538209012348e-01
-6.039448542272904952e-01
4.454450227681200358e-01
-1.139964740049376757e-01
6.493637165498060693e-01
-3.149493490460434364e-01
-2.653881671310399093e-01
-4.969388226526453844e-01
-5.602738926990808999e-01
-9.082653700540522790e-01
-7.192400891946703068e-01
-6.468834437462315234e-01
4.583468747941965571e-01
1.832057007353757316e-02
1.788058861994690218e-01
2.833351383362929868e-02
9.343743811811361377e-01
5.125321516122115506e-01
5.338592980313347502e-03
-5.628024212703227613e-01
-5.823339654777447416e-01
3.090027164730519971e-01
5.629169233841717357e-02
6.449487630342389810e-01
-3.759307661156284508e-02
7.006258152723987553e-01
-2.952792754552449606e-01
-3.514413297534548786e-01
-4.481422492670816271e-01
-5.820174874972560142e-01
-6.743765022226093642e-01
-3.138958630757744950e-01
-7.994620113307893128e-01
2.101661178917975381e-01
5.616790531214308491e-01
4.482206599135031555e-02
2.332499428621421511e-01
-7.390362687919052598e-02
2.902716729675920704e-02
7.876392396834652754e-01
4.254377377193310217e-01
5.457161582023231094e-01
8.383229400223453365e-02
-5.916844311009320512e-01
-5.441133473333962245e-01
4.350429999824823035e-01
4.515683073836498918e-01
-1.806411424972958479e-01
4.654645567129557515e-03
5.158718037634349995e-01
-4.035663215923181446e-01
-2.315912656743489562e-01
-7.114694662682277126e-01
-6.430753352538113310e-01
-5.858423897150956128e-01
1.090511806460773420e-01
-3.831878123365799471e-01
1.589752401434832429e-01
5.177161791887590070e-01
8.408321355990167056e-02
-5.551559925822074915e-02
-8.995866149026487263e-03
-4.714790853678476820e-03
7.385663208866271034e-01
5.645262658409997414e-01
-1.811160651892695234e-02
-4.770379907452983459e-01
-5.679654548084671628e-01
3.564034911097175851e-01
6.058329899167612664e-01
8.152693885414852293e-02
7.580455693979943899e-01
-3.674328214104934931e-01
-1.979072242484381794e-01
-5.570508429928215932e-01
-4.430082321866812833e-01
-9.180171216744068552e-01
3.418047160759453695e-01
-6.339520207530082718e-01
-5.258594583160403069e-01
-8.005256905102790810e-02
7.572266259184773363e-02
-4.218242899977184962e-02
-1.899968009196323360e-02
7.850586797369338843e-01
8.705913921293393365e-01
5.576523696989637013e-01
3.710721392698468346e-02
-4.633079545292245194e-01
-5.847874149352505491e-01
4.147695697421242000e-01
-4.063616433422762575e-01
1.942667285878836581e-02
-5.540611501197000299e-01
-1.934345138296997280e-01
3.611312040839031318e-02
-5.556912917547545128e-01
-5.428067887701970573e-01
-8.634163240322638710e-01
-1.239708488439490164e-01
-5.373949357154279571e-01
2.283467455249001132e-01
4.304199477560898823e-01
1.981848189056880510e-02
-1.933479059221338558e-01
-2.828802749733794752e-01
-5.026337108765474571e-02
9.176092274920139014e-01
5.944390385619777728e-01
5.763889884863074853e-01
1.050689200162105950e-02
-3.986523077226821754e-01
-5.182265035021014210e-01
3.940275489601961501e-01
1.714815000736837763e-02
-8.138152316665427932e-01
-6.914759570051073889e-02
-1.170431888614480720e-01
-1.471783434292161796e-01
-7.261826161754715292e-01
-4.412544400251102727e-01
-9.947177886464371177e-01
-1.442181683827122585e-01
-4.790349688900657488e-01
5.318930342029803970e-01
1.723563163237329388e-01
7.887528508356713708e-01
-2.145440737506442153e-01
2.497548217775780177e-01
8.442592045998171812e-01
9.130112258015807836e-01
5.629723698903806861e-01
-8.533257449760438262e-02
-5.777382457074581312e-01
-5.962244823447238051e-01
3.770637350596234838e-01
2.012917263411595492e-01
-1.185260261759396028e-01
6.270825788617335750e-01
-3.328791308516743652e-01
-1.937493195027120141e-01
-5.644484931657345328e-01
-6.443999989441875353e-01
-9.632527045929339948e-01
-1.123601526255154220e-01
-5.389402608189325372e-01
2.139185723436464737e-01
-4.558232605877853283e-01
2.325446593640523862e-01
8.602932485970840593e-02
7.808987951172748909e-01
5.095018364666945576e-01
3.572064980205029439e-02
-8.484234096551577231e-01
-7.334962143612087093e-01
4.911995220387171401e-01
-1.040504487392859001e-01
5.955941132756152889e-01
2.932419368372752855e-01
-5.461695125185540151e-02
-1.749855166413054608e-01
-1.558630090353326503e-01
-6.149672199235702852e-01
-6.972571407646387387e-01
-9.933638142201530741e-01
-4.857440799591791203e-01
9.240966691085394924e-01
-5.632496049330951715e-01
-1.185749688965861831e-01
-8.380027127273797366e-03
-1.149256794785771807e-01
-5.233816633188016765e-02
7.978793638749439587e-01
8.286879929680242007e-01
4.774128660695215465e-01
5.721879644172646051e-01
-6.729360171740965402e-02
-4.554866016259816464e-01
-5.427878730224976467e-01
5.016914538113647071e-01
-7.896608303895025216e-01
-9.213935877704007571e-02
3.425012714566763039e-01
-4.659196684659886456e-01
-2.733961334388820830e-01
-4.454240014123555524e-01
-5.171615727841943899e-01
-9.364135735539117489e-01
2.795934170573676214e-01
-3.872306118581162471e-01
5.710677550455014462e-01
1.112109704430087331e-01
-1.069276894956900925e-01
-3.000523512174214091e-01
3.157758206162107617e-02
8.664494701544174227e-01
5.679861614582213392e-01
4.087383399269532355e-03
-5.042669309882082951e-01
-5.912600021835573427e-01
4.135832053318891366e-01
1.541880484309551269e-01
1.196530707981704415e-03
5.663442767102156994e-01
-4.291457676758259621e-01
-1.853323054473094977e-01
-1.278869426446831714e-01
-6.627818151416839942e-01
-6.865684546803253463e-01
-7.568526825613821618e-01
3.733738880728917214e-03
-5.652601852121523773e-01
1.997342888274430683e-01
-3.470056131616178208e-01
-3.445148743892464255e-02
1.216156779890213147e-01
-2.579542801017404297e-01
-6.242548208290239486e-01
6.323387858660799443e-01
6.666576142881083245e-01
-8.103856301735135048e-02
-4.645204366551077824e-01
-6.915162908247499685e-01
3.817426603775313509e-01
-1.884773981652778096e-01
2.154778826078630471e-01
-4.992633158033743523e-01
-2.367961729616951672e-01
-7.609532069270394938e-01
-5.484538679698436336e-01
-4.988558046690968473e-01
1.408270400392582777e-01
-4.819905610881107805e-01
3.554752506616439822e-01
1.027858269182643780e-01
-1.276531513391607475e-01
-2.718081981454120027e-02
1.433836460717252126e-01
7.395225399456639703e-01
7.205793951877828007e-01
3.196890104882078257e-03
-5.617643547875602605e-01
-4.447371126492118409e-01
1.041205734906688191e-02
-9.659320002333343647e-02
2.887550822067637135e-01
-4.145943270989821405e-01
-1.229156767506099229e-01
-8.823455176690478963e-01
-5.113531140466606173e-01
-8.796751972955146881e-01
-2.733962499629241094e-01
-7.383549786029510731e-01
4.773926926767508849e-01
3.050419969243909138e-02
1.281379036725738274e-01
-2.496130632503757718e-01
8.483386790797932120e-01
8.850853601778306823e-01
7.782382738515483123e-01
-1.126117034448577692e-01
-6.416914207508757073e-01
-5.139074895672275378e-01
4.205136218999907527e-01
1.767101629627503001e-01
1.218551339019405266e-01
2.435995028469150614e-01
4.414079057447515275e-01
-4.402077462544544129e-01
-2.224199217703846099e-01
-7.127166534214663951e-01
-5.177091857772435635e-01
-6.315357500704681382e-01
-1.386165837096652032e-02
9.882910608843007427e-01
-4.656574847294641106e-01
2.735422561563845556e-01
1.271380730672301562e-02
-2.068196666915245174e-01
-1.271739269477154544e-01
1.495941256452344437e-01
9.260577055461953755e-01
3.760860800047028385e-01
8.027303335079001290e-01
2.388121318682486990e-02
-4.643477099959548715e-01
-5.832726516801388650e-01
3.983142997790002360e-01
1.428925723621079537e-02
5.454289719256573132e-01
-1.266171502997754106e-01
5.479511532682193042e-01
-4.529845913126954171e-01
3.260410447280756574e-02
-6.678319370439169678e-01
-6.365982508355625402e-01
-8.356548900015763337e-01
-2.650473144353818200e-01
9.926170174674059377e-01
-5.918278218674172253e-01
1.840244400127558078e-01
2.683922632571322242e-01
-1.099072502426990394e-01
1.999384948671753259e-01
-8.070729684683299043e-02
8.171861888052199541e-02
8.171711795496680031e-01
8.747033365294846208e-01
7.907467417154542821e-02
-5.240474757666436778e-01
-5.238970475015258810e-01
3.440412342302894277e-01
1.010179468823727139e-01
3.808366000761582160e-01
-2.540013464513755093e-01
1.303101618208705181e-01
7.330786172625283204e-01
5.192975499220894159e-02
-1.574385365975889406e-01
-6.665743279878368899e-01
-6.645467551202393075e-01
-6.875029044314157067e-01
2.553987804133809325e-01
-4.184743775781609165e-01
-1.927373662734613302e-01
-3.761765821050015723e-02
-1.340895868755095088e-01
-1.076601692977488395e-01
-8.269353404286110543e-01
6.615541294541220640e-01
1.865855334304285934e-02
-5.025503102711251779e-01
-6.453937703131746861e-01
3.137930670492594110e-01
1.857489386412567445e-01
-7.761640935718527867e-01
3.798515047140836598e-02
5.902836823903035990e-01
-3.456566201708644592e-01
-1.554411864499875007e-01
-3.883312939826541466e-01
-4.726082834114180287e-01
-8.112789382763674340e-01
2.607170447916783984e-01
-5.104697369919355410e-01
1.642972037262292184e-01
-2.442133550094721661e-01
1.466656959435401301e-02
-8.600693011474618010e-02
-2.285452930677222549e-01
1.371849063056575224e-01
8.267350555288057734e-01
8.558430485249487463e-01
6.252245460973981928e-02
-2.796437339103858277e-01
-5.998254154864557375e-01
3.657040340629370556e-01
3.406785877931593071e-02
7.042219456187299720e-01
-3.905951808227103167e-02
6.392497197775780515e-01
-3.098719465187498856e-01
-2.384947396466121361e-01
-5.658476430605262619e-01
-3.929879048753460724e-01
-8.072113191799801246e-01
-1.019070605350536479e-01
9.583590031251624231e-01
-4.921785080347245711e-01
3.836865440715296616e-02
6.080895959399543749e-01
4.128430873514059296e-02
2.192327612872498610e-01
8.743933001359947832e-02
8.018809132601742440e-02
8.865893209629089888e-01
5.176064501422646957e-01
7.213461279549329697e-02
-6.282817611834006222e-01
-5.631559905530946208e-01
4.559947535940244712e-01
7.175831881978662619e-01
-3.200980767071853195e-01
-8.845094364135587528e-02
5.312136198099060014e-01
-3.738567365461069603e-01
-2.896822459828750709e-02
-8.842863305759907089e-01
-5.566224121599250285e-01
-5.694042405095085524e-01
4.309787039723971813e-01
-6.394320721533970353e-01
-1.277615498468112343e-01
7.765666143369624741e-02
8.049828465502396890e-02
-1.426710769825652869e-01
-2.594973742615248533e-02
8.670377566037805739e-01
5.343716872019352859e-01
-5.681532997869703956e-03
-5.255952192119733857e-01
-5.844231878946569703e-01
4.428864383868432175e-01
3.513263062822118837e-02
-3.731538730066462362e-02
-1.211558826246602327e-01
-4.513447271694761009e-01
-1.148463400269281315e-01
-6.446212464683236387e-01
-5.943951915635743433e-01
-8.364460174046013385e-01
5.784801351870962061e-02
-6.023938137999206299e-01
-5.443561763365704215e-02
-5.500837443378082253e-02
-1.863692735182848892e-01
-1.887385295272611951e-01
8.360524496951340367e-01
6.078300340126355783e-01
8.070805690572686597e-01
-2.163026676183186017e-02
-4.432903596808058788e-01
-4.936082030572614410e-01
5.044074881112249331e-01
1.867368304298703818e-01
2.732989732680954909e-01
7.480331410563523242e-02
6.243516274509881558e-01
-3.923819941531399014e-01
-2.296689009893856936e-01
-5.190311091124474308e-01
-5.975699643705919550e-01
-6.039665253963129032e-01
1.982083697910207165e-01
-5.906644273422146929e-01
3.730869966028371731e-01
6.024701335086581760e-02
1.165268528713237772e-01
1.608974512471985849e-02
1.793672640260928625e-02
6.321477397420850464e-01
5.407784732873287536e-01
-7.374555859714984618e-02
-4.833658501503234617e-01
-5.658351117634264904e-01
2.928840895182183712e-01
-1.131300708578089620e-01
5.225727114937416262e-01
-3.796001323898514634e-01
-2.269426545696832664e-01
-2.666711634402385012e-01
-6.921397317647600689e-01
-6.014136194852064410e-01
-3.998022889811973513e-01
1.996037830643633548e-01
-2.902224615972085475e-01
-4.134992990318771544e-01
6.117021314484554634e-02
-5.790287992751437518e-02
-1.978293258142158756e-02
-1.641002588148542940e-01
8.073481134092062028e-01
6.938031372790091078e-01
4.505976673712654423e-01
-4.261677592221233685e-02
-5.595203446897578647e-01
-5.692298608065832211e-01
4.891140512487159309e-01
1.313813094463439080e-01
5.480973859579932883e-01
-6.056477384781755458e-02
1.340336591843848402e-01
7.111211143948108215e-02
-8.880428184644664769e-02
-2.173240268675948883e-01
-5.458354837296816031e-01
-6.474801137643297899e-01
2.642058788845635386e-01
-6.683832149225601427e-01
8.604060790472679854e-02
-2.084851379193624066e-01
1.629081740090988217e-01
-1.083140483582825664e-01
-1.293261148201493571e-01
1.431272635683120409e-01
8.584911391769736166e-01
8.523317774531269375e-01
7.711617286014882389e-01
3.716792432523664813e-02
-5.119750680539564280e-01
-7.273875168198917773e-01
3.400772953421178357e-01
7.379577887475982645e-02
5.337840515554776594e-02
-3.806489813337249895e-01
-1.059463892133817760e-02
-5.697760315665604258e-01
-6.122735026518555390e-01
-7.726438424261783400e-01
8.443215598523587384e-02
-2.547345949296916379e-01
-1.162198429543116057e-01
1.008544860463147647e-01
1.436047404794096871e-01
-1.038701856877729916e-02
7.499312019973165544e-01
8.120450111237169644e-01
-7.086855385437146326e-02
-6.060706481287575498e-01
-6.337559022837204736e-01
5.566028823383181168e-01
-6.506986088085035813e-02
6.511274215835355372e-01
1.534537567947550918e-01
5.565858522604594238e-01
-3.079204699835687564e-01
-9.532251929723367656e-02
-5.553824236674610448e-01
-6.280028150548050414e-01
-7.896583349800794238e-01
-4.069091636427250025e-01
-6.508049172436379814e-01
5.696175472584811272e-01
-9.918146332728625114e-03
8.554011511145021007e-02
-8.010850475770327217e-02
9.120781696568370789e-01
6.823883985214362902e-01
3.263740766785901137e-02
-6.664150619945740095e-01
-6.014976118063958266e-01
-4.746147443624366136e-01
1.290383992564516913e-01
4.957851656741659174e-01
6.591205174937203592e-02
5.528716297306548455e-01
-2.357313586514699078e-01
-2.577257973902103427e-01
-2.222829906376356524e-01
-8.064881766816941466e-01
-5.839654692374844913e-01
-2.370360213929476600e-01
1.961208825245675524e-01
9.715476535518792200e-01
-6.196479784993295103e-01
-5.467924112285904581e-01
1.322345530580540107e-01
-2.168366965527110113e-01
-8.974463202165759712e-02
8.918266167209755180e-01
5.702898870591113223e-01
2.103794278287868247e-02
-5.521337552894199918e-01
-6.240364049739433039e-01
3.346364204212097238e-01
2.986723410665353615e-02
-4.909564970566884234e-01
-5.183401288479698443e-02
5.664183701299251306e-01
-5.088862654387136253e-01
-2.362861749034443903e-01
-5.783434562836934356e-01
-5.770353429614426544e-01
-5.829537940211743097e-01
-5.287452958587032237e-01
-5.797157071897138803e-01
-1.841403565419965915e-01
-5.195407623813746989e-02
-1.552796175312552429e-01
-3.237474596034095511e-03
8.013517651842876344e-01
8.857556695653380219e-01
7.285915070149797668e-01
3.507486871641267434e-02
-5.915374341797504654e-01
-3.482442589722965498e-01
5.369652972638309096e-01
4.476100543589987130e-02
6.260811100517742478e-01
4.392048821226166577e-01
2.596568951545364864e-02
-3.291507483367565601e-01
-7.108471034906355124e-02
-8.143271542038118538e-01
-6.768957478888759649e-01
-2.576157708521741863e-01
1.771264440710447752e-01
-2.336648210055155828e-01
2.308949230677355968e-01
-4.056203734758886403e-01
5.227595928356616219e-03
1.884579853250737125e-01
-9.865022378847206064e-02
4.874869298748124580e-02
7.923609878506587822e-01
8.394808949446466162e-01
8.342048064345573000e-01
-1.885842953431621834e-03
-4.887621605749587483e-01
-6.188009819377999765e-01
2.757559948666573058e-01
7.042140984814261595e-02
-3.066888175536452432e-01
-1.013823457093712133e-01
4.967430884990966522e-01
-3.336882724358900543e-01
-1.337197001315866274e-01
-7.165209352326322723e-01
-6.182379717343378100e-01
-7.306334825185036852e-01
1.238240056600809907e-01
-8.868592363533381873e-01
4.608069654781131175e-01
-1.083483508592935490e-01
-1.670290066576183563e-01
8.875126744062798723e-02
2.513041890412669455e-01
7.582864739458254899e-01
6.826407706660265751e-01
-4.234702138059302789e-02
-5.573878417973061605e-01
-6.141873016429788557e-01
5.653149808771767981e-01
4.609130646263486647e-03
2.619096870677773900e-02
-4.255928600083382363e-01
-2.639040639943207589e-01
-1.438204405573515754e-01
-7.506328854272115159e-01
-5.002118385129638023e-01
-3.942582812867040376e-01
-4.861481483178703433e-01
9.505503912220506502e-01
-4.975423394161221924e-01
3.731566701053374846e-01
-4.813818346346172145e-02
1.884112237353006425e-01
1.053613295743409395e-02
7.604771122268063621e-01
9.524056563863703140e-01
6.552262864221176653e-01
-1.353759193163209078e-02
-4.393766912102997080e-01
-5.234262961691229510e-01
4.540684865414105209e-01
5.881309037295386760e-02
-4.897928583983288120e-01
-5.450262714357795996e-02
-1.282380650551430412e-01
-4.170171414845934982e-02
-8.101027278663229803e-01
-6.092953713024413798e-01
-5.066772954180422950e-01
-5.219211572617205031e-01
-3.714526092266258184e-01
8.709750046650178990e-02
-7.164808515075543616e-02
-3.932614780098925983e-02
-3.669622426182876738e-03
8.292719046692227369e-01
-4.613163045145284025e-02
-4.500403297651845991e-01
-5.637583870811837539e-01
2.176855736293141774e-01
1.435460802628641119e-01
-8.283843695650708883e-01
-4.604244387287047963e-02
3.568841849824461732e-01
-3.598913790706547156e-01
-3.649396128639375569e-01
-1.100121128505020945e-01
-2.908888680490925305e-01
-5.729347408653725493e-01
-1.277129586215676182e-01
1.760110724712178332e-01
-4.329791748980821309e-01
2.541890849445476164e-01
6.073291102698022970e-01
1.682438939991163368e-02
-1.218102785728142901e-01
-9.686167897077402680e-03
-1.736099671054647242e-02
8.877937018890975640e-01
6.582813282524759835e-01
3.292887629696829993e-02
-6.684141579488256379e-01
-6.407780795107788085e-01
5.229430133788082191e-01
5.837395406910969586e-02
6.118053527514158985e-01
-7.760501312455082568e-01
6.343121820263451782e-02
6.410656112202499646e-01
-5.414383201318911931e-01
-1.093615419609575423e-01
-4.995139854891092468e-01
-6.838692493756717283e-01
-6.860668987709687139e-01
-2.101829879475461682e-01
-3.867800945355542863e-01
5.211029191117125259e-02
-2.422443318975965876e-01
1.216441991928528671e-01
1.947840970102930891e-01
6.891356822799393766e-01
4.747866801377044754e-01
1.967269136827331719e-02
-4.412397048081680984e-01
-5.730332498167924893e-01
4.240065495761199399e-01
3.320915777284129400e-02
-1.513764280381642291e-01
-3.058652918923373543e-01
-1.953745208304992209e-01
-3.777853258593401042e-01
-6.083505256513397352e-01
-6.195736951881839483e-01
-3.450454824924408803e-01
-9.520160987040598988e-01
3.504485963609579868e-01
-9.310515294052629232e-02
1.484816462243910840e-01
-1.997564048761031053e-01
9.551057183127285855e-02
8.041798946122178382e-01
4.196613555109213189e-01
5.576028942149626744e-01
-5.716084998770518816e-02
-3.622876466079548163e-01
-4.169508825952609743e-01
4.052163716528064397e-01
5.684906609361345398e-01
-6.627304416855048785e-01
1.048317985549775989e-02
-3.514800435787519550e-01
-2.358389943656137577e-01
-6.947564923314208940e-01
-6.674194022034648510e-01
-7.501546795033450232e-01
-3.854459521563016744e-01
-7.249560873711689002e-01
-2.718664067553690916e-02
7.046063907304929430e-02
3.506598966082335317e-02
8.250080681291904749e-01
6.398120170717011002e-01
7.582212259282383737e-01
-3.856676361262377506e-02
-4.398350254206844778e-01
-5.886209085765542470e-01
3.766146126681328976e-01
3.553744471901196800e-01
-2.389213072995914969e-02
4.198982112354445184e-01
-3.127392777760122367e-01
-1.996342060689405562e-01
-5.489466317466586975e-01
-5.590445230274558863e-01
-8.148751787995733853e-01
-5.286120648769925268e-01
-5.233203871462799306e-01
9.388246120883001478e-01
-1.755456821046111685e-02
-1.257829964507276299e-01
-4.369740779753567006e-02
7.968749698593988740e-01
5.611829125677024743e-01
5.321328653225058103e-01
-1.667216394304809612e-01
-3.976720593542225624e-01
-4.946613332184778278e-01
3.841015660185641556e-01
-2.875330301110403525e-02
5.511070070300290169e-01
3.696898324938837493e-02
-4.596445865452332136e-01
-2.866576064942975566e-01
-7.997910021697889338e-01
-7.553976662488397498e-01
-7.769487894348712231e-01
7.068961600180538596e-02
-4.249572990803555106e-01
4.791273233598692394e-01
2.070783516455481643e-01
-1.109667545480686329e-01
1.020840875341282455e-01
3.131751489932184385e-02
-2.030918289726041659e-01
7.958864022020513129e-01
7.159387024789796161e-01
2.351722063136090640e-02
-6.200438117820140649e-01
-5.391581587628496708e-01
4.456090317050667160e-01
3.728519495072559753e-01
-3.764117643657702850e-01
-2.311244730385479951e-01
-7.600478039346730830e-01
-6.638889948639361549e-01
-6.224918052165498983e-01
-1.670807394151371250e-01
-4.204229488467077225e-01
2.212911133080553150e-01
2.473016481906491204e-02
2.446560957696825578e-01
-6.556555766377934746e-02
2.338254148283207615e-02
7.454916691705489873e-01
5.566683374003195128e-01
6.930650968861593597e-01
2.892811217116114924e-03
-4.192909640822638506e-01
-5.863546193748238045e-01
2.403897993432593250e-01
1.552628283760096872e-01
5.578543724827266653e-02
-3.773445694403650408e-01
-2.964534652637041967e-01
-1.882346895521700425e-01
-6.111732863595796816e-01
-6.102331792456855419e-01
-5.220474338935849890e-01
-4.135757306222321295e-01
-6.097524068214120740e-01
3.447000437125935512e-01
2.625651606900047397e-01
1.108110200722555866e-01
-1.942860032301653717e-01
1.321275927347511925e-01
-4.955777764366410820e-01
6.574862046244553948e-01
5.021327862237069395e-01
-1.325255194144005569e-02
-5.302585714381059523e-01
-5.180744521433952032e-01
3.530108999447518769e-01
-2.881995613131915421e-02
7.703971600580478141e-01
-9.410040723235921778e-01
-8.404822735434097636e-02
4.601760515239619043e-01
-4.115461186261185622e-01
-3.026823907245514422e-01
-9.470196960382941676e-01
-6.249681849161603520e-01
-7.550295980782615324e-01
-3.464489404818503204e-01
-5.459811811276806814e-01
9.054855601744843385e-02
2.993871867727916358e-01
-4.499076582619594700e-02
-1.569804553426894234e-01
1.134894201294867205e-01
-8.886504692879849954e-02
8.314713736923793341e-01
6.204909779617715504e-01
2.182422498275653905e-02
-3.239256877350967789e-01
-5.052999286358860198e-01
4.891078194083315345e-01
8.830009023919985559e-03
-9.284164777706586935e-02
-2.388630016230404718e-01
-3.178351633600965953e-01
-2.022814124769710953e-01
-8.403042185085934923e-01
-6.274966964940307257e-01
-3.379645195361962173e-01
-2.873584947991887351e-01
-1.797323792683048482e-01
3.206714091278914380e-01
3.164892552400805914e-01
1.194166359111974024e-01
1.527358855973650342e-01
8.300873485168196175e-02
8.426495384767793695e-01
5.596391495148075323e-01
-3.252810681474146287e-02
-5.292330807651298707e-01
-4.915243713775746537e-01
4.461733882122962958e-01
2.356487632853718900e-02
1.902869085490350720e-01
3.679134731589462914e-01
-4.351510551711737507e-01
-1.919128478151677641e-01
-6.591890847024222122e-01
-4.601275031103213564e-01
-3.962864879222959824e-01
9.995094262873739643e-02
-6.627458900607089420e-01
1.284272538797746888e-01
4.821115144020657328e-02
5.771828250659766929e-02
-3.179066993587591206e-02
-1.526971232814944013e-01
8.229804722690818863e-01
4.695999882157875227e-01
-3.477656011844838108e-02
-4.945105418374960426e-01
-4.942622094168824254e-01
4.861446411363508080e-01
-5.753162494276507777e-02
-5.143174759793369688e-01
-2.168463543238030866e-01
-4.429326830607165366e-01
-1.574746957851010098e-01
-8.765711416995208838e-01
-5.986684487394775545e-01
-6.667766133691952479e-01
9.715245324600017829e-02
-4.022892186556073502e-01
3.195003086731834641e-01
-1.727428497103943028e-01
1.812849165486615788e-01
1.544238173629235988e-01
1.405751042161796915e-01
8.768216011044884795e-01
5.311169424627451008e-01
8.867800477684924243e-02
-5.986480819071855475e-01
-5.995235429049439180e-01
2.956830368311757495e-01
1.284595785195973699e-02
5.968034730332546500e-01
-8.851256225819682799e-02
-3.662138060323799627e-01
-2.091549649540403177e-01
-3.504956307702200013e-01
-5.388879724189965525e-01
-6.502952717200413124e-01
-3.941873334707170495e-01
-4.391268103605376893e-01
2.751103100556442360e-01
2.145891428990884253e-01
5.079800461240362164e-02
1.416095111363276926e-01
2.991009959760480841e-02
7.093644772615963490e-01
9.275681119902970950e-01
5.182091142030832431e-01
3.802161014453906557e-02
-4.124500222933648041e-01
-5.414618415343134261e-01
4.733965866796440713e-01
1.852184818894659912e-01
1.226260745577239519e-01
7.626556561337265172e-02
3.179803081233043560e-01
-3.222986160396479338e-01
-3.141711623791103580e-01
-8.815397034067122828e-01
-6.316379458171789141e-01
-2.538304517234177826e-01
-3.213838000233059100e-01
-5.154723402392714648e-01
2.255722312659402540e-01
1.637898162590371298e-01
4.273713961345443520e-03
-6.214241360900378541e-02
-1.004995744612009190e-01
-1.496040029197410193e-01
8.854213611423568109e-01
6.244585126916053497e-01
5.405076172317067051e-01
-3.497404980655630102e-02
-6.025907069185255649e-01
-6.210837911170750125e-01
5.113360653336622708e-01
-1.121051091537248051e-01
6.734753555013791582e-01
5.189067086300699558e-03
4.411823200785985333e-01
-3.150744649370940120e-01
-3.270863823088059896e-01
-7.815269564641345035e-01
-6.168900834223535190e-01
-7.327704270129173914e-01
1.265141604595333702e-01
-4.407365771212691241e-01
-3.723270149195637840e-02
-1.902641085728867254e-01
3.031743422027154411e-01
8.451178938321430856e-01
6.447725574611028465e-01
3.442243698568778210e-02
-5.830735622510128113e-01
-5.951517381238367044e-01
3.665873073949466043e-01
-5.371923564453674055e-02
3.867960635843469830e-01
1.835816111419540653e-01
1.574951526881961383e-01
-4.930579734720714202e-01
-1.649249863238246294e-01
-6.319266914194568985e-01
-7.735556570518548059e-01
-5.764512629584203074e-01
-1.739533427697388390e-01
-5.788475176101065545e-01
3.937213884740751318e-02
6.778645207930823757e-02
-1.649045925449043049e-01
8.627084354369194408e-01
5.909342646870238136e-01
3.788902411945956755e-03
-5.496900710297527581e-01
-5.538211850703838035e-01
3.906438038134298907e-01
7.321016433056193318e-02
4.053575821821390757e-01
-6.461215213949242919e-01
-2.620214955257295641e-01
4.206388234579841456e-01
-3.953520459068992077e-01
-6.871264895479076151e-02
-6.108734331514054094e-01
-4.668980245987706112e-01
-5.598884411810777229e-01
-2.973536911965442564e-01
-4.560306732489593506e-01
3.329409280642495750e-01
2.531022446819022331e-01
4.742592478782155924e-02
9.066015845524775379e-03
4.738193410785282444e-02
8.852043335030973514e-01
5.871458543307693789e-01
-9.995202278467400780e-02
-1.898864986715458891e-01
-5.153196424143824395e-01
3.882757379667443609e-01
-7.168698358846786745e-02
4.346848261474952069e-01
2.313433694846426525e-01
-3.212774890496614688e-01
-3.407376931441642443e-01
-7.079351909347308958e-01
-5.659533782895410647e-01
-4.694148574272399288e-01
1.178253855328928318e-01
-4.637674473584649792e-01
1.902161875991879025e-01
1.106823972342463325e-01
-1.886487890396451317e-01
-4.997818051419090912e-02
5.721573048351389357e-01
-9.109764348845149351e-02
-2.208231777865712342e-01
-6.232664185828614700e-01
4.022700332225833120e-01
-3.012643953298749788e-01
-1.717460039858532128e-01
6.317679280465584579e-01
-3.718862583869942950e-01
-1.823060976781320786e-01
-5.337087107995028834e-01
-5.441461680899247755e-01
-5.141025396896163890e-01
-3.213352647995167399e-01
9.586713960130607282e-01
-6.021881569015831159e-01
2.412740827641645888e-04
4.829470482564184042e-02
1.117935319506900421e-01
-1.218998923904466292e-01
-8.972831739065514900e-02
7.401425160506932555e-01
7.322638926106368462e-01
-7.378160245866288713e-02
-7.433775551548937877e-01
-5.942946217136216847e-01
3.879593757972924495e-01
-9.023623770214361794e-01
3.763351478890585022e-02
6.624535424517720150e-01
-4.606075956365879853e-01
-3.444386828648024479e-01
-3.104870490530395322e-01
-3.970399955832261685e-01
-3.947602124133632318e-01
-1.578918861777201810e-01
-1.317146100606940429e-01
1.194948187186169186e-01
-5.597897517482972735e-02
-1.171635121882888542e-01
1.387387991353425110e-01
6.457717641316913504e-01
4.476775612094113233e-01
-7.641096969540989159e-02
-5.125539048510885376e-01
-3.346498162697851275e-01
3.077522609765082628e-01
-1.608297390878445643e-01
6.646629471192109229e-01
-5.275778104446676720e-01
-5.825845877789795346e-02
3.744462674587840656e-01
-3.710828000017283301e-01
-2.425515768971227559e-01
-8.297475427243450330e-01
-6.804877227458860922e-01
-7.390851473112667325e-01
-2.416231875864846210e-02
-2.804567383544196435e-01
1.856594906002509981e-01
5.543518891563179590e-02
1.801913513203333705e-01
5.242078487835011291e-02
-1.515742743081829880e-01
8.581480109044549165e-01
4.582655646119196402e-01
7.411365231763613615e-01
-6.404728190727396187e-02
-4.367891351070467554e-01
-6.752063234582824647e-01
5.731476577176948528e-02
1.482854738672244876e-01
-7.145497397832757669e-02
-6.316253383285133638e-02
-3.023232323166991087e-01
-2.310397530089878526e-01
4.292167406857992640e-02
-7.672823427339375835e-01
-4.339833246069678130e-01
-6.440964543427957212e-01
-4.268218178624701986e-01
-4.873703571300404547e-01
1.776034594031238034e-01
2.575506571288022628e-01
1.609090772954905602e-01
4.935090347878970385e-01
8.970072927862824397e-01
5.587505002752956029e-01
-1.490005339848950866e-02
-3.099816713688331449e-01
-6.739002104856726127e-01
3.257891146358334877e-01
-6.746242158804743871e-02
7.051660013036368246e-01
-2.223434117784365283e-01
-6.475959195093769494e-02
-5.038223999498022687e-01
-1.480996537835143623e-01
-6.304245905868250954e-01
-5.814486930931318520e-01
-6.903832483339856774e-01
-3.296610971342945895e-01
-5.867320838647963610e-01
-4.369724217621558798e-02
-2.997721509066665346e-01
7.266033827785237098e-02
8.834794166875905574e-01
5.092836493550187971e-01
1.201692977412832375e-01
-5.440316482432292489e-01
-4.532407937486186422e-01
4.528045707895861915e-01
-3.783854366096130878e-02
6.212824310626854363e-01
1.801331716452717405e-02
-4.155714478861607386e-01
-1.819073600171572380e-01
-3.932228251212979697e-01
-6.922429901788305084e-01
-7.000230877644477712e-01
-6.750224257155787999e-01
-4.715922026723307070e-01
2.171446019050272402e-01
3.064133700863102550e-01
1.107352600905119749e-01
-2.326556136349905990e-01
7.250995326943757147e-02
-6.971271057108159308e-01
7.466252734817773185e-01
9.041266467985188404e-01
5.821227308302332482e-01
2.100325565866019515e-03
-5.390250223999291102e-01
-5.488771954131752562e-01
5.358988950323911871e-01
8.892977323494005715e-02
-3.653921197183413461e-01
-2.219255711820820320e-01
-4.114211138897686526e-01
-6.544291807035141906e-01
-3.931289517301696512e-01
-5.383042273829115043e-01
-5.145299871760771193e-01
3.525494296449936948e-01
2.977030708755815450e-02
2.113625004408054564e-01
1.613438544964381216e-01
-7.216128521957093644e-02
-7.998669783084797480e-01
7.658948102940591474e-01
8.057100111518299412e-01
7.594878200598639273e-01
1.211295205644920834e-03
-4.877813364005564312e-01
-6.265074608682046353e-01
2.614935671253616478e-01
-1.262462330086890246e-02
3.868105196083636566e-01
3.506090892131442094e-01
-5.334323539071144510e-02
-3.303657700791632901e-01
-3.193541246215959584e-01
-1.061097120722780396e-01
-5.984771902704342228e-01
-6.522821569157054578e-01
-5.715126869492197503e-01
2.018781513894812862e-01
9.780762949699398634e-01
-7.695283056788212450e-01
1.114833469641546698e-01
-4.968546639427018352e-02
-1.961907174387825525e-01
5.135000028453392401e-02
7.159004840917864154e-01
5.672746716238259435e-01
7.036003447109594189e-02
-3.979836095956270081e-01
-6.314601970843537471e-01
3.909368072408908601e-01
-2.226928389113366769e-02
6.500072570090871249e-01
-9.128534237413787195e-03
-3.983903726028701908e-01
-1.086498097982778605e-01
-7.696272696474545372e-01
-5.537879857989163046e-01
-2.705486876640404437e-01
-5.849325955512334474e-01
2.583332280466317799e-01
8.757663937178726543e-02
1.978060275344177554e-01
-1.678682100946694289e-01
1.945120266800601516e-01
6.558093713832816585e-01
3.311264327300070254e-02
-4.436431984107966908e-01
-5.992625968982383533e-01
3.344868069020719425e-01
-4.188629369810007580e-02
6.628952046667075937e-01
-8.697050541867303031e-02
2.346789451422325035e-01
4.597864786205587695e-01
-3.098450391605560572e-01
-3.924102551011172113e-01
-2.544495093154431897e-01
-6.340201640404792283e-01
-4.144755740894382479e-01
-1.037636026374082893e-01
-4.448464415106533343e-01
-1.602227399398666041e-02
-2.546378931951496227e-01
1.387168172668521160e-01
7.568387900380534328e-01
7.741138320559042274e-01
1.156874923367016972e-02
-6.493314582893091602e-01
-6.647874018467333501e-01
4.275763908765756183e-01
-1.747372398156019635e-01
5.762937776961426506e-01
4.018194688654407876e-01
4.516768853883230683e-01
-5.075739936638880012e-01
-3.281108603227798626e-01
-8.599513837342251943e-01
-7.139550053974295096e-01
-5.926544588147554249e-01
-2.972663195877111586e-01
-5.358841917323200477e-01
1.839134880964119478e-01
4.794037450112653004e-02
2.382056742523753767e-01
-1.443128079476743882e-02
8.206104506407103649e-01
6.398589037426801740e-01
-1.100501502010649418e-01
-4.659831818320542829e-01
-6.311208803254459987e-01
4.413450487512400877e-01
1.106168818265596959e-01
-2.069280002382305472e-01
-1.196235321798787450e-02
-2.888560515825858710e-01
-1.936143991093426664e-01
-6.231764802809344195e-01
-7.177825043123946536e-01
1.501347955212411003e-02
-6.665589695652771041e-03
-7.254812845770826080e-01
3.941026395640693236e-01
6.768970645622428284e-02
2.714060401976250980e-01
6.340703105208524148e-02
-2.505915409942985894e-01
5.534991895596903522e-01
-3.512375027662397592e-02
-3.065443207142297677e-01
-5.108925633018123191e-01
4.401507253136727194e-01
-5.723491453128316114e-02
5.157350471257285962e-01
-6.431669393719894323e-01
5.482870499730006786e-02
4.068978426573349738e-01
-1.809992600789715189e-01
-2.165270339942378663e-01
-1.242536077409739786e-01
-6.179586018449050311e-01
-7.498758864700616478e-01
1.583660276262277844e-01
9.820951035155214282e-01
-6.509695721097557009e-01
-2.731384021526432268e-02
2.035496446966873485e-01
-1.761346830822074494e-01
3.682982220234207876e-02
8.468578602860579174e-01
6.436211121811569180e-01
-3.874729306658189487e-02
-3.939066157128344736e-01
-5.162239288678107663e-01
3.993185294232917681e-01
-1.555777725466407288e-02
4.264419441531149824e-01
-2.998397484430484136e-02
-4.183501718372135136e-01
-1.647179990482077472e-01
-3.730902075249967198e-01
-4.929979049795564783e-01
-7.973747834099524923e-01
-2.419374955738917143e-01
-7.022532411496804627e-01
1.789792015299727646e-01
-2.408002639774645126e-02
-5.459005768515069745e-02
-1.479694031969633616e-01
7.316715018038599805e-01
6.164069872080271129e-01
-4.537999941222440291e-03
-3.694123111403692650e-01
4.290518894371782022e-01
-2.845020557785265386e-02
-8.274529087840961639e-01
1.666464035750420958e-01
-1.791726936962853567e-01
-3.273541614085267448e-01
-3.548778916648048232e-01
-5.939398666095452306e-01
-5.292366086724595853e-01
-1.275226164217689029e-01
-4.801027911955321192e-01
2.571086693057696437e-01
-2.140700651873454485e-01
-7.655570072158440764e-02
8.524616009233700886e-01
6.364522787012424354e-01
-9.347281758362273318e-02
-4.522257460094155634e-01
-2.812079801585675720e-01
3.365988741150899854e-01
4.331159345639085112e-02
6.756403426231799569e-01
-9.972334529831463623e-01
2.998886986926364573e-01
-9.962704250578437171e-02
-3.208529886249916196e-01
-3.838879646541093482e-01
-6.730787841556103990e-01
-6.095224373032428478e-01
-5.920299365362731159e-01
-6.605990351913088032e-01
1.747688355791517933e-01
-7.203520468997079429e-02
-3.105968107210163587e-01
-1.155276259141376355e-01
7.575248718868894393e-01
6.614547343760789344e-01
-2.201771012926314816e-02
-5.388115297929209069e-01
-4.703585778570251175e-01
2.972597537257127831e-01
5.541706161217613280e-01
-2.922616429717413145e-02
-8.117279351731515602e-01
-7.664273018845757512e-02
-4.482969333888117691e-02
-2.316337016307853380e-01
-6.567690230460112577e-01
-6.370700100557633583e-01
-3.613722996394356790e-01
-5.076700225847813330e-01
-4.077060044936291483e-01
9.676471833249850052e-02
6.567149392572670108e-02
4.066140068857657108e-01
2.865001530553637488e-01
8.211871634349293680e-01
5.887944540733216492e-01
-6.094816219999529133e-02
-3.873972599328106559e-01
-5.842503907093266058e-01
4.252125582469719056e-01
3.665913405597522740e-02
6.974532729138451792e-01
-8.457122046684132366e-01
3.345648837941137162e-03
3.317936972158724296e-01
-2.423401956067291751e-01
-3.811413855820101615e-01
-9.520763472936515370e-01
-5.804340515115551380e-01
-5.059768884578578207e-01
-4.435781669504785807e-01
-7.266848637100526975e-01
1.740457570140814536e-01
5.066169949940461936e-02
2.347179811146642980e-01
2.326144704189168355e-01
-8.420980582947212856e-02
8.228048178738502916e-01
8.117467527256003734e-01
5.675460459107593003e-01
4.028158287205176047e-02
-6.267297003667035016e-01
-5.138155225017889682e-01
3.321898302963663951e-01
-3.612953923632233888e-02
5.159006474171226042e-01
-6.946358546308986082e-01
-4.855943605680302505e-02
5.184491503925341416e-01
-3.515888020222316945e-01
-4.947812271761852787e-01
-2.624467212040382247e-01
-6.820100641824465848e-01
-6.387924703026940376e-01
-4.542988852182521797e-01
9.874852896767312149e-01
-6.077748258552210237e-01
3.109692225118603631e-02
-1.556800288132188792e-01
-4.213614830695269764e-02
7.585044465771729749e-01
6.918907445187837402e-01
8.517014338250697980e-01
5.804635314052122852e-02
-4.565341908757513667e-01
-4.300678695246027972e-01
1.937238127729953574e-01
-6.790628296070211345e-02
4.033210041446846361e-01
-7.373270201211616914e-01
2.662859211301915954e-02
4.079926051700566436e-01
-4.438316036106291218e-01
-1.003497917831203817e-01
-3.313205223318618775e-01
-5.567751162029265233e-01
-7.791732392052561629e-01
-4.832972795928631160e-01
-4.188334666505589832e-01
-2.231546618158396500e-01
-1.738033843434519665e-01
1.143575891595032396e-01
8.558269643394115223e-01
6.340760575989888848e-01
-6.101133211541306944e-02
-5.996241758544778033e-01
-5.289185720085616271e-01
3.919137076892458271e-01
-7.368992444973335165e-02
1.460042741455138890e-02
9.986161644760806200e-02
-3.464791652907694974e-01
2.221109115537212714e-02
-8.194486607829513103e-01
-6.570667647282858459e-01
-6.049928526191982181e-01
-5.118002935061679581e-01
-2.604139452622603601e-01
8.034663253296965568e-02
-1.963935305006913323e-01
1.585256966850248084e-01
8.208060627383759744e-01
5.661335406283860561e-01
-4.490360077365523894e-02
-4.405879413291605151e-01
-5.747144917572275524e-01
3.143886181001408486e-01
1.283586001935027067e-02
-8.316609587160479489e-01
1.958804451652026296e-02
8.094245005518014846e-01
-3.898294092071069583e-01
-1.269581443373718199e-01
-5.897416805478761237e-01
-6.533699311341762961e-01
-7.799508730880316820e-01
-2.745944940233804865e-01
-5.241876837793320032e-01
1.936100733025254705e-01
3.501588207830922533e-02
1.730578627305822403e-01
-2.070396667467467866e-01
-1.817763320897823331e-01
9.624224834498550374e-01
5.167296030790703432e-01
-6.251062610782351370e-02
-6.265673477585623763e-01
-4.575120207355667379e-01
3.241674106644619191e-01
7.516009892433427042e-02
-4.546358823237023339e-01
2.073147191881092866e-01
3.110777479317772820e-01
-4.356680322305798159e-01
-1.307273278344522893e-01
-4.739998820196824614e-01
-5.326163526099639833e-01
-5.928976777026893075e-01
-3.638755161382460357e-01
-4.372003495857615385e-01
1.979446505301703518e-01
-2.986059115065790859e-02
-4.991732346862377823e-02
-1.945749354280478516e-01
7.351415679494663902e-01
8.237279400268601171e-01
6.133491244566523504e-01
-2.421669996117439827e-02
-5.060129242115878334e-01
-5.864011051683818421e-01
4.057328870969999501e-01
3.492391921408130595e-02
-5.032229977124124121e-01
1.633966401411918179e-02
5.791210831005901838e-01
-3.065466143349889205e-01
-1.316488529533751117e-01
-6.051156710696067309e-01
-4.445956556671878945e-01
1.690020912407263765e-01
-7.539069009541362609e-01
2.435489935611559187e-01
3.757945607349357929e-04
-1.154765909806459295e-01
-2.838741314611471500e-01
8.051169297123210722e-01
8.665901390360065681e-01
4.904209041106859929e-02
-7.281635962223210745e-01
-5.119202823730147900e-01
3.904647809257177915e-01
-7.185377768355505346e-02
-2.136656063323717769e-01
-6.684719910933561993e-02
-4.459377568529925284e-01
-3.485830875196581635e-01
-4.921470407062883967e-01
-5.378825627161931688e-01
-7.549622756904756926e-01
1.405590019232592636e-01
8.803216893116514452e-01
-8.648992983376815324e-01
6.583623493848823893e-02
4.503131982533088024e-02
-2.514272008050530416e-02
-1.255682575239790433e-01
8.669802392651781986e-01
8.336307164236069767e-01
5.038454264416588474e-02
-5.586363709426316326e-01
-3.144370197582194715e-01
3.663237980521282244e-01
5.905797965084884638e-01
-4.344827324412605107e-01
3.427197578068042483e-01
-2.359200317461217777e-01
-9.881342656846572869e-02
-2.593962285633551468e-01
-5.997029516870325816e-01
-6.644997176434859210e-01
4.499512291972291855e-01
-3.446017602631631371e-01
1.404398379405524533e-01
1.633013060224328683e-01
-7.604462696879936423e-02
8.966442075594251160e-02
7.889322939223337716e-01
7.886697191541629515e-01
7.634641320063700540e-03
-3.382321156995992673e-01
5.079310881605700878e-01
3.463978901122171106e-01
5.345963269737543516e-02
-8.029878154781446842e-01
8.781699028744970048e-02
5.865025234687100131e-01
-3.896590164070022344e-01
-2.678682206336688298e-01
-9.079949083276166455e-01
-6.990107693595952743e-01
-3.349527728137732807e-01
-2.219168901397378102e-01
-4.873855342917287614e-01
2.437829946192272834e-01
-1.810472953515018801e-01
-8.374888650081800667e-02
1.858474183180280070e-01
7.437170183884227459e-01
8.408480091003955881e-01
4.337786099069640411e-01
-6.126716144433268230e-02
-4.110387968546008741e-01
-4.054147533369164558e-01
3.618025884660295288e-01
-1.602582889307387348e-01
-9.327743588120674945e-01
1.739113904718830594e-01
-5.420587598404246199e-01
-1.795941090674996743e-01
-6.836248193545013674e-01
-5.792285685740524714e-01
-4.434075268666985425e-01
9.890788638470029981e-02
-6.310080769988953842e-01
6.345343001904247826e-01
5.435921561313144384e-02
1.289641425323135304e-01
1.340519208379332755e-03
-8.716515014073271395e-02
8.624082605706743232e-01
6.195617625918686810e-01
-4.452360447853175029e-02
-5.692587426886601687e-01
-4.218814821380280078e-01
4.076927079026281819e-01
-3.017381099127275368e-02
-9.082803149006762888e-01
-1.372871403307768801e-01
5.928752936737036183e-01
-3.260928771285344641e-01
-2.937722880560213468e-01
-3.866539463932952558e-01
-6.023051478812505577e-01
-4.979654635625853643e-01
-1.406346265711244659e-01
-6.295265790121428173e-01
1.976321151198379422e-01
1.714982459493883393e-01
2.991480152432104966e-01
1.641818931612184784e-01
1.309684838958991293e-01
9.054203054442000465e-01
6.545940776606063993e-01
-5.191168786592075673e-02
-4.027268433980777940e-01
-3.724132067927814482e-01
3.465587170371062786e-01
-9.094209777251739679e-02
1.853809619123092112e-01
1.049096918554799224e-01
5.757930746521534582e-01
-3.450316238054333962e-01
-1.431504590307824676e-01
-3.953153829973393707e-01
-5.865386648028046990e-01
-6.391779981133367539e-01
-1.608098690084083515e-01
-4.527870023458276938e-01
1.576002083118424324e-01
-8.017834333154087723e-02
3.330049302106829340e-02
7.121833196234374219e-02
8.054826275188130547e-01
5.857280090294906261e-01
7.371531806804461351e-02
-6.727371588369128741e-01
-4.124111075854965391e-01
-7.206039919795637072e-02
5.038089209555848269e-01
6.567957062534959811e-02
3.816422760485522758e-01
-4.271093612981378129e-01
-6.698073812754887224e-02
-6.798507798276902658e-01
-5.730514907156150084e-01
-4.411288694047749703e-01
-2.570540554213706641e-01
-6.281586200305128154e-01
3.008553374808798364e-01
1.132438231719479077e-01
-9.867878554956518999e-02
-3.954601986538922725e-02
8.081927647267486137e-01
6.045543193328469789e-01
-2.549967974371168677e-02
-6.382495349528743978e-01
-5.679452199653973743e-01
2.566758693990532358e-01
1.628449248247415201e-02
-3.742695545549419300e-01
-6.339288772172793629e-02
4.488633385696969014e-01
-3.495403109363489080e-01
-1.742008097219311935e-01
-6.741182646137188206e-01
-7.060569062608555990e-01
-7.739290695222076355e-01
-2.446939729346831460e-01
-4.963571412188622078e-01
1.317298301435045893e-01
8.045494321358863388e-02
-1.191185923701616745e-01
1.791762317889903366e-01
4.611384490487905469e-02
8.124052183923191617e-01
5.276272675960080871e-01
1.770380505767358073e-02
-3.398872686301274704e-01
-5.228158762158443551e-01
4.151094532445230856e-01
9.891492614560286334e-02
-8.605052966457604757e-01
2.398070534067978099e-02
-3.322619387490149956e-01
-1.132870753361075594e-01
-8.727855227705678676e-01
-6.192445887349953271e-01
-5.683967932230670206e-01
-1.988710490266097641e-01
-5.399487973791938789e-01
-1.441448117151095804e-02
-3.640208249076158642e-02
-1.361968727116203426e-01
1.245944283336014730e-01
1.015171203244703557e-01
-8.424575895543113813e-01
8.323155637615582414e-01
-1.694866815520708891e-01
-4.157380678072314373e-01
-7.018828172877963345e-01
4.342893342513075572e-01
5.307724149536320601e-02
5.804209029132080255e-01
-1.084979334439958865e-02
2.541934693082774713e-02
5.204025057618263395e-01
-2.300735251147890403e-01
-1.353739698508745481e-01
-7.920508716732097554e-01
-7.931459828326730133e-01
3.160296250836690524e-01
-5.895891260517417409e-01
1.763157647562279828e-01
7.561209169780662431e-02
-4.667898727738519632e-02
-2.272593412948340774e-01
2.766463723772834560e-01
7.774397154736534254e-01
7.365400198846266955e-01
1.348531960166269306e-01
-6.860174267481915500e-01
-5.637092576876264749e-01
4.230712579477136082e-01
4.970765856976096242e-02
5.245533271097938544e-01
-5.183100670933521448e-01
-9.393769134173263202e-02
4.800262410312424732e-01
-3.604980856320179061e-01
-2.230722189519830090e-01
-6.836941825491726910e-01
-7.243321410836023322e-01
-5.766586012799570504e-01
-3.141089990432397450e-01
-5.627169175818487190e-01
2.452646792146239985e-01
1.534397904122850320e-01
3.213441805606689905e-03
2.207400992538904178e-02
7.552663177714655229e-02
8.528514421377213495e-01
4.596360961853535043e-01
7.411005004101895999e-01
3.600909127603915075e-03
-5.167556562021781152e-01
-5.189162044996731282e-01
4.336221043781948170e-01
9.851563999850435072e-02
-6.922393906993974388e-01
2.744340248210134781e-01
-2.297048339980574116e-01
-2.058070547419220964e-01
-7.918151513103389716e-01
-5.369988503895057885e-01
-6.098369703726893576e-01
1.400656320597777338e-01
-6.101111971082503471e-01
1.474373202935415350e-01
1.392824573487762563e-01
-2.762815196777026472e-01
-1.573594201650881375e-01
7.814717459079714157e-01
7.392580524695026023e-01
-4.444267874833054423e-04
-2.228182217441446733e-01
-6.317795614685790540e-01
3.340441772595875158e-01
-2.878252451818727811e-02
-1.175754800397377092e-01
4.831061312113641426e-01
-2.456737519514529955e-01
-3.232668114749832622e-01
-8.025765436422087618e-01
-6.568361271641161014e-01
-3.307277714574790028e-01
8.623534585762586413e-02
-3.563487827771221195e-01
-2.125981819978012624e-02
-8.397028971765284344e-02
3.806253957026967810e-02
9.528752094461775957e-02
-2.990244588956850885e-02
7.108550848073906803e-01
5.655657131277701533e-01
8.540502111421977016e-01
-2.894390144214973801e-02
-7.248002676948739342e-01
-6.119831330530736135e-01
3.328916783292500403e-01
-2.422987238536720642e-02
8.733223834193185597e-01
-9.745153858965768245e-01
-1.072918727104971159e-01
-4.907306236701475810e-01
-2.020148465816696826e-01
-7.305012953624172578e-01
-6.145731553678398518e-01
-7.780228470547616570e-01
-3.238561585548910826e-01
9.823159168745890790e-01
-5.333724656361563676e-01
2.146666092626098310e-01
-9.379877603663368257e-02
1.289043458316692925e-01
-8.376973044437496796e-02
-4.498561540840738393e-02
7.864605436021152585e-01
8.313960804617657185e-01
-2.122828442095426454e-03
-3.763733904868615809e-01
-5.992348531830741232e-01
3.360783241074067895e-01
3.887420316894277250e-02
-8.722550876571568690e-01
-8.981228205686878074e-02
-1.974866903226584758e-01
-1.124411760384551734e-01
-2.994633271069539471e-01
-7.024956197790953594e-01
-4.590279844487848981e-01
-1.385514246026069984e-01
-5.706997367370578722e-01
1.412648622154815126e-01
-4.610837522351476231e-02
-1.548161994499838712e-01
-1.656335365337810728e-01
6.841869009381273958e-02
8.758163944609744789e-01
-1.149643661878807649e-01
-7.070284956300798562e-01
-5.687892657525066564e-01
4.027988447552586226e-01
1.251421214769685847e-02
5.940107237717540123e-01
1.373882434816688924e-01
4.815585322146487823e-01
-3.571465255780615355e-01
-2.171874969382566745e-01
-8.645653371652247676e-01
-6.672661228876732853e-01
-4.929346845068229843e-01
-2.270074918502385519e-01
-6.749232601735764003e-01
1.571476582496469099e-01
2.633404707756422658e-01
-5.296452548468714994e-02
-1.213844096541401435e-01
2.245567205207946726e-01
6.478501967680772022e-02
8.893909651156252094e-01
9.370619556156269958e-01
-9.670197967641042114e-02
-3.665094516705926231e-01
-6.006781870059225703e-01
4.486580099671311217e-01
-4.020755868665282923e-03
5.697600318560214205e-01
-5.223056372134652486e-02
5.324269666344919605e-01
-3.647801840818751806e-01
-3.054974628525937153e-01
-3.324154765358546815e-01
-5.701886514465110967e-01
-4.442558769037402988e-01
-5.955493267923774869e-01
-6.158097119640498773e-01
-4.943663581323045619e-01
3.369409264539758864e-01
5.332954258515097690e-02
1.111216130801915419e-01
-1.622776841731127587e-02
-6.652709053363541070e-02
7.197705213444112182e-01
8.766856645281164706e-01
7.455116752046606621e-01
-1.034148280521088731e-01
-5.791890251492162189e-01
-5.440512969999273807e-01
4.341034149128640274e-01
3.199336728848144185e-02
-1.785617569153452044e-01
-6.449488395381290651e-02
-9.125991331238685333e-01
-5.793489622338561240e-01
-5.252508189702795871e-01
-2.151040209240553946e-01
-6.350941158293322841e-01
2.582704158633414848e-01
1.630194566888725771e-01
-2.303925212476208018e-01
3.094543989467564149e-01
2.876113560925024348e-01
8.351795811109175016e-01
8.510538284343664994e-01
2.765971318558297157e-02
-4.017112390583741366e-01
-5.974497335814930032e-01
3.176881600172727360e-01
-1.307621372155342299e-01
-1.525653209223144513e-01
4.120648022293087465e-01
-1.877460499548303241e-01
3.771634836995857443e-02
-4.012463492824232536e-01
-5.428252573472184261e-01
-3.047893719598984696e-01
3.681212754479812332e-01
-8.267349412811122455e-01
3.832170580086503575e-01
7.362918292440578244e-03
-2.024367158615334727e-01
1.255733069062628937e-01
5.426454378305194115e-02
9.224123793124012760e-01
8.790213648146265601e-01
-2.318928856816736619e-02
-5.120199003256691306e-01
-6.624699394897383131e-01
3.660175400633307596e-01
-5.334731263774511456e-02
-6.236558961390515493e-02
4.297374019339473272e-01
-3.384393680737529109e-01
-2.947617204826420423e-01
-5.549732345423600277e-01
-5.715992534674230185e-01
-4.578531968054213586e-01
-2.149062386624227827e-01
-5.979035655400215532e-01
1.011515844691986965e-01
9.323505133590105631e-02
-1.571299297502533610e-01
-1.504010340563897430e-01
-3.390885685847549319e-02
6.203003073161371672e-01
8.342621068535702733e-01
-8.444139875398480946e-03
-4.230460422637101203e-01
-5.215033582851226202e-01
3.859666998808174987e-01
2.383875346247991966e-01
5.279170828756266642e-01
4.843130105405077934e-01
-9.801409164533525509e-02
-2.996245692328455834e-01
-1.867311524853220439e-01
-5.412170865289795962e-01
-5.581221928466895132e-01
-5.450620832148560524e-01
-4.783773429610399530e-01
-5.885244133166221969e-01
1.852291992520214703e-01
3.621874042366586277e-01
-2.920216470757461269e-01
8.896229658496479509e-01
7.158200547285784587e-01
-1.749182208873230893e-01
-6.199177526968945307e-01
-5.312058338586586048e-01
2.944560606086407684e-01
8.270316957175166683e-02
-5.657067978489306315e-01
9.990903657270608362e-02
4.704566580202843573e-01
-2.409173956296991048e-01
-1.902856625633813359e-01
-3.887673320916102404e-01
-6.716265453925771567e-01
-4.116597012911070164e-01
-1.436455453481104427e-01
-5.540384613106480449e-01
2.746590430132477834e-01
7.054871828598865968e-02
-4.599706438762522775e-02
-2.328626534336948883e-01
2.696717312997666260e-01
8.176737984418656069e-01
7.994404069987053330e-01
8.710894606778363247e-02
6.880758345404373033e-01
-6.446553331013630261e-01
2.693642308400823193e-01
1.488644362270058474e-01
3.927866278950999379e-01
1.569187898216887478e-01
1.392379146585185634e-01
-4.475074514706860462e-01
-6.396811752141388918e-02
-6.051121237675067821e-01
-5.840763159013229178e-01
-4.938219060644369329e-01
-1.425657836106449528e-01
9.898920974869717115e-01
-3.950290528728150896e-01
7.447981726002968206e-02
-4.659980276545001160e-02
3.569658398663399373e-02
-2.280289337384659998e-01
-1.441715842055990293e-01
7.096877282889790806e-01
8.441303496491744385e-01
8.419534732130385946e-01
1.880931410075701010e-03
-3.459120758352708935e-01
-5.752258837886202736e-01
4.170245187149302923e-01
-5.390439813977414979e-02
5.906039753277307902e-01
-9.921773063446053254e-01
1.721464064574928232e-01
-3.668745357037496158e-01
-1.255045481341665048e-01
-9.164831598920606393e-01
-4.744792889843690853e-01
-5.126846368364994522e-01
-1.800924609536725951e-01
-6.801795418860985265e-01
2.493244621385452553e-01
1.691667721128734536e-01
1.948724196281361731e-01
-2.238251069374451174e-01
1.300034352366065682e-01
-6.278602591261116250e-02
9.499243352796679085e-01
7.878661116473845150e-01
7.441987382315331523e-01
1.676401974386756066e-03
-5.538514198977223524e-01
-5.677062747476063764e-01
4.419810602590082960e-01
-9.777998476868061672e-01
9.795846212360072303e-02
-3.631770369621605821e-01
-5.620568884928700548e-02
-6.452586791770456021e-01
-5.327509823207570161e-01
1.009047205096390981e-01
-6.929890119221540079e-01
-5.595331136948084733e-02
-5.733618553792530631e-02
-1.156024298607375711e-01
9.411248154605332539e-03
3.060722229919852003e-02
8.300038335628243669e-01
9.081077895222623431e-01
-1.454767589069211201e-03
-5.554968504057873346e-01
-5.478772511168286119e-01
3.821629097462176383e-01
4.034865930782815385e-02
5.760536168057295292e-01
-7.607243804268410958e-01
-1.205807546672416214e-01
-2.165181217412790182e-01
-1.015470378328940243e-01
-7.069964449643901805e-01
-4.840034503128367582e-01
-6.106426657866449448e-01
1.159779731946523340e-01
-4.391840572849724511e-01
2.539545230691906963e-01
9.475213019310997631e-02
-9.412013169759338160e-02
-1.712067006521475476e-01
-1.231490289589854022e-02
8.202963891091767934e-01
9.603846678531016146e-01
6.881312169757277664e-01
4.915333090057005805e-02
-6.059185188017720547e-01
-6.113290125267183406e-01
2.609104681796466929e-01
1.241951470166352718e-02
1.869156617908142304e-01
1.310451710216967713e-01
4.054201550611034044e-01
-3.301497489322928192e-01
-8.569912243311827993e-02
-7.517972869884673726e-01
-6.527495603240641708e-01
-4.160537789928014929e-01
-3.295859643492422553e-01
-5.128452771782040509e-01
1.825229360015418467e-01
-1.091742612730087769e-01
-1.116478704403535277e-01
-7.029849958862736947e-02
-1.547671667452229782e-01
7.548418193079978744e-01
9.627507775924766253e-01
7.496775919480180850e-01
3.816349435215787150e-03
-4.327393743400198556e-01
-4.991176789724677820e-01
3.724578923493047089e-01
3.371430351271631487e-02
-1.988441848273276580e-01
-1.240241271791939631e-01
-2.871587144737125508e-01
-1.353849291082624418e-01
-6.550267826228893808e-01
-5.813765434071539451e-01
-4.446404432327440981e-01
-1.761355651233817987e-01
-5.469462985505078034e-01
9.728713013333489812e-02
-2.745699899520217743e-02
1.559880641015055358e-01
-1.741412696159725382e-01
7.567335546011212388e-01
6.009731405036032870e-01
5.774930453231153643e-02
-4.226708971223295253e-01
-5.702717850174870984e-01
4.784204419676033604e-01
1.426686642540706540e-01
1.528000342448682380e-01
4.185154898084624819e-01
-3.833457684604035243e-01
-3.235123364197831641e-01
-8.539483180777702742e-01
-4.254367446057611413e-01
-4.456578737657307943e-01
-2.658039158655831624e-01
-4.350475857455623485e-01
2.858959864835947107e-01
-1.436698310765936737e-01
-1.712028813127923765e-01
-1.681234396068492509e-01
5.551647442096268453e-02
6.282931726137483963e-01
6.685380459200732650e-01
6.625667675267523649e-01
-2.189730654989358385e-02
-5.555427443334889359e-01
-7.144205278629807143e-01
4.644973581119348771e-01
8.050915486580909053e-02
-3.237046087313030229e-01
1.915776522315841834e-01
3.406105201695832640e-01
-1.703626435846405662e-01
-2.747565997880500599e-01
-8.271826539042324011e-01
-5.458845983877311792e-01
-4.589587335677491886e-01
6.768379097579885206e-02
-6.228859889186140197e-01
6.361371295104940871e-02
-2.424503159614751352e-02
-9.103862257304883021e-02
-2.752355742382360249e-01
9.130321612576582924e-01
6.136776091119525711e-01
8.318029802475915835e-01
3.183741102534462519e-02
-3.341631705375754380e-01
-5.800560048633806032e-01
3.384962406673899249e-01
6.490416902832243928e-02
3.139108778671449440e-01
5.856181538826610300e-01
-1.663724909296795118e-01
-1.771916506908757794e-01
-7.613086411966720757e-01
-5.241360540332015150e-01
-4.967234751325735886e-01
2.010606996222476517e-01
-7.069953426697832555e-01
2.212879422309943500e-01
-8.747171110697043311e-03
7.837846265329671824e-02
-2.958998399142366287e-01
-7.414849272322829310e-02
8.131122273376636400e-01
5.954981431151000759e-01
-6.566406103854945109e-02
-5.451607323258024218e-01
-5.489151588304264084e-01
1.616493650295625084e-01
2.730209162865443462e-02
4.383175367070860640e-01
-1.529211102451396298e-01
4.180268366835590554e-01
-3.066363131549620369e-01
-2.542023345675575308e-01
-7.839918558334293408e-01
-5.524979929672569900e-01
-5.679268952010982918e-01
-2.384553529122426796e-01
-5.649057772601162597e-01
4.133134816606112705e-01
8.802352186564382786e-02
-1.275191001127382318e-01
1.462323682709646133e-01
-1.128184680489985325e-01
8.323163627208207682e-01
5.445503266076956450e-02
-4.888006772261986876e-01
-4.797840674000424244e-01
4.309828345500240077e-01
-2.507455982575074876e-02
-4.295578448837437668e-01
1.892678037494470444e-01
5.518498242443623525e-01
-3.230191544058952369e-01
-1.114048805275826004e-01
-6.385315362405061812e-01
-5.044680810614329269e-01
-3.823845100039497957e-01
-4.665724520530353803e-02
-5.154392516638585109e-01
8.961668108517348297e-02
-1.967093287620706385e-02
-2.378774484509816600e-01
-1.416767238152359942e-01
-1.391012547076098116e-01
9.170881565489130693e-01
8.266597436009130995e-01
6.700889249322151686e-01
-2.776595582359334125e-02
-2.909680994920063046e-01
-5.429128459716737742e-01
5.834839561089632393e-02
-1.086085827375613405e-01
4.705680284714736095e-01
-3.132250059951140475e-01
-1.282147910858655870e-01
3.943990067369665953e-01
-4.183799139840599368e-01
-2.437172436977060874e-01
-9.135887412213808956e-01
-7.721073543228906821e-01
-3.342848565959674612e-01
3.352531664207205608e-01
-4.822297618914027084e-01
3.781966337865089178e-01
-1.036883698824826450e-01
9.653636396140721082e-03
-5.778779317122789694e-02
-1.841407639943987984e-01
6.551134814224834901e-01
4.746777969781479367e-02
-5.165998990605247254e-01
-4.714120021933699833e-01
1.468122507681438038e-01
1.619817665352898603e-02
4.062588756392714884e-01
-2.107194783241058689e-01
2.372495361308418153e-03
-2.724534072484792180e-01
-3.319110672000638584e-01
-8.262227743006969050e-01
-8.071425453287152108e-01
-6.571611733740414518e-01
2.285250425130572194e-02
-3.768911610914310040e-01
1.895160810618101987e-01
-1.129644558533470372e-01
-4.504522132684304035e-03
-5.266170453289378134e-02
9.198375343356802736e-01
5.771184836213487657e-01
6.338269932436925158e-01
9.517844188761734325e-02
-4.467421048482362878e-01
-6.008475627310705391e-01
4.786140823735599015e-01
-1.819486232991315011e-01
4.487378223868000449e-01
1.522407088145812104e-01
4.756324114685818172e-01
-2.403324875760499413e-01
-2.963928957631671926e-02
-7.697518857607699161e-01
-6.479152787545143788e-01
-5.514974427470010765e-01
7.504751603145053129e-02
-5.596133299050882748e-01
-4.275083211742636172e-04
-1.970593076551613657e-03
-2.070703362963093042e-01
-5.549427984965395189e-02
1.485918961051917522e-02
7.714721650813476383e-01
6.793082342159191267e-01
1.763213739979994227e-02
-5.244074201800655866e-01
-5.951403116718155806e-01
4.367474098715165010e-01
-3.330919389625967234e-03
8.536493561039040778e-03
-2.514572459588829134e-01
-7.248175003180284959e-02
-9.091745301721748662e-01
-4.933135581650506252e-01
-5.443845563067740700e-01
1.949031102252047828e-02
-7.710417114608477673e-01
1.853719854061035288e-01
7.630588946199128031e-02
-1.892499008933940241e-01
-1.478144140743297731e-02
-6.267474594421131029e-02
8.905912545719107953e-01
8.017662148513479137e-01
5.866163530811363547e-01
2.266007373941192685e-02
-3.314619199612046097e-01
-7.159755347473488740e-01
4.183690353730729616e-01
2.292364710417793827e-01
-6.159987080194271325e-01
4.830968887201247952e-02
6.583025476232168272e-01
-1.323115743126505872e-01
-7.129539876605246740e-02
-5.770292743970197868e-01
-4.091202245718703612e-01
-4.451779629876846389e-01
-6.539910999501265948e-03
-2.982137169148591505e-01
4.366755921899129200e-02
-1.176032667045708441e-01
-2.479587279758289631e-01
-2.397150502367017821e-01
9.459267517613347831e-01
6.397633308441333932e-01
5.459705246902539777e-01
-3.054619530270746841e-02
-2.939546798158658714e-01
-7.221384356337083865e-01
3.602569140953960081e-01
1.977502859058303739e-02
-2.096661713951440131e-01
4.830369582174409149e-01
-3.119745172139473111e-01
-2.434008332086667614e-01
-8.211871646617511233e-01
-6.667279491062536589e-01
-4.132623748008879550e-01
-3.106543528552642153e-01
-5.353485757166484005e-01
2.624530888940712625e-01
-3.184379246740354913e-02
-2.432284690631148216e-01
-2.777137050977958668e-02
-2.288783244958724206e-01
8.203965221616393855e-01
5.261472990070799050e-01
9.621361428967255269e-02
-4.087933269092053346e-01
-6.529099239591774628e-01
3.647179400328621757e-01
1.203475422189947824e-01
6.376576098667769976e-01
-5.135567574454630302e-02
-3.734525375314466378e-01
-3.697789872082149487e-01
-9.120696284815411614e-01
-4.639720558654809590e-01
-4.621440627960123892e-01
1.338739838091985122e-02
9.667897339306315008e-01
-5.573744811925884779e-01
1.915665803500805064e-01
-2.033140700030569292e-01
1.627070325946364249e-01
-1.210400182348070758e-01
7.687564430786151259e-01
6.964458088764723387e-01
7.897948143645034946e-01
-3.434761936093472245e-02
-4.764561694015830295e-01
-5.580337082544443161e-01
3.796282895125304702e-01
-6.211895415942023657e-01
-3.296705749619303211e-02
4.091723164016853875e-01
-3.039034723676149463e-01
-7.269419181264688556e-02
-7.920336803109213619e-01
-4.624364184375193143e-01
-3.567442889145201468e-01
-7.824468530256049881e-02
-6.305730938503720795e-01
1.992805994479800169e-01
8.020275635703184858e-02
1.953984232657032527e-01
-1.831861610795511297e-01
-2.641817318556375360e-01
8.843238533488024800e-01
8.268047905185564872e-01
-1.553330476110473084e-02
-5.357180958417193661e-01
-5.185830368966852788e-01
3.503348696350454539e-01
1.454271565057717042e-01
4.621586457231900424e-01
-4.963853410786679965e-01
-1.544817474834996041e-01
-2.095247682174424808e-01
-1.642273622768539443e-01
-8.386896009308896227e-01
-5.990356987523867138e-01
-9.133977219179763019e-01
-4.833812189081521105e-01
9.740174572686385313e-01
-6.092405171232706529e-01
1.493882674724342219e-01
1.417265419664047671e-03
1.394839583931201110e-01
1.018725481075423711e-01
3.506920254736299591e-02
8.447324404433491640e-01
9.307663182380812028e-01
9.448624432576502308e-01
4.325698597908907844e-02
-5.485585018374510291e-01
-3.558070724191372269e-01
4.418649686654322339e-01
4.190371730313814658e-02
1.635617761705025763e-02
5.435326459701287360e-01
-2.518731937994195813e-01
-1.471993062901245652e-01
-7.120286283417538442e-01
-6.419079671159464429e-01
-1.020735642529288362e-01
-4.482968068070795620e-01
1.284467277504345271e-02
-9.915400211153882482e-02
3.205235900634961083e-02
8.850358380388423374e-01
9.191710749474593101e-01
4.755796138354079217e-01
7.955970656432391486e-02
-4.110686443602540874e-01
-6.498082646696224929e-01
3.710243740520764444e-01
-3.359952686662459054e-01
9.675294007470688906e-02
4.793280745789635922e-01
-3.018015838455020416e-01
-4.648009641568464495e-02
-9.994585121882721968e-01
-7.593690812107134480e-01
-3.908322361905259279e-01
5.385541685430053627e-02
-7.602220347543368062e-01
2.055038718435150125e-01
-1.523651922204191378e-01
7.551568574106291010e-01
5.617106068402863972e-01
6.522573078215067044e-01
4.075673449375220164e-02
-4.999282120980717559e-01
-6.742305055851046669e-01
3.403787036163375412e-01
-1.434708533334466338e-02
-9.656760852273361673e-01
1.426530462745798922e-01
1.535413590287511287e-01
-9.849079318748549250e-02
-4.342625833843298810e-01
-5.564488069021532590e-01
-6.109244923999834764e-01
-4.786945119046693842e-01
-5.538851596990588266e-01
1.834935739194729354e-01
-4.823137839505525770e-02
2.068693977354918445e-01
8.058195810269042081e-01
7.428672006534151606e-01
-5.194181752489696741e-02
-4.929723902463423735e-01
-6.532517253814587033e-01
5.205330676133338441e-01
-2.944371370194144855e-01
8.650018520345682110e-03
5.123361756282825974e-01
-2.984525122539917197e-01
-2.666236144609901437e-01
-5.547211719071704072e-01
-4.056698531596303892e-01
-3.487196043969396642e-01
-1.736181891115207709e-01
-4.249440493047896283e-01
5.495215572380408586e-01
2.207275396498905029e-01
-1.151630431974573210e-01
7.252775270717042311e-01
7.451729951932122287e-01
7.343556383319476133e-01
-3.752906256072185975e-02
-4.738665855136799943e-01
-5.960489880962265286e-01
2.741415716440847583e-01
-8.142581918686886411e-01
-3.941098138948734980e-02
-9.796236530797712561e-02
-9.116675672956972565e-02
-3.231365351278843168e-01
-9.782850254526102851e-02
-5.764431148038876573e-01
-8.024780943205094275e-01
-6.280325047982761033e-01
-6.515727703680743721e-01
-6.876942876596953136e-01
6.383571986406868515e-01
2.074793468653195749e-01
3.753576877029388831e-02
-2.518567340398374377e-01
8.058069279341837365e-01
7.381749638347556708e-01
-2.368441979124658384e-02
-5.571153624272630056e-01
-5.359022767824104250e-01
9.226115596776583716e-02
-4.550340294480557102e-01
3.310630913501071138e-02
-1.645893990035519339e-01
-1.174041242514746314e-01
-6.355185150616912138e-01
-4.956474566681873251e-01
-3.869672818116425828e-01
-1.926400537727177564e-01
9.668932991195368087e-01
-6.329239734988768573e-01
2.519531316635611334e-02
-9.111936629853921443e-02
-1.071990367471875732e-01
8.932971732435718293e-01
8.445563258160548870e-01
1.159327997253010029e-01
-5.839922422453219797e-01
-6.051613283651513520e-01
3.995398887053234760e-01
-2.508682990574065755e-02
-3.472585428852071887e-01
1.734504626980257203e-01
6.115075376686106567e-01
-7.340557214822410192e-02
-4.398346693530637980e-02
-8.068253905415527782e-01
-5.895816785317071762e-01
-8.673101135017393659e-01
4.464933425247426951e-02
-6.734470065614016621e-01
-7.099725054287013559e-03
-2.178448520076523010e-01
-6.999969421185731067e-02
4.044365244147590244e-01
8.225903827334717366e-01
8.177344772113688265e-01
7.098353767925791313e-01
-6.201825150378698775e-02
-4.176111338804467388e-01
-6.872146886087415751e-01
3.557475503087738633e-01
1.450704677841919699e-01
5.121114680959557575e-01
-4.561111434788558405e-01
-1.013839238096862355e-01
5.594599919859368775e-01
-2.349481106444394340e-01
-3.260617416266087254e-01
-7.422020459755790389e-01
-6.027910146080571741e-01
-5.676637483238240467e-01
-1.029393636055063871e-01
-6.261200970803404431e-01
2.246039114676283421e-01
-2.324782409813996586e-01
-1.083239898809161827e-01
-1.552094549876372742e-01
8.424235823953251101e-01
5.485716588388547255e-01
4.891296050558349012e-02
-5.559032363466743787e-01
-5.837096338274055940e-01
3.411480163795406750e-01
8.980488838951544706e-02
-9.507961786517190594e-01
1.939040429460544557e-01
2.941839619356997892e-01
1.047710242798537139e-01
-2.777403274993289761e-01
-8.986509641234405876e-01
-5.600883543744386017e-01
-5.235201776627804726e-01
-1.547102758445995652e-01
9.014030902029697145e-01
-6.807096048424460255e-01
4.344029707626114178e-01
1.125819071445124248e-01
-2.628337787307172824e-01
-1.607261377938077607e-01
-7.632546042660023899e-02
7.062339240725519218e-01
6.612920218111105752e-01
-1.681374670642034981e-03
-4.310860984116745565e-01
-6.326223112768524226e-01
2.078797921608884214e-01
1.345043468520908982e-02
-9.039835481840068354e-01
-3.925555563149339677e-02
-2.565531448864500907e-01
-2.722517098249585543e-01
-4.913241827639309167e-01
-6.552099728545186519e-01
2.611650169392219500e-01
-5.141135492162203224e-01
3.555127934978712934e-01
-8.231470827460517226e-02
-2.476130569969150347e-02
8.144113036081915835e-01
9.167605798251594607e-01
6.536428441469210870e-01
3.443751773630598922e-02
-5.152871473892605136e-01
-5.998908623936645146e-01
5.391293451721670404e-01
-6.457382218644804883e-01
1.664202800816733108e-02
-1.988662364435692664e-01
-1.216950369093620088e-01
-6.350232650302350956e-01
-4.838330961256674390e-01
-1.860568398572814419e-01
1.602339296066319363e-01
9.745053234936611464e-01
-7.569326769520547948e-01
4.637071671086484548e-02
-1.267838664163852547e-01
-2.066620108131879130e-01
-2.547622978107796365e-01
8.582934354953946077e-01
7.194493426560265581e-01
6.312548843704846036e-02
-5.914010921327544912e-01
-5.351661721975338182e-01
3.492798829467584354e-01
-1.085854335068053150e-01
4.745928933083886636e-01
1.200403489287180381e-01
1.512072950037236241e-01
-1.721259723794439644e-01
-3.225748774225912774e-01
-5.989158105215345307e-01
-5.222922612048644941e-01
-4.888495079206487404e-01
2.723919147697045351e-01
-5.088330643588718782e-01
2.731891265434656657e-01
-1.826314323799109463e-01
2.762520496424394900e-01
-1.343087737389749535e-02
8.098558717679216201e-01
7.611197192967522618e-01
-6.786845401626608043e-02
-5.672539947722715636e-01
-5.346097867202458387e-01
9.105537687749272469e-02
6.013862030770802392e-01
-4.699823220946083846e-01
1.199874472692016025e-01
-3.125807442077714327e-01
-2.268597069065095562e-01
-5.706896780254112622e-01
-6.257615499681961069e-01
-8.745540310867742084e-01
-2.273846343060703656e-01
9.510316773674175606e-01
-5.024051594856028258e-01
3.666275958084886932e-01
-1.668330474016187226e-01
-6.607573026562005292e-02
7.996382196158069444e-01
6.820994662865011993e-01
2.801485908801270436e-02
-6.671981831915902994e-01
-6.094815231523124099e-01
2.363417289436782476e-01
-1.021573432696603334e-01
-5.384973286821594929e-01
-2.254334639628632064e-01
-8.436362995340439264e-02
-3.305123182266645615e-02
-4.740216978904998046e-01
-5.934175083820429908e-01
-6.407891625146946435e-01
-2.904379290820683912e-01
-6.641422271410603040e-01
2.207499586426313887e-01
6.332608406572744209e-02
-6.324851770466492079e-03
-1.989666162882435529e-01
-6.846193234678664419e-02
7.994958986758090580e-01
6.446388293090662414e-01
-1.039596080126694265e-02
-6.061853164532002847e-01
-5.768380763901714836e-01
5.836721688584356471e-01
1.447120886195030209e-01
-6.795726339747026890e-01
3.261743059949626794e-02
-1.828100643825554816e-01
-3.409551569846926422e-01
-8.205555737046402731e-01
-7.319716857410131228e-01
-4.206142301074888845e-01
-3.938537532059065427e-01
-6.585877369397045156e-01
2.444881714139193196e-01
8.045437051930796890e-02
2.145398213190400916e-01
-1.312243932163847382e-01
7.763185111518799975e-01
7.309273918437777517e-01
2.802908363963898392e-02
-5.621824867318822028e-01
-5.643692756047463677e-01
5.148379561261320347e-01
-2.695057616466821002e-03
8.480248367300903534e-02
4.658927023017989111e-02
3.584977774181861143e-01
1.427504124081417115e-02
-6.270180482074072525e-02
-7.876317051374802647e-01
-4.244291411994819962e-01
-5.232825805669107933e-01
-8.330888123540820811e-02
-5.021096322513167731e-01
1.871493073829214315e-01
-1.224727274506320907e-01
-8.142081725513358736e-02
-1.749580719238819915e-01
7.591999434491684129e-01
6.782991866643949264e-01
-7.724478284834947195e-02
-5.264430821616472578e-01
-6.807060236426250022e-01
4.362213718393172512e-01
1.281062078049771402e-01
4.896112080736320649e-01
-8.759100373466928158e-01
2.283875041318270405e-01
4.747900484278514410e-01
-2.650231818811238926e-01
-2.665265055216267664e-01
-9.456828998993056512e-01
-5.095366013978871456e-01
-6.535480578457890655e-01
5.675960176228677517e-02
9.446514131666807756e-01
-7.071399911303134500e-01
1.883703018884093083e-01
1.103361606588166288e-01
1.695064191535441134e-01
2.134497075299567614e-01
-3.383620736840790566e-01
-1.377036440996207145e-01
7.996556532619456537e-01
4.858331824822036960e-01
7.575599019160057512e-01
1.067807039671578480e-02
-3.384691627950479065e-01
-6.448530105369154608e-01
1.657940789310066443e-01
-5.214925386063515994e-02
7.024014497917416833e-01
-9.271337964858676894e-01
1.190800455166073912e-01
-1.523660984630038628e-01
-2.600146813117680256e-01
-7.970394632772850319e-01
-6.044780173657929856e-01
-5.663212929032966914e-01
-2.596357990649756850e-02
-4.677891487106408119e-01
1.238399967585403633e-01
2.193906952874684901e-01
-1.296550475294518667e-01
7.076037857833881173e-01
7.030052211424101527e-01
-4.669268460809131160e-02
-3.603915567085629323e-01
-5.734601162661843166e-01
3.021054377568814231e-01
7.587176279672952495e-02
-9.244806272863488328e-01
1.428533495649831619e-01
-2.830432154372862774e-01
-3.756931629308394860e-01
-7.827032716291950631e-01
-6.248438839714458570e-01
-1.331168996070556942e-01
-4.515644086039441452e-01
2.313870932204472874e-01
1.758432121118341102e-02
-9.284458317037855291e-02
-3.793289598507450927e-02
7.343262648996962128e-01
6.335421100562302898e-01
-1.029709218450587799e-01
-3.818832469368065308e-01
-5.073392306722062095e-01
-4.343608511989442422e-01
4.989907970446516572e-01
8.755619199634813443e-02
1.294669816406623375e-01
-4.426076269149896436e-02
7.987545720901661692e-03
-6.903609767610855430e-01
-4.638248357183994974e-01
-4.984633597214727097e-01
3.662197635644161980e-02
-8.990482420724815738e-01
-9.972893618267182625e-02
-1.624743771812026949e-01
-1.201349955091729899e-01
-6.468870559244714602e-02
7.304317408075611251e-01
7.146129181289098131e-01
-5.030079796819406091e-02
-4.980368255770369901e-01
-6.413985102176654740e-01
4.986449790698547213e-01
3.600683530861405884e-02
3.697922170786843710e-01
-7.439696772392040414e-01
4.123899610709075292e-02
-2.968456736511667637e-01
-1.871880923940904828e-01
-8.281416945892594583e-01
-4.614429188161748296e-01
-7.264748041396267286e-01
-1.991168897659445214e-01
9.715996779358370139e-01
-3.192391624888615831e-01
3.734295925697184715e-01
-1.162010587238252318e-01
2.266088389771324652e-01
-2.446001248195629196e-01
5.332936326919496262e-02
7.546156817805135253e-01
7.503284545753672319e-01
7.800694331882298063e-03
-5.681393618463447259e-01
-5.399335024937499394e-01
4.820797062577188985e-01
-3.230004402622135284e-01
-3.776332261568106363e-02
2.899552423039271631e-01
-2.932162259767200352e-01
-2.866815687592202400e-01
-9.344538003302680362e-01
-5.388147208972899893e-01
-3.756976402121344760e-01
-4.682541954143490948e-01
-3.020363134428483143e-01
4.451644892479050264e-01
1.196573228565518121e-01
-5.292692177771547712e-02
-5.099234213863837462e-02
3.174348265631941057e-01
7.565058607607944019e-01
4.955112043165506575e-01
-4.248661830704526104e-02
-4.513786928621585370e-01
-5.498959865820043369e-01
3.003213887412950478e-01
5.419967622840533850e-02
4.120583869484542028e-01
-1.028128778287690365e-01
1.251090956003508559e-01
5.999164177917711838e-01
-2.986914839936671284e-01
-1.671918678765421384e-01
-8.304358873049593193e-01
-6.148216446489451759e-01
-4.744969046656780653e-01
-3.065415821314112013e-02
9.519792579807696553e-01
-6.737014558580990409e-01
2.434326332066730492e-01
1.699576678671389784e-01
-1.911565145039522962e-01
-1.846504544060602604e-01
2.104522382311162787e-01
5.030095062161461517e-01
7.670589138302978949e-01
-7.299038287129338415e-03
-5.263804934928184576e-01
-6.700566729910264474e-01
1.923234031184753445e-01
-4.215150240555566308e-01
6.462609840111407759e-03
-2.621459093994016332e-01
-1.663795458255896698e-01
-7.126564471968570569e-01
-6.847260183852178494e-01
-5.367439802195752563e-01
-1.484421127260652506e-01
-9.273365245057623163e-01
4.356041434899646236e-01
-7.948289172555353388e-02
2.204147245096541030e-01
-1.129417376129074613e-01
7.083740699750267211e-01
6.897998831237647233e-01
7.363284940392946787e-01
-2.479969369140083701e-02
-5.817630082978153538e-01
-5.478041255338369497e-01
2.449362300287424299e-01
1.987464149814872905e-01
5.058296385419436270e-01
-2.110747725996406921e-01
-3.597830096655659643e-02
-2.169176595870156987e-01
-3.388436333337944695e-01
9.998105433450366064e-03
-7.188151018107890033e-01
-5.864802172593533980e-01
-7.328769707290717639e-01
2.820484276923548306e-01
-4.426287842004458795e-01
2.403336667836968310e-01
4.436499894408351685e-01
-2.180684024091011364e-01
-1.957844846648803053e-02
6.481542533962246500e-02
8.584711197666048399e-01
7.057054251486609697e-01
-4.193220607576217396e-02
-4.294369362726154771e-01
-5.496888483993238594e-01
3.536085449369001377e-01
3.344244648408178922e-02
7.314270632134622918e-02
-1.957338620989726996e-01
-1.121184821210469834e-01
-4.982579650726616793e-01
-7.464850077514373350e-01
-5.864007494643466156e-01
-3.304586314774263234e-01
-6.506872213930326998e-01
3.484883005979546589e-01
-9.086521392219215620e-03
-1.818269222099247184e-01
-1.565062862326287441e-01
7.326200247652245867e-01
7.933235287352297105e-01
1.166545464743532629e-01
-6.002797533449925060e-01
-6.398031248652038538e-01
4.069717066014847395e-01
4.672819944157821648e-02
-9.716603905512859463e-01
-7.664251080469533517e-02
-2.040354635076203349e-01
-1.319732066400274018e-01
-6.903182694906567773e-01
-4.607982283968053427e-01
-3.280919928974605493e-01
-6.842961759284639511e-02
-4.904543961785712836e-01
1.690804713636190060e-01
1.028838582170598231e-01
-3.354032763326456751e-02
7.126798323541039260e-01
8.115963244868085180e-01
-3.229093992361067172e-02
-3.180577759599148568e-01
-6.012424858324486587e-01
4.070247957644712034e-01
-1.074256325696031911e-01
8.742155822938887932e-02
-2.107409253891803780e-01
-1.003559412802757372e-01
-6.444351708990355698e-01
-5.158459925184344375e-01
-6.163881677777334200e-01
-3.064030340034888389e-01
9.735165172591581095e-01
-7.575469029767009088e-01
3.428931234265218397e-01
-2.881079196237535389e-01
-9.713309504832094710e-02
4.230653021869270475e-02
6.140613663740596140e-01
5.467782702700678399e-02
-4.925001123062486830e-01
-6.503459193288827489e-01
3.508197612773027441e-01
4.022191348464367877e-01
-2.430649388733160665e-01
-5.473836197660026520e-03
3.438332076664567527e-01
-2.395732145461824114e-01
-2.063332405453062735e-01
-5.519954412059612237e-01
-5.479159438866948451e-01
-4.914442048712623912e-01
-3.389712149349454612e-02
9.218902585767801972e-01
-4.410835159816987039e-01
2.693601365724687668e-01
-2.225179876290411252e-01
-3.539709504469062268e-02
7.329479532350107185e-01
9.805775682484266786e-01
7.127598007101585420e-01
-3.038353073647121969e-02
-7.046321872053953328e-01
-5.757867111693580897e-01
1.793647699142057461e-01
2.387109848280290214e-02
-4.970093774634919415e-01
4.699757566095430494e-02
3.415187566193052526e-01
-2.642659522468599476e-01
-8.459444639223484552e-02
-5.862072492969004900e-01
-4.547904863910967044e-01
-4.479586774521810977e-01
-1.446542017792983303e-01
-7.087573960147981467e-01
1.864763443933084297e-01
2.070269048037297888e-01
-7.868838737300672126e-02
-2.478885661346784397e-01
2.158085082312552194e-01
7.587825651808286498e-01
9.481241346620997712e-01
8.680788786613961028e-01
-1.913993718514088796e-02
-4.975833329298747776e-01
-5.329253359189456418e-01
5.249556984648106051e-01
2.228466019921466568e-04
-6.747695398786317245e-02
1.020295199070659214e-01
4.868521340022368138e-01
-1.414824724101751696e-01
-3.220137597143143959e-01
-5.380910954268921520e-01
-5.002003290740042463e-01
-6.524221132593368555e-01
-2.142228321118563594e-01
-5.011100187618695578e-01
9.168784348649039462e-03
-1.532937452206416529e-01
-1.515094420581789524e-02
4.396543949557754627e-01
7.044538706482550428e-01
7.846985755659983131e-01
7.296063779262649263e-01
-3.479483203030595982e-05
-5.157722732342694405e-01
-5.675834750894331870e-01
4.783189824591032591e-01
-2.054457056562038197e-02
7.873706395318808005e-02
-2.828682782599532541e-01
-3.455696165121789343e-01
-7.788466483767971793e-01
-5.244649093543336527e-01
-1.849720754850378568e-01
9.604707947721271566e-01
-5.158543529524185489e-01
2.181924676087872439e-01
4.423336468534115606e-02
-1.714375013398570513e-01
-1.016369954967221156e-01
6.647866424070683067e-01
6.613072076828674373e-01
-5.204910123332576882e-02
-6.355442058852830423e-01
-5.801774194772422177e-01
4.914796152940218987e-01
2.925585444359679599e-02
-2.050146144837618201e-02
-7.030764624740615254e-02
1.270895379156666664e-02
-1.465805743048327336e-01
-1.440748398858120449e-01
-8.368463258488149092e-01
-6.190109247537395332e-01
-5.026656188206253262e-01
-3.585483857641568600e-02
-5.931810649408357783e-01
2.069197978485582123e-01
3.865390358092182232e-01
8.193524514344281348e-03
-2.718156419578318661e-01
8.689776689394549392e-01
6.681866175577300115e-01
-7.102745951834457672e-02
-6.153512469703157350e-01
-6.132751004830991892e-01
3.720118565779370612e-01
5.726950643515183598e-02
-2.744103231307777960e-02
4.217227353420502541e-03
-3.359099354763038225e-01
-1.161226684552364719e-01
-5.870512469892523733e-01
-5.361210130400373419e-01
-5.670578748154226911e-01
-4.805100094481041251e-01
-7.263811297323894411e-01
3.079720807102829805e-01
-1.040399372237281322e-01
-6.801547138285182759e-02
-2.674830635978756033e-01
8.162877703298097032e-01
8.517980750033503634e-01
6.936291301609192050e-01
-8.640222540369835169e-03
-5.309795757308800601e-01
-6.442443732511264898e-01
-4.421706791100286082e-01
-3.091375378718094064e-02
-9.873428452767464281e-01
1.781209375893804125e-01
-2.132485626933590395e-01
-2.988392789007676686e-01
-7.466639056624315707e-01
-4.253735294038745729e-01
-5.590889842359667572e-01
-2.659862524996016719e-01
-6.941222420537627169e-01
2.533276913330288482e-01
1.990522755447369785e-01
2.983711928937605173e-01
-1.491690284346772477e-01
7.407483254773545855e-01
9.797708210264883810e-01
5.320424384196664747e-01
-2.546522445206544916e-02
-4.001858123285964575e-01
-6.961716048680490765e-01
-3.922951517790122800e-02
5.567780359877732010e-01
-7.227266174982688307e-01
1.911339585799597951e-01
-1.467450816786366741e-01
-2.552938109942564648e-01
-6.785206519886481935e-01
-5.028666582456146061e-01
-6.686910232890198591e-01
8.120765762843921987e-02
9.647501730926248964e-01
-6.829466042398980585e-01
3.720300923847630337e-02
-2.675914419635689323e-01
1.231209858229480592e-01
-1.612637001415451743e-01
-2.390800067324891365e-02
8.307150872609236902e-01
9.080422993687405908e-01
5.263816854116879496e-01
-1.122596218095741998e-02
-4.040925174902249006e-01
-6.307784764457117221e-01
2.199555297110641072e-01
1.262050070818210024e-01
-3.881025200319976887e-01
5.679637178632684219e-02
-3.241069589116440386e-01
-3.768488208952440466e-02
-4.619968359640586053e-01
-5.306007140070337913e-01
-4.628969626938312931e-01
6.086483643659096332e-02
9.365099526674884878e-01
-7.788927214575251945e-01
3.022367810935993604e-01
-2.082834191386697398e-01
-1.254297608622825799e-01
2.503736972076703315e-01
7.911618426020891048e-01
-9.228079572439625358e-03
-1.835707996239665518e-01
-4.911076823815092585e-01
3.924801301016083155e-01
1.997984198369730235e-02
-8.975913625576971422e-02
-2.120058333621092084e-01
-9.215257767915715492e-01
-5.647198856497206432e-01
-8.213244073784815580e-01
-1.350847815591483814e-01
-3.739631582328569182e-01
-3.070063880838883041e-01
1.315652511222288046e-01
-1.107851627359841828e-01
-2.943148972121681708e-02
8.769645658506852737e-01
7.885324695141222584e-01
6.026538542794260822e-01
-6.926521366335644525e-02
-6.346081086409184335e-01
-6.753468029021297836e-01
3.660048697221374714e-01
-4.718635968134935466e-01
-3.291389876536224973e-02
3.505171628775944903e-01
-3.554717543376448852e-01
-1.614519954903502197e-01
-6.814195138530600993e-01
-6.669893413834637741e-01
-5.073976823306152184e-01
-5.799318375658952807e-01
-5.603504675689290337e-01
1.334325333229802180e-01
8.118820297014267551e-02
-1.072359310325907145e-01
2.857531354555252132e-02
7.316230556424769826e-01
7.115424863929624699e-01
4.220532500528643288e-02
-3.565512092991117710e-01
-4.965875186518547424e-01
3.285652472683511793e-01
-4.096496580341664751e-01
-2.030247547785291300e-03
-3.155253150215749924e-01
-3.182448387953275559e-01
-6.638482512849218642e-01
-5.909187328662490746e-01
-6.434691206371239147e-01
-2.134710135728478397e-01
8.977657456883624265e-01
-4.527296384542799368e-01
9.563278292121521473e-02
-3.198979162476787708e-01
1.463627397504247418e-01
-2.270746224434779525e-01
1.752849966149155891e-01
7.444192163362377546e-01
6.003034250383572079e-01
6.597385254139954691e-01
6.637700584999463305e-02
-4.879728415835100086e-01
-6.012632866945453181e-01
4.723660561788220469e-01
9.933109683801277789e-02
-3.354419196442991469e-01
5.538886322124726008e-02
3.364996591708337426e-01
-1.622768439364368764e-01
-2.635760390755447213e-01
-8.416196934389509332e-01
-6.416421281650648289e-01
-5.318827537532583305e-01
-6.850037398980975134e-02
-4.552745945629559365e-01
2.281265774774738631e-01
-1.483527644952862545e-01
-2.722896397188287465e-01
-1.826306529091522302e-01
7.273506633134158017e-01
6.543015763508470695e-01
3.021456486019782894e-02
-4.343999333033132793e-01
-5.579516123942670491e-01
2.466936117750762880e-01
3.920613593217480708e-01
-3.958730329493255207e-01
-7.401789792848557925e-02
-2.825581023989159890e-01
-1.564310597252364377e-01
-9.188528220480443043e-01
-6.134873374936631318e-01
-7.577031313750177688e-01
-9.187941112653891240e-02
-6.272669600501922238e-01
2.579440079898446814e-01
-1.749840363092715623e-01
-1.460937743107730002e-01
-1.906350870955873522e-01
8.671285650346421958e-01
7.142258187649412893e-01
-1.360099706717676771e-01
-4.405649199648575820e-01
-5.869793663674619522e-01
5.607516085816561802e-01
5.803046131654891054e-02
5.719318950459424400e-01
8.410430210368331772e-02
3.498044427646525567e-01
-2.359258474105832282e-01
-2.145534252351093685e-01
-5.286721054798093622e-01
-5.957221399072680779e-01
-6.913812426539367451e-01
-3.335188558502469869e-01
7.947243605590901261e-01
8.091841510386359182e-02
2.547220080783248464e-01
-1.381239124339157798e-02
-2.297753404367386745e-02
-4.171730216968236316e-02
8.182555614112041464e-01
7.671411385370936475e-01
5.925341907394481300e-01
4.788473142323309076e-03
-7.453949666526294981e-01
-6.089197485528906606e-01
2.844222065369788610e-01
3.205479601750643726e-02
4.883252553690355935e-01
-2.293256574446942975e-01
-1.757053987235204437e-02
-2.570361084445959565e-01
-1.499479821738056995e-01
-7.486655569286631007e-01
-6.664171509399554605e-01
-5.422333189634382933e-01
-5.489787060764040882e-01
9.722736111686871574e-01
-5.329079068677207154e-01
-2.282057357477575849e-02
1.936289436431682387e-01
-2.691617055715843643e-01
7.844424249957057116e-01
7.304386113602789887e-01
-3.878323671759032615e-02
-3.896685986191230633e-01
-6.115411596722664100e-01
3.064326089267855879e-01
-3.133397649002976904e-01
1.414940895190860406e-03
3.522184036327821732e-01
-2.804904505393265302e-01
-1.084294293790362962e-01
-9.575446148119275414e-01
-4.715937496851689281e-01
-5.843291522351525824e-01
-2.686701632095244152e-01
9.928220045013255168e-01
-4.773157262048111638e-01
3.780798697771032280e-01
-5.691577409092443696e-02
1.469371755557625225e-01
-1.115177919166454035e-01
-1.340371803336227741e-01
5.848151810787162175e-01
5.966115502557531869e-01
4.139747062510786002e-02
-5.690759299415084627e-01
-5.944878936711307515e-01
2.372925265528864347e-01
-3.174282942084557385e-02
-1.097147416121344449e-01
1.065527220856697793e-01
4.883860067791083170e-01
-1.206391443094973065e-01
-1.072665962257009914e-01
-8.464148999892298075e-01
-5.150193017428683628e-01
-7.193427328171309032e-01
-3.283373622727785157e-02
-5.258736634199203674e-01
2.747253833015922408e-01
2.036979454305576365e-01
1.019002460090558948e-01
-1.512514080235070335e-01
-4.401733189791259826e-02
4.179158055157902209e-03
7.243923651121941809e-01
6.244656866446927079e-01
-2.590447593147474081e-02
-7.229393619513562186e-01
-6.139790982103512373e-01
3.433416932955331569e-01
-5.591472021461673519e-02
-1.483983216050067666e-01
2.237145981816998086e-01
2.033235753794520873e-01
-3.677678375674955924e-01
-1.753704918636330157e-01
-5.500648235536715891e-01
-4.712741451754896560e-01
-6.920505174615994015e-01
-5.443331098207098567e-02
-6.793146405758628825e-01
2.162743096430985723e-01
1.836285734814474546e-01
-1.911443866446505824e-01
8.641283172661207157e-01
8.459516583999718842e-01
5.639358250000107153e-01
-7.672299312101164837e-02
-4.281824339254025058e-01
-6.661697928480907471e-01
3.756441073077810833e-01
3.462308588621259009e-01
-2.960728679168670441e-01
7.029658005638682317e-02
-8.452347746870843281e-02
-1.585200677799826485e-01
-8.446880057894465832e-01
-5.417983877722858388e-01
-6.002010345741969344e-01
1.000814943000237905e-01
-2.315401285176087454e-01
-1.208365679405391940e-01
-9.110642659598340576e-02
-2.267239808194667361e-01
6.668754836220310844e-01
5.399443338858932462e-01
2.427020034904327911e-02
-9.876870299722370072e-01
-6.159040626315955835e-01
2.663129269790668330e-01
1.007200821187804185e-01
5.433606775035090264e-01
-4.088781777384891680e-01
4.714350289938097627e-02
-2.841723052283235407e-01
-3.635682964752792734e-02
-8.183665909876840505e-01
-4.906580233357446530e-01
-6.537444860621632881e-01
-5.078537076556058349e-02
-7.350765852223227481e-02
1.848673767831442993e-01
-2.602630643233984076e-01
-1.499824746571115919e-01
-1.282066481612490760e-01
9.191686665707137216e-01
9.491784021613386413e-01
6.264712201850312079e-01
-2.660213684196998662e-01
-7.142530045404189565e-01
-6.866988714457720189e-01
4.282854126394091132e-01
5.158022173953772382e-01
-8.629312107678902555e-01
1.997334687220398211e-02
5.509707673069611511e-01
-3.476612351519948740e-01
-1.770375111754954600e-01
-4.733207067498192977e-01
-5.244424807252490162e-01
-6.506679276956364166e-01
-1.240354954395673226e-01
-2.013354735919711536e-01
2.334839777437021091e-01
-1.233960663044951084e-01
-2.032501347254815349e-01
8.558524462981136338e-01
7.949338198369905184e-01
8.307325770579479518e-02
-5.604309428412924676e-01
-5.831637346691823653e-01
4.234384846904973854e-01
-4.593653628059807953e-02
3.630193162042723021e-01
-5.837803883781888387e-02
1.322189500855656397e-01
2.396625327154793816e-01
-3.702360156056432872e-01
-2.489196692172164216e-01
-8.519440481749624983e-01
-7.301764570854296643e-01
-8.037883208188786321e-01
-1.802124994827424553e-01
9.798036683502522326e-01
-6.792460269113723692e-01
6.617694201955884314e-02
-2.505116739069737641e-01
7.070122123117474067e-02
-1.937876457647472184e-01
8.466730202696749474e-01
8.816651089369135219e-01
5.093014044775677762e-01
-3.531810416936587149e-02
-4.370514591908523094e-01
-6.512899162716722090e-01
5.353300987935346589e-01
-7.606293733595115292e-02
3.080024137926172245e-01
-1.573076690637916497e-01
-4.120130673727124410e-02
-6.079828845161591167e-01
-5.596743470120129071e-01
-6.318172803440393892e-01
-4.055549795063835838e-01
7.959951776350269181e-01
-5.758379020854523800e-01
-4.779427012443265149e-02
2.401729924910578906e-01
-1.561811106785360170e-01
8.566662270661123957e-01
5.107723755784538966e-01
7.286255389500412294e-02
-5.653786935812968872e-01
-6.154725298899224040e-01
4.145171436674563448e-01
2.877427125717611084e-02
-1.576033228804751274e-01
-7.197126592693343927e-02
-4.952550676797053825e-02
-2.419663986170380865e-01
-8.896467434424606413e-01
-5.248943812448749746e-01
-5.558164899339196330e-01
2.347719643851335913e-01
-5.519605385117630769e-01
3.461823495784168703e-01
1.871844813318307155e-01
-9.307986957027987451e-02
-1.847320262471386088e-01
-1.025926002205593268e-01
9.094303980357941741e-01
7.627622889856591204e-01
6.073059067469382954e-01
2.974328810774435478e-02
-5.133236945744282798e-01
-5.407337186928415917e-01
4.879470876210441621e-01
-4.194533617124300284e-01
7.841539470902889053e-02
-1.005728031412259499e-01
-2.980319506926227824e-01
-5.850179242683167802e-01
-7.054876499334049589e-01
-5.481207759077484365e-01
3.334042416687350852e-02
-3.261486631697351202e-01
2.969547585027770831e-01
-1.750756559609444873e-01
-1.370606572747094798e-01
3.319952225041192251e-02
8.055032081172877056e-01
5.095114550952498655e-01
7.929746018407611563e-02
-5.880591431356497756e-01
-5.206364955612862166e-01
2.522240830317289406e-01
6.362856138751669943e-02
-5.915992128077166012e-02
5.691496805544386806e-02
-1.837578094593785294e-01
-1.637267335919227185e-01
-7.244371854821611834e-01
-6.829567438690123948e-01
-4.647543916911279771e-01
-2.465237950698699609e-02
9.783850492914787367e-01
-5.210301267322023921e-01
1.768299954872833701e-01
1.037084146109602673e-01
-1.616955835643617279e-01
7.799711433631674462e-02
8.378338297053714578e-01
7.190691653312974996e-01
1.899477150826126004e-02
-2.464588986047643593e-01
-6.422469032558801860e-01
4.882046075088992687e-01
5.529534241676697937e-01
-7.024166480861367134e-02
6.511296010047348815e-02
-1.132291070668187821e-01
-2.772964652483664860e-01
-4.742785886097883319e-01
-6.716240043211629818e-01
-7.091230270456347906e-01
-3.057923572440468529e-01
-6.986552225854461007e-01
1.906835046121743704e-01
-2.862978843192506839e-01
1.028302317709648001e-01
-4.478102258121145762e-02
9.059868714993999372e-01
7.018416921914135687e-01
6.934043891308225849e-01
5.514268854143628343e-03
-4.158893887040055470e-01
-5.332640337020249088e-01
2.449655179246703063e-01
-1.524476337308758034e-01
-3.527473015401747652e-02
1.213990422951658765e-01
-4.290847419432657905e-01
-2.151405746013809184e-01
-6.210188934046834142e-01
-4.523290530990000113e-01
-7.770177442449823779e-01
-4.169988600536675971e-01
9.733169765249167771e-01
-4.890073914939025990e-01
9.990431876135534572e-02
-1.026457342237743486e-01
6.494978929414689794e-01
6.135920725073471527e-01
1.308397266623479993e-01
-5.312439856994639609e-01
-5.302790874247631514e-01
3.790051283130211335e-01
3.673103341920665871e-02
3.835009181825295155e-01
-5.373233649981451476e-01
3.025969441091492032e-02
-3.285482287746018248e-01
-6.000260492047997107e-02
-4.589187273957466839e-01
-6.262601661476066006e-01
-5.263804539220768852e-01
-1.659720560502771225e-01
7.898771551001594338e-01
-7.338341440444207109e-01
3.686140654841757458e-01
2.612545708461906924e-01
-9.061812080325537533e-02
-9.676173522697806284e-02
-8.668196256361140883e-02
8.678230689361543515e-01
6.264513070516254389e-01
2.368067403435820950e-03
-6.215260019654461621e-01
-6.660552243559194618e-01
4.841261457316329286e-01
-2.778455076014719194e-01
-3.797962626602194389e-03
5.637821741724091673e-01
-3.566037004245050657e-01
9.352764173725393315e-02
6.470753948074713380e-01
-3.091067886055874903e-01
-2.744091920173019616e-01
-4.171794819224503015e-01
-5.023166927367028745e-01
-7.138470160737125925e-01
-2.038065875153994844e-01
-5.458256390533128277e-01
8.041817198693169966e-02
2.182651157794931185e-01
-4.130902227408249361e-02
6.099357304450667705e-01
8.647333551915336036e-01
6.157474411953970383e-01
1.434079323219105036e-02
-4.934006972470604824e-01
-5.349838048096333676e-01
3.540956234995628615e-01
5.076355531115427366e-01
1.238125834532254332e-01
5.724865798232806613e-01
-3.124522363796758961e-01
-3.724979926547793974e-01
-4.150820436065961738e-01
-3.991737689359959873e-01
-7.957208237206514490e-01
-1.391965772837836512e-01
9.528974097559687051e-01
-7.586076289878884715e-01
2.923607412452830512e-01
-9.416744539009853573e-03
-1.077222465625825437e-01
-3.446574746287400237e-01
6.794369771135717606e-01
8.984950508043989537e-01
5.495885542427622061e-01
-8.291946586475258674e-02
-3.693844257831756517e-01
-6.421676908239140058e-01
3.200898010844716035e-01
-4.868566621311848919e-01
1.004872721318201545e-01
3.973823491819748477e-01
-2.967348752900517139e-01
-1.039717944830707702e-01
-7.172693295701619842e-01
-4.311646633529486738e-01
-4.528117846263456925e-01
-2.439142824994567083e-01
-6.590080601736458821e-01
3.505060450281001216e-01
-4.505054500329723488e-03
-1.991681689801478028e-01
-1.432202028305243624e-01
7.862353184976907938e-01
5.496718819125310240e-01
4.065756305539478498e-03
-2.949552401911427757e-01
-5.468765088295851617e-01
4.400241127523835116e-01
-3.428185807476210462e-02
-6.020181676908206020e-02
1.268998416034124166e-01
-2.469010569870094540e-01
-8.804845179701700775e-02
-7.412396003589710736e-01
-7.310482099794249899e-01
-2.416398791580005312e-01
-7.744812917979160272e-02
9.766444232477876630e-01
-8.332435053369794398e-01
1.059436155738136542e-01
-1.778952241588323269e-01
-1.297519498597506926e-01
-1.897294652932804693e-01
1.550486263103013074e-01
9.149846475610248220e-01
5.737626665799844261e-01
-1.781735821177122744e-02
-4.936880080035441765e-01
-6.822611569073159243e-01
3.272020325111920092e-01
1.004357071672438290e-01
-4.213338596103136102e-01
2.792896749634054543e-01
2.227211225433599617e-01
-6.634751468980376599e-02
-7.736257816168648493e-02
-5.240117112415880740e-01
-5.249609818214988621e-01
-4.908464877570294371e-01
2.855431938284004878e-01
-4.695838680029092438e-01
4.387681540231820332e-01
1.167420306444336975e-01
-2.430951951896948293e-01
9.967900555633847637e-02
-3.227312548995867059e-02
2.008477083642215832e-01
8.274171220522377190e-01
7.103397358216652080e-01
1.511301112650616750e-02
-5.081600988699961352e-01
-5.937426424876941500e-01
4.954630921889300321e-01
-2.133312098482668950e-02
-1.486882839379780330e-01
5.553065115308948585e-02
1.182775470355385411e-01
-3.475901272993571212e-01
2.358966046388109306e-01
-2.680389544612578057e-01
-4.513330743438829784e-01
-6.666712139121471203e-01
-5.220574766617521734e-01
9.639132842889851505e-01
-2.782849783973355140e-01
1.078135313201192824e-01
2.026639016162892493e-01
1.432558672903064267e-01
9.727967522640790232e-01
9.059430480845693801e-01
-9.052228253488002474e-02
-5.402619337357258411e-01
-6.036022989727155563e-01
4.685663765841060480e-01
-7.519210469127175778e-02
4.789622250258288583e-01
-2.520821900964683726e-01
2.123579726872739520e-03
3.982439867535211842e-01
-2.174271443348840815e-01
-1.945871078278308408e-01
-6.977321655430653857e-01
-5.199118821442832994e-01
-8.038226966663508666e-01
-1.463207246764771652e-01
-6.915984299222459608e-01
3.856548507390573644e-01
1.101039970252247202e-01
-4.729160617501648040e-02
8.007385873544344834e-01
6.168757283022562321e-01
-1.393138004205493261e-02
-6.750699917470206479e-01
-7.312307286662755867e-01
3.420804900426417383e-01
5.499304058911745896e-01
-2.220241089634181764e-01
2.493033483682392110e-02
3.199310889449359374e-01
-5.498755087187128660e-02
4.834863302098728853e-03
-7.049041577471937270e-01
-5.454173802885552425e-01
-4.533950021591741653e-01
-2.373107013763200712e-01
9.837157441095333299e-01
-6.322185021436169672e-01
2.242197227879490495e-01
-2.814727408763560423e-01
1.417212880761620497e-01
8.415433361251548616e-01
-6.437533989042749927e-02
-4.710852131933764286e-01
-6.214085982601681435e-01
-4.607657010062888858e-01
-7.663163092151870082e-02
-1.976377906896951975e-01
1.416162106829280988e-03
2.262224541332376881e-01
-2.865598632029042747e-01
-2.606288798041647703e-01
-8.681461233067564454e-01
-7.153330029684397129e-01
-6.938262493773045270e-01
-1.631263719862983685e-01
-3.396242253413979117e-01
4.505698569830962619e-01
3.009954619544141230e-01
-1.662149545626216418e-01
-7.115109386339325825e-02
8.274371365582509075e-01
3.392029783706608237e-01
3.390145314739415050e-01
-2.366357235244706536e-02
-7.521968200472511912e-01
-6.744647229215261497e-01
2.650979748892969279e-01
-8.875982407965302134e-02
7.767966962534253450e-02
1.187970681818045077e-01
-2.334706503309045000e-01
-1.644210740334340615e-01
-7.470645760452958584e-01
-5.194179232098204979e-01
-6.106713753513117737e-01
-1.314728226526698796e-01
-4.101786092147771678e-01
2.495656842293440814e-01
-1.306607367069866910e-01
-7.746844804664201889e-02
-1.297989914277009604e-01
1.101246530269166385e-01
8.324617287480775563e-01
8.851836400141945838e-01
6.701880491241380966e-01
2.692527730896424054e-02
-4.704604837193758771e-01
-6.391675964102471186e-01
3.089002083408116661e-01
-3.047147256386436090e-02
1.809013755016456448e-01
-1.912654111074384711e-01
-4.327802485365192520e-01
-4.152370522482077275e-01
-3.548591985163870866e-01
-5.290720573204490407e-01
5.673492493440338708e-02
-3.045994968884097043e-01
8.297232758046775569e-02
-1.891997287138942607e-01
-1.315065180784815435e-01
6.199686562950747215e-02
7.614733025623449114e-01
7.420868161577268696e-01
5.671017710380582555e-01
-3.168574528100189663e-02
-6.814015375814563846e-01
-6.809344300906309266e-01
4.768088969131892840e-01
4.032197563970775500e-02
5.680973097947199513e-01
-9.118992247392128103e-01
5.589665592897436613e-03
2.884588533726349935e-01
-1.846686902843396871e-01
-2.907116589618838898e-01
-8.376307600078271021e-01
-5.458817523925647563e-01
-5.371776289137848437e-01
-1.131139494241681503e-01
-5.635585804877011329e-01
7.027980738061655186e-02
-2.312798814902712261e-02
-1.652469327810869304e-01
1.158195434343917418e-01
1.130777201642401419e-01
8.529293247311542370e-01
5.805246976224330835e-01
5.461452028764549604e-01
5.453395525760154627e-02
-3.591514140825688428e-01
-6.615507841433769798e-01
4.311491243850338884e-01
3.636110547561756043e-03
3.396923017183620108e-02
-2.801040707113650052e-01
-1.623823937454455524e-01
-7.683351394874089468e-01
-5.550028922571303980e-01
-4.894070069242129617e-01
4.115644819975255997e-02
-4.933870613824948848e-01
1.718964650190639154e-01
-1.695348922989360907e-01
-1.246199498328952465e-01
-2.460442431838509858e-01
1.087702091588606534e-01
9.141279937497277519e-01
4.353203321832528894e-01
6.415869019361654102e-01
9.317866920422768554e-03
-6.019140299887822954e-01
-6.154520320810997758e-01
3.850185187677626075e-01
1.313044562920094756e-02
-3.021358625028016109e-01
1.573475227678712562e-01
5.669236684732907872e-01
-2.928400981058590924e-01
-3.584008241242548909e-01
-7.804255531777496424e-01
-4.829257438969448146e-01
-7.525076504111889442e-01
-3.911023639053999856e-01
9.838954387025962145e-01
-7.191832051030101480e-01
2.699709311192188266e-01
-5.852761206132450246e-03
-1.117328287542775633e-01
-3.030886385774163912e-03
8.461961843110047399e-01
5.805910603174819773e-01
-2.593816807386853385e-02
-3.825955861528534396e-01
-6.440315608157061167e-01
3.820371774450043167e-01
-9.799703139391293533e-03
-2.742752528618881969e-01
5.456509165675995504e-02
4.318003078773771652e-01
-1.078533574621475671e-01
-2.436520799836810469e-01
-8.308464405284941012e-01
-6.287254014643941513e-01
-8.004854614819817415e-01
2.544832452409813150e-01
9.484123087012672482e-01
-4.756234219139477970e-01
2.673247594099735225e-01
-2.317155383506629973e-01
1.220583457400458982e-01
1.717167447267871627e-01
7.427842751372484287e-01
8.359191902575768829e-01
5.765497391387800485e-01
-3.201041094884266025e-02
-5.305183400843592745e-01
-5.955054020830438111e-01
3.640425538455583920e-01
1.841059630743285547e-01
-7.545193724908618726e-01
7.349072054025211284e-03
-2.747725806522054448e-01
3.973436680274177180e-01
-7.408870617199219133e-01
-6.869661393495364310e-01
-4.384904501423709244e-01
-3.127912074372098949e-01
-6.863765784060579245e-01
2.697851759675441996e-01
2.145453650582218874e-01
-1.219977566215783987e-01
-2.114304721978952639e-01
-2.231945165335721959e-01
9.442614514874283493e-01
5.742880892157091743e-01
1.573620864557500124e-02
-5.057388610339154100e-01
-5.885218371852491970e-01
3.805747215077513457e-01
-1.756408698225182634e-03
-1.617157114920322047e-01
-3.925430633792886259e-01
4.480639933474379055e-01
-6.970019614120865903e-01
-5.184912458569771454e-01
-5.786887542880579938e-01
-1.086783062357004753e-01
-5.207257282906198048e-01
2.163524263397249847e-01
-8.730613879304600922e-02
-2.025272814567246893e-01
9.096608974159177130e-01
6.690717447405051255e-01
6.032037661303809445e-02
-6.088194644358246865e-01
-6.707527536482408292e-01
-4.607112067588895465e-01
-2.158205818788805908e-01
4.178907992084131794e-03
-3.069394379527590200e-01
3.787669337469346531e-01
-7.157486836369240102e-01
-5.407083673648362954e-01
-8.247408340703852314e-01
-4.532539144214698529e-02
-5.462706263366364778e-01
2.961731795687819191e-01
8.601132846890895134e-02
-1.700224108776993981e-01
9.804679017573094679e-01
5.803907501961722559e-01
3.112602351420345678e-02
-3.356286506257085134e-01
-6.221513102271486462e-01
3.380147461078909510e-01
-3.567152021594492683e-02
-3.087548712403705431e-01
4.942288170091933136e-02
-3.028640859137315955e-01
2.689845572999822187e-01
-4.569778566524740904e-01
-4.816402620003248924e-01
-3.638290173177389231e-01
-5.225100915573652194e-02
-5.328267338016022814e-01
3.841389552764392645e-01
-1.377871880801640747e-01
-1.756580509181038807e-01
1.866857970949246659e-01
9.482606388448932000e-01
9.800706289701889284e-01
6.749578177468562590e-01
-4.786447584598079591e-02
-6.120919571936082049e-01
-5.750039693637187810e-01
4.166031578202101793e-01
-9.626114892604707707e-02
7.357881846391302327e-02
-1.563851432925629226e-01
3.350324560038202004e-01
-5.404146823811775135e-01
-5.027872314726814507e-01
-6.210665540438082416e-02
-7.355668467544353994e-01
4.020317966507283014e-01
2.360666560337702780e-01
-1.393103140083150615e-01
2.419239294134923890e-01
9.237127189007803274e-01
6.018957728271276952e-01
-2.166120660569625239e-02
-4.460612638174915046e-01
-5.800217342845074286e-01
3.843766705597964073e-01
1.204907885184912097e-01
-2.415113366355844116e-01
1.897523384820716252e-01
-2.633506695052280633e-01
2.469610577140547991e-01
-6.559160139041280146e-01
-6.131120151694742226e-01
-7.514125468097712091e-01
-1.674525832734317377e-01
-3.134247490874300102e-01
3.313597578171100233e-01
1.355778541768171142e-01
-1.652269536489080481e-01
4.664542187757331759e-01
9.905908096201707647e-01
9.697344941930997608e-01
5.817772259955243941e-01
2.162707074503212798e-02
-5.046122832929941238e-01
-5.299476300152676789e-01
4.265126023598185823e-01
5.547564093746004676e-01
-6.331632129006176113e-01
2.858603377759380906e-02
-2.038973180936948792e-01
3.657066965773611567e-01
-6.311645009962461028e-01
-6.222993944650767606e-01
-6.528811758375251406e-01
-1.219713701949394491e-01
-3.429124754386143059e-01
1.310892631535947456e-02
-1.449050598100980747e-01
-1.257471021816175538e-01
-1.941083637433718700e-01
9.978776588583043380e-03
6.501532604690297701e-01
6.384298741083068718e-01
5.406791286179347261e-02
-4.855483959399676808e-01
-4.849457549747596685e-01
-6.793845861508405193e-01
7.597003864259038730e-02
-2.033331306006100070e-01
-3.256474406539746069e-01
-7.539750289556800267e-01
-6.515575199454674005e-01
-7.229224253489955343e-01
3.823372519998276264e-02
-6.936314935307060781e-01
1.428757906682879553e-01
2.256809791683551947e-01
-2.182780513632812391e-01
-1.894068011903158044e-01
8.320690281980153147e-02
7.046139780232884009e-01
8.509824823327773180e-02
-4.488076089705810290e-01
-6.241066210812362680e-01
4.249652007237214035e-01
4.938171943644906747e-01
1.090992292397684055e-01
1.009198011000702732e-03
1.070194769803794327e-01
1.891983501283808489e-01
-7.466093593545251039e-01
-5.975184360552665552e-01
-4.598088798601683846e-01
-4.031459120664837581e-02
-7.604167093893213769e-01
-3.778962078750630615e-01
3.936026209399260956e-01
6.225261573116297464e-02
-1.807942256655924174e-01
-1.784437418007764342e-01
5.552820889451431929e-01
5.485869686732629258e-02
-4.591890371164220053e-01
-6.553700040087784284e-01
2.804873961049598186e-01
-2.304961115850929707e-02
4.152140234878006764e-01
-5.449311175010566194e-02
1.061207478721910846e-01
1.789039330488405022e-01
-2.037386951744261931e-01
4.542833917935990701e-02
-7.765868346820055113e-01
-3.052488192609006390e-01
-6.868230680992680748e-01
-3.742102419645326750e-01
-4.008521742860028936e-01
2.086008183290739559e-01
-2.167560434040154693e-01
2.544105147208134965e-01
-2.111045096802195153e-01
5.302817875118694124e-02
6.114854594062510973e-01
-1.340875214237766469e-02
-4.988388428485455162e-01
-6.783381428382526668e-01
1.717844531989601020e-01
1.217947748811677028e-01
-1.391815736733129638e-01
-5.816174081698703702e-03
-1.038730487988613338e-01
-2.305770079095580960e-01
1.885696733706510378e-02
-6.434167150293904625e-01
-5.601859850025051601e-01
-3.414295587553625166e-01
-2.025108562265133250e-01
-9.674249080227355080e-01
-8.083984021290075983e-01
-1.098354986972588550e-02
2.370238083686368458e-01
-1.886264863955841031e-01
2.118979532297938229e-01
-1.255007223222937840e-01
2.129275873026680865e-01
9.331917774659661546e-01
8.325487795477878317e-01
6.728477358775397654e-01
1.010586851717616697e-01
-5.026236008251784293e-01
-5.440444183011466928e-01
4.314894125540116310e-01
-2.395421878731486889e-03
5.237365959754961553e-01
-3.460042901555541311e-02
1.566952820052024131e-01
1.254672133934892908e-01
-1.060680827001463516e-01
-6.419415153529430852e-03
-5.800899645888053513e-01
-6.351457855157008892e-01
-5.481765986272941760e-01
-9.689958731072977061e-02
-9.721749164724402537e-01
-4.628905586402483063e-01
7.675495373892111672e-01
1.441177870841411912e-01
-1.268301634373877607e-01
1.164991643781343594e-01
7.858939696769049466e-01
6.454473254715284991e-01
-2.220611035862712912e-02
-5.119174287235056520e-01
-5.901365921621298805e-01
3.206343415209422232e-01
6.809757433480070343e-01
-1.980219472297062022e-01
-5.375390919531097128e-02
-4.338055501924278218e-02
7.039167206862898540e-01
-7.686921981623697775e-01
-6.027800344779870034e-01
-7.228585075334093002e-01
-9.714023246058396677e-02
-9.639743275851009319e-01
-4.774691649778439739e-01
1.549110185172571097e-01
-2.133894166696445327e-01
1.423921058217039563e-02
-1.385925622345484387e-01
8.012905510127239783e-02
7.864627651678267606e-01
6.344852145486028494e-01
2.097730364440198413e-03
-3.062661998652048134e-01
-6.806652949322097301e-01
3.814141046596288276e-01
-2.550812601616211928e-01
-5.143945566532741320e-02
-6.602818658683594355e-02
5.687280614787664224e-01
-6.354181170319479488e-01
-4.982654061747837648e-01
-6.785292255464234756e-01
-1.250509626781835457e-02
-9.892918400586435679e-01
-5.528868442124769134e-01
1.303197268840191880e-01
1.953268436498920568e-01
-5.433889702890390416e-02
1.773765418322457293e-02
6.432271663780426696e-01
5.354320952464327599e-01
-9.025955610971085619e-02
-1.811946840344341447e-01
-6.112857388072784337e-01
2.976178612764939779e-01
-1.428016859188714349e-01
-2.727109731416609284e-01
3.488790001058243023e-02
-2.554647300619451444e-01
4.455632971860736813e-01
-8.516330713032281841e-01
-6.052614403170882840e-01
-4.360958787074524778e-01
8.584266683074021076e-02
-5.812285228442941598e-01
2.280039937846925491e-01
1.055920941157207638e-01
-2.322301508807854964e-01
-2.103318565837658805e-01
1.860089787379260728e-01
4.701453023783349616e-01
4.043832446537116709e-01
6.397110661371332441e-01
-8.634513751812931959e-02
-2.931013386378918395e-01
-6.274388332872720131e-01
4.924603955213941453e-01
1.285148115874887309e-01
6.020267223349321517e-01
-1.716436652391861162e-01
4.096579559260458969e-02
-2.687472867410927724e-01
-7.067637173842042375e-02
-6.259547519555904715e-01
-3.850672476227143814e-01
-6.012731368519710351e-01
1.866611768054309839e-01
-5.395516068912722396e-01
1.672647390599237283e-01
2.057755531506756941e-01
-2.555485059466948705e-01
-1.732289825532376260e-01
7.681719099521368277e-02
6.533562645223975895e-01
9.326608865883687649e-01
-2.508005066523962684e-02
-5.047332597850583413e-01
-6.572063873260370892e-01
3.692296586025302085e-01
-5.980125318760089702e-03
-3.240685437747627407e-01
1.320079590630855171e-01
9.477223106581951495e-03
1.447389614049980622e-01
3.439850486077319219e-02
-6.477692119916144131e-01
-6.025443834160149059e-01
-4.213342948647730291e-01
1.319247154726719551e-01
-6.818716002942259991e-01
3.149491252687333653e-01
1.176194633457806060e-01
-9.400667542494854645e-02
-5.958994582738003087e-02
7.873345882453385292e-01
8.379730134460585678e-01
5.474914408620836781e-01
4.649856517749281770e-02
-6.264048921863802910e-01
-5.215170384335088283e-01
2.509160880027275775e-01
-2.018521489677347139e-02
-5.612168589406124619e-01
-4.130947466562128606e-02
-1.779888707358004141e-01
9.273610119228574422e-02
-7.900599939638395242e-01
-6.643439789702952902e-01
-2.815548458692505029e-01
2.401361534382611962e-01
-6.536421183463224649e-01
3.086913797699371576e-01
8.582266992173323561e-02
-4.514636530409634613e-02
-3.875341783231043419e-02
7.088581196285765884e-01
4.740855136777248346e-01
-6.808255200773136173e-02
-5.407976658636753919e-01
-6.017479220314492228e-01
5.329460890142587726e-01
-3.108179660971449043e-01
2.566220965249074726e-02
-3.083170324551244290e-01
8.909517324479705735e-02
-8.516188282273826626e-01
-5.345243800111757482e-01
-5.917772271627285141e-01
-6.067853922206618150e-02
-8.136489094951392387e-01
8.091689973516592860e-02
-1.667779861743980130e-01
-1.845064764229761844e-01
-1.854157174418865836e-02
7.830051939124088589e-02
5.879410671212297324e-01
5.619837673035977810e-01
6.012011874710802006e-01
7.420552746101369279e-02
-4.757540612792006685e-01
-6.181329454430488646e-01
3.178509333511632673e-01
-4.809639531079981656e-01
-2.185274538038796052e-02
-3.879186551859104687e-02
-1.907451511741329597e-01
-6.406133736018515545e-02
-8.210561324054095333e-01
-6.094240466758158448e-01
-7.334307971884166388e-01
-2.289483240502030448e-01
9.154070704570375083e-01
-7.708375039657333616e-01
-1.310707830205547486e-01
-2.609767046923691658e-01
-3.727729405834254162e-02
-1.159917089570429022e-01
-1.548131953541495576e-01
5.006966327443375109e-01
5.183962547156167888e-01
6.307344155346385206e-02
-5.777784421714788898e-01
-6.810310276542568264e-01
4.743329604499837426e-01
6.015779364538508256e-01
9.152331489088427752e-02
-2.797407213917569857e-01
-1.809382592788195965e-01
-6.816930532961033018e-01
-5.327365883713021111e-01
-7.100365324979689419e-01
-2.944743630850918947e-01
9.193044165909443066e-01
-3.839787073620707369e-01
4.360817537477344463e-01
2.241290100181307643e-01
-1.601522029350257448e-01
-1.943428185557846133e-01
5.440915467256330906e-01
5.068130793496330444e-01
-7.802363579014789940e-02
-6.917368237451946289e-01
-6.599590986309086249e-01
4.285617109552384285e-01
-9.633150194162051760e-02
-1.909366025331128147e-01
4.810500632824463857e-02
-3.278067786511252302e-01
-3.316867539367385209e-01
-7.570307015669417439e-01
-6.897031799158364063e-01
-5.051163554589939153e-01
-5.163736856083105398e-01
-5.015348853339197666e-01
1.413611033196821853e-01
1.899686380844985423e-01
-1.453487920364347485e-01
-8.438003370604087172e-02
5.343114610398819186e-01
7.436722909462845088e-01
-1.430063803188237441e-02
-3.926086423536481185e-01
-5.744031240129756632e-01
3.543356669497224609e-01
-5.207525877484530108e-01
1.087368555339238707e-01
-2.746686844273631967e-01
-1.110788485125720343e-01
-9.136435220856201633e-01
-5.899259603853315159e-01
-2.929558076380983644e-01
3.729382808082182602e-03
-5.025867327229585069e-01
3.440038459145382532e-01
1.946526561404854916e-01
1.205835347462410473e-01
-7.534682076367071879e-02
-2.538351580407648828e-02
5.877276835763367568e-01
-1.369315176202807738e-01
-3.699034333837817878e-01
-6.597913855540070704e-01
2.904886422935214485e-01
3.469678079498747514e-02
-2.834868778634438424e-01
-5.992855372630482430e-02
-1.311489404025572292e-01
2.031718911645688241e-01
-6.471493533839705048e-01
-4.545602320802203944e-01
-5.600609126888049794e-01
-3.099143056266909224e-01
8.903086022419314238e-01
-5.187898375793492667e-01
4.248340610438338105e-01
2.505381233512520844e-01
8.380964728497147798e-02
-1.817841995695340107e-01
1.178888060296870849e-01
5.477949449778833912e-01
-9.014535971910857259e-02
-6.560309690597090349e-01
-7.073033381809833431e-01
3.135407834013341222e-01
-2.082072776113768342e-01
3.897129989114486021e-02
5.033711941518499017e-02
-5.403057856843096474e-01
-1.453296351031439226e-01
-7.145752823791285957e-01
-6.170375361503181999e-01
-8.584688531416559965e-01
-1.426605954175813873e-01
9.880040644053013077e-01
-5.359018221826566952e-01
3.142235824301994234e-04
1.860720835069585022e-01
-2.120912634464406088e-01
-8.127154807301051331e-02
-2.915036123177155731e-03
4.881259657525321982e-01
6.310041565253505791e-01
-6.365469890592079238e-02
-4.511776546395783183e-01
-6.830314917833896216e-01
4.013103191585994933e-01
5.671509822686235935e-01
-6.249613504112745410e-01
-8.390225488112035279e-02
-2.894961735077849485e-01
1.033417728326386023e-02
-9.003348362217973300e-01
-5.961057182443387781e-01
-2.402494545475563903e-01
-1.530381105359245875e-01
-2.366165503551234950e-01
2.784240460873012024e-01
6.640043223002799200e-02
-3.377200304802708830e-01
2.379280245389333581e-01
-1.147813248000951192e-01
6.480365053139632847e-01
7.943156709572216645e-01
-5.016981778077908571e-02
-5.667613163734583903e-01
-6.701313147817622440e-01
2.261728095526791271e-01
1.440661442488819222e-02
-4.793885266227954078e-01
7.574199878698327504e-02
-2.971643323813567550e-01
3.197314317898695578e-04
-5.870001572939337331e-01
-7.171788735447357510e-01
-6.980993052898265550e-01
-2.024974197756076455e-01
-8.009923447071556346e-01
1.212679224697667257e-01
1.165184484773615081e-01
-5.786340563443999330e-02
5.159414494209492164e-01
4.368701530571804381e-02
-3.649311592331805354e-01
-6.594033624226548485e-01
2.836072397954900737e-01
-1.689666944271774399e-02
-8.732345074380152075e-03
2.944674053553635873e-01
-1.637482676337745080e-01
-2.443259054298491662e-01
-5.073699380667407999e-01
-6.146555280837314728e-01
-7.133738911732078192e-01
-1.783304751540861210e-01
-5.656836687779058792e-01
2.226371083636145831e-01
2.870012208604553750e-01
-7.494057687749205998e-02
9.177024171178436163e-01
9.098398785810583034e-01
5.288327446583335201e-01
1.230019671100653772e-01
-6.922429036078209252e-01
-6.282226929030592100e-01
4.487716741793996156e-01
1.985779519297042189e-02
-9.937586777846296737e-01
-2.915105619394842487e-02
1.544199311350502313e-01
-2.008041581133140352e-01
-4.073047906573781796e-01
-6.093471085498423090e-01
-5.397526111142220140e-01
-8.857663166110386621e-01
6.790070930542267680e-02
-2.962875711458576311e-01
1.594044988465092849e-01
-1.441787132454984410e-01
-1.325840671459237174e-01
-1.382688625527216456e-02
6.203044723580889430e-01
8.039869769608232186e-02
-5.188744324241634231e-01
-6.031896012710700195e-01
3.968185657344445727e-01
-3.469433027982892770e-01
-3.427394132474598926e-02
-5.618991652222074529e-02
-2.536843607081840091e-01
-3.556808962159410115e-01
-8.013665400812561845e-01
-5.415634270138610651e-01
-8.591967539713644131e-01
-1.930096424185775150e-01
-7.551315594537612030e-01
3.933886257236793305e-01
-2.213130012332077956e-01
-1.388217578312224698e-01
6.180245524024476911e-01
7.914720192700806789e-02
-4.600286769165328749e-01
-4.698439231030618335e-01
5.019284173364453316e-01
1.393193928714704308e-02
-9.661449304319809084e-01
1.811889076695194500e-02
2.881671474613558548e-01
-3.191672275925885871e-01
-3.646525011506118186e-01
-7.799259184378626308e-01
-4.613474604764227771e-01
-7.331947786777439635e-01
-4.185978439605014811e-02
-4.932496540551036812e-01
2.301978443340378377e-01
-2.064889379095347643e-01
-2.212608360734842974e-02
7.983923349414115966e-01
9.334578247009271967e-01
6.703148053956575758e-01
-1.459961368911612267e-01
-5.487229110764526574e-01
-5.676913340318311407e-01
5.138979681542741318e-01
4.544333564730654307e-01
-3.281702225321595640e-02
3.789687887581812409e-01
-3.004978583695277483e-01
-3.763302860439197706e-01
-7.398005610051137104e-01
-5.883344872217847188e-01
-8.897862260579327831e-01
-1.445050122696582007e-01
9.693090787865656921e-01
-2.459702626151634430e-01
6.574510870281569108e-02
-6.936429017550946319e-02
1.352017113283636995e-01
-3.319378898807454625e-01
4.579085001281352901e-02
4.756321443496949741e-01
1.714712413149478143e-01
-4.718771558487149242e-01
-5.374078962187646136e-01
4.994734979615832460e-01
2.436484017482011544e-02
4.243190518161295555e-01
3.539417936909967921e-02
3.010439123569253472e-01
-1.587779496509953148e-01
-4.342389978367712788e-01
-8.482159091156800113e-01
-5.906913410295291378e-01
-7.622706830777592479e-01
-2.887050031117223692e-01
-7.264887967444123573e-01
1.593284795237744078e-01
-1.704677944463445227e-01
1.812379359929996991e-01
-1.243717912512063151e-01
7.287794923546826453e-01
-3.533926432842850879e-02
-4.162236021731228197e-01
-7.148807438355584409e-01
4.864724023181927204e-01
-1.419389193346398959e-01
2.375265876916563268e-01
-1.902072694136055508e-01
-3.128516089194876559e-01
-7.869960291914792627e-01
-5.888704075306726571e-01
-7.198197156530052876e-01
-7.184511788334450866e-03
9.641327028950492650e-01
-4.986426646251249095e-01
4.192220291714238156e-01
7.839130250326835359e-03
-2.314522204516497317e-01
6.039242628959435970e-03
6.900456772527794325e-01
5.491025350544688211e-01
6.568097107712502769e-01
-1.129698159571324891e-02
-3.611654552403861240e-01
-5.221068049188414273e-01
3.848982918067469505e-01
1.426679972324441069e-02
-7.143160700088051207e-02
-1.119177200177387255e-01
-1.212092457050889666e-01
-7.586330545032453632e-01
-4.688583786746443050e-01
-9.858904876613759916e-01
-2.897831789233702993e-01
-5.393591083391552354e-01
1.548467411807702976e-01
7.963988763798783566e-02
-2.507228720531577970e-01
6.492068786629552335e-01
6.616096345883893948e-01
-3.877503245190253023e-02
-5.020929976038893683e-01
-5.451008115793556374e-01
4.314660646368624897e-01
1.548595688653033042e-01
-3.155443888922209728e-01
-2.435365199250332235e-01
-8.215431715455132622e-01
-5.738123823553868963e-01
-8.552669644281044592e-01
-5.921812378327523385e-02
9.386949554633874371e-01
-5.595663406506290460e-01
1.951213077700510723e-01
1.574639827175119966e-01
-1.150853993592014790e-01
-1.000451094100842098e-01
-6.843381422091013300e-02
-1.587068610448631734e-02
7.160385466348748729e-01
5.481543370244498226e-01
1.113154770753764372e-01
-4.787197497345966890e-01
-5.873355397555753976e-01
2.080853534455264497e-01
4.020894126143913574e-03
9.211313536689938854e-04
-3.335127672106288355e-01
-1.361395211380400927e-01
-5.652207063612371130e-01
-6.574978628975503003e-01
-4.422715126469530800e-01
2.103236612189986476e-01
9.738576084033508939e-01
-5.965715234851858284e-01
2.931764303266568006e-01
-1.397133081341865035e-01
-2.779361569736495396e-01
-3.983479764165256259e-02
1.082994843819828357e-01
7.374222946283861546e-01
5.723118045549711042e-01
-4.414178476685545749e-02
-5.315987585659004422e-01
-6.792018057590514246e-01
3.928182437877035804e-01
5.678820036552090222e-01
-7.550020607526849448e-01
-7.163039269377777241e-02
3.899897897906912103e-01
-1.904148090303776908e-01
-3.401191679679347879e-01
-4.629238493994248249e-01
-5.012048879529908962e-01
-3.976989043734897034e-01
3.056217603097324820e-01
9.793839763534240017e-01
-6.229308215764578494e-01
5.732710084491658975e-01
9.953563654962134521e-02
-6.418328056392218206e-02
6.322299588673088167e-01
5.863872206347944260e-01
-6.345593804438202749e-03
-5.245944289714928876e-01
-6.253313744333957036e-01
2.181023099248433350e-01
3.701862872002920773e-02
-9.406101139056885496e-02
2.980189643557218382e-01
-2.328953949808438839e-01
-3.528985677653767583e-01
-7.422930033430146235e-01
-5.714769479864830748e-01
-5.023283782679437426e-01
-2.509032444501848036e-01
9.656163962483872432e-01
-6.788876280202674751e-01
2.225338543152512449e-01
1.975449456736239756e-02
4.183341340045319129e-02
-1.597457965250907996e-01
8.632404646803215620e-01
5.867333797840352805e-01
-2.882595402049436747e-02
-4.803468484137448091e-01
-4.759647285446174103e-01
1.341741325653940942e-01
5.089238110233117451e-01
-8.547568097715686486e-01
3.114495307485423692e-02
3.434054733418282490e-01
-1.964971235519397397e-01
-2.250990093629940680e-01
-9.814296093106040786e-01
-6.288269691127965633e-01
-3.485034778832157287e-01
-1.632847369267878823e-01
-6.847574112840550953e-01
4.518709234070969472e-01
3.772485369077006601e-01
-1.773529748535154771e-01
-2.477207902317931920e-01
7.826194194664286563e-01
6.551097767988568465e-01
5.810591324038582028e-01
-1.589022841766223049e-01
-7.069407567109382562e-01
-6.360228244064167757e-01
2.751623435509332194e-01
1.369366094734855883e-02
-4.389200711226157181e-01
1.408678490427771324e-01
4.032216400119041366e-01
-1.845391755169621950e-01
-1.678190440959913821e-01
-5.908023102852262287e-01
-6.995519658398243745e-01
-7.194837361224660777e-01
3.443956007101137834e-02
-8.029644055429639993e-01
2.096978146669010168e-01
-2.142166695803486287e-01
-1.290062752373854205e-01
7.289029547706418199e-01
7.202088719657426807e-01
-8.969822913362214545e-02
-7.267339653350846085e-01
-6.434020737557116787e-01
5.024018858480165939e-01
4.803186545490155668e-01
2.886819899032666559e-02
1.251899515617963810e-01
-5.208396343781965809e-01
-1.192769291490260036e-01
-7.371294475052956319e-01
-5.632227766914664757e-01
-7.312023688268771693e-01
-1.180620683831227757e-01
9.964000970188994222e-01
-4.941828753246729211e-01
1.118516058529084728e-01
2.403694635508767663e-01
-1.593842310288004216e-01
-1.098069836093765322e-01
9.812956596710976642e-01
7.689578881198132487e-01
4.635990017327638046e-01
2.948837611995838368e-02
-5.846907931471496678e-01
-6.484493830649619150e-01
4.400662099431283392e-01
1.091605381179889742e-02
5.633962959058448350e-01
-2.175533190296314798e-02
4.841945550267311438e-01
-2.031123367619920017e-01
-2.091918760073506467e-01
-9.658780686724998121e-01
-7.539576822457820793e-01
-5.382207176527511461e-01
3.815629841566473002e-01
-6.967295966621696035e-01
3.811008499452401277e-01
1.011711674102015179e-01
1.585606406010588443e-01
-2.047134313879380926e-02
6.902402879944108394e-01
6.086410302617258905e-01
-1.518616756137944508e-02
-5.539986110128219954e-01
-5.823154095198604940e-01
4.881606096963334029e-01
2.785466678119731185e-02
5.438519622431909895e-01
-6.236145111575631256e-02
1.779808410670186136e-01
5.713434654419544678e-01
-2.031764069156655195e-01
-1.728901093761406882e-01
-6.711210007206973582e-01
-6.410811612554385697e-01
-3.643377805533773994e-01
-4.098028812567882512e-02
-5.575292740146922110e-01
1.486228845371498630e-01
-1.135954793882893721e-01
-2.024402633418724007e-01
-1.477878427743082868e-01
-1.116903291050611591e-01
7.314987760919773319e-01
6.179519560772596121e-01
7.685884503584645804e-03
-5.178521648928934296e-01
-6.358173888438480859e-01
-4.176787179528815286e-02
4.288167232193162981e-01
1.465807276035300914e-02
-9.572286953988992653e-02
4.190171470397301423e-01
-2.957251487630122022e-01
-1.023334657613260562e-01
-7.443555286752266964e-01
-5.957467475759898878e-01
-5.892221915329053372e-01
-1.064820016110723938e-01
9.731420648398410034e-01
-7.338992216877496810e-01
7.680456160716611635e-02
5.404275958964553650e-03
2.088114392002661246e-01
-3.267303359710603539e-02
8.354906385803047009e-01
6.099907627122739262e-01
2.020684042783495171e-02
-4.314707650382450521e-01
-6.134328443869239145e-01
3.607238544498365118e-01
-4.663964113453220595e-01
-5.309120181238171678e-03
3.719656363644270880e-01
2.443632907153032441e-01
-7.555338050135783357e-02
4.375115901276060426e-01
-2.858467943005222889e-01
-2.147185351379994889e-01
-7.053263778917376881e-01
-6.312046149436226772e-01
-4.338285072252308083e-01
-1.714677714243743323e-01
-5.766601544500475907e-01
1.779492047134801636e-01
-8.189093401788433146e-02
-1.602206634575345234e-01
-1.108998429035611966e-01
6.528155168327347546e-01
7.040131116054937355e-01
1.688454230243842669e-01
-5.684253742323014391e-01
-6.448304663480992627e-01
4.204105707158277694e-01
-1.109297082688713056e-02
1.076796936680127215e-01
-2.367788552042824624e-01
-1.616556453863720322e-01
-5.171729913884303143e-01
-5.872270354886969246e-01
-4.904272127292867989e-01
1.022775802430640618e-01
9.778842578657983564e-01
-6.352765597881842030e-01
5.983037104012851881e-02
-1.785882772759558590e-01
-3.112913673199076137e-02
8.111277297327059710e-01
9.067899496035023432e-01
4.916504793156961095e-01
9.424278304186871347e-02
-6.364514403582971491e-01
-6.370320513287669462e-01
4.360960695339806681e-01
-7.194375999951123368e-02
-7.379287454743264918e-02
4.437134949518519722e-01
-2.891391586581548712e-01
-1.413158156939979260e-01
-5.083588883226713984e-01
-6.207125006092617525e-01
-4.091068439132266588e-01
-2.087385221264168589e-01
-5.620605846695778673e-01
5.242061589473095973e-02
-1.976296320257858730e-01
-1.071119116924914294e-01
8.752761190023233828e-01
6.755535278627516904e-01
6.189869630245187215e-01
3.647991567583359906e-02
-5.207593413188907894e-01
-6.398539458774701316e-01
3.027734387877001332e-01
-2.892440671313738221e-02
6.358119115248489495e-02
4.250854019433876751e-01
-2.892976956904798613e-01
-9.561683136704803021e-02
-3.555098240574326995e-01
-6.393219282100801593e-01
-6.211913084972739973e-01
-1.954001640454494371e-01
-7.403588482255987202e-01
2.469096457512466036e-01
-2.890153570554104823e-01
-1.300374333123280046e-01
-5.503583946278560457e-02
-3.583025378318719506e-02
8.179587183824009733e-01
6.226320238790066242e-01
6.786907007845502937e-01
8.616687762455250976e-02
-4.149622801101920944e-01
-4.709894459710143311e-01
1.808341277843990569e-01
-1.944647243011074023e-03
-8.168892640121903082e-01
2.093179445662349536e-01
-2.776904938373716547e-01
-3.171310274424989778e-02
-6.725125447128034173e-01
-5.489500474477797543e-01
-4.685079379424210155e-01
1.459026464900841924e-01
9.828534940080103643e-01
-4.287626056323383117e-01
-2.358864063582488679e-01
1.229469099732201642e-01
1.485640176841920013e-01
9.527326553473551840e-01
7.945340136778357154e-01
5.140462198273222372e-01
-4.285316651779594310e-02
-4.171706413769650235e-01
-6.109732661825293398e-01
-3.480634824396486304e-02
3.076340960093268059e-02
2.507957759392773212e-01
4.564033982625941288e-01
-5.477205205835127266e-01
-1.096566224441791887e-01
-8.462750659837529055e-01
-6.018062660270845354e-01
-4.885310195433472669e-01
-1.747236251651280436e-01
-3.833074034192098245e-01
1.286030401760140662e-01
-2.420518607286443191e-01
-9.195195695178305650e-02
-2.910055560056001300e-01
6.685029466297782719e-01
-2.852173066767666257e-02
-3.131157087575607845e-01
-6.093942488380690303e-01
-5.474410877007442056e-02
5.841744169053638691e-01
-8.449240016770875883e-02
4.488051593651390392e-01
-2.235179739257967813e-01
-2.545601030317402591e-01
-5.519922814295460389e-01
-5.933428445900688075e-01
-6.995608317647684649e-01
-9.011834857538879306e-02
-6.153573938731951021e-01
2.700725916908478519e-01
-1.247668301655190659e-01
8.260299517444676110e-02
-2.104348636489953572e-01
9.209566618349454004e-01
6.686518576964493032e-01
-1.534479791954805952e-02
-5.480624092029010574e-01
-4.933573132561407948e-01
4.743600501813162729e-01
3.601367282544817860e-01
9.888449844914178055e-02
-2.258016238198535808e-01
-7.469515814140285925e-02
-5.489039670131724558e-01
-6.124016810970709379e-01
-6.588756039267646969e-01
-2.024904037459582529e-01
9.629836137917464622e-01
-4.954162274768921237e-01
2.443817151253735165e-01
-1.889509087516047792e-01
-6.510446549386095239e-02
4.319368454049832967e-03
6.612035235860783677e-01
5.075657336914931594e-01
-9.718179278713075242e-02
-5.497761078828611314e-01
-5.657869367576497943e-01
4.539796625580523326e-01
-2.945425586981204394e-02
7.682041884037006663e-02
-3.060635621251577287e-01
-2.139911755785532110e-01
-4.594679908073595054e-01
-4.338892645334731513e-01
-5.731030964082689527e-01
-8.963937245059555581e-02
9.062942270813461043e-01
-6.567611759006632965e-01
1.009201160623149629e-01
6.895173176280448846e-02
-1.153567045048095180e-01
6.711003063171507854e-01
3.694297053285883203e-01
1.108203948751304152e-01
-5.011031623433132021e-01
3.468852060866421394e-01
6.728068849604201471e-03
2.414519829034694753e-01
-4.169304865787389902e-01
-8.610637877482316127e-02
-8.682301838771380176e-01
-6.436541247788488684e-01
-6.459576744753556810e-01
-4.548661826068630537e-02
-5.092567187723920918e-01
3.533834734495352459e-01
1.950055768376604270e-01
-1.373109363683390483e-01
8.068514573811235158e-01
6.905462677260474358e-01
7.229745803210115007e-02
-4.155723606513090362e-01
-6.419763112120487891e-01
2.167821055169176225e-01
3.244870999933892053e-01
-2.506212658583203412e-01
2.710092766004028667e-02
-1.928758026501440348e-01
-6.439362675712634321e-02
-4.549760931882169679e-01
-5.341519557530632900e-01
-8.409465821621614490e-02
-3.598585642989126088e-01
9.729181859277864497e-01
-5.600185543703226632e-01
2.158041518737377762e-01
-1.036737590413465276e-01
-8.914768367683416350e-02
8.057442409798564187e-01
6.932624525829810258e-01
6.351192713852110705e-01
-1.192900820649422239e-01
-4.606867432601274848e-01
-6.853671408514749874e-01
1.324342372009436608e-01
6.932000375160662919e-02
4.598048232122016743e-01
-6.902150846663651640e-01
2.750896577523171196e-02
4.329956535663468387e-01
-3.119085141379775994e-01
-2.070080251681131328e-02
-7.610003838465895232e-01
-7.817634164762532478e-01
-5.810290263183198745e-01
-2.251587323176863775e-01
9.685365990344559917e-01
-6.088655417600912223e-01
4.146910625738540745e-01
-1.589463878302073419e-01
2.246264369674684167e-02
7.710068442603178474e-01
6.300866232703473679e-01
-1.269121413500112205e-01
-4.748182926004644311e-01
-6.707092877247651241e-01
-2.088682545180754468e-01
3.659298862779739592e-01
-7.991491506025129032e-01
4.291874733952567161e-02
5.466282556407883186e-01
-4.552857071145656187e-01
-2.269770924585021998e-01
-7.862377707801423421e-01
-6.756922035436553342e-01
-6.554792222086935904e-01
-2.539346255245987227e-01
9.740848304333763474e-01
-4.685488626280421842e-01
3.237461156221357328e-01
8.125418621481959869e-02
-1.372480511500841771e-01
6.113027653269267336e-01
7.280716916939469208e-01
8.777226163828734384e-03
-4.089581247973121392e-01
-5.849661226713553930e-01
1.613629152878152950e-01
1.258363976109762861e-01
-1.162535034145068258e-01
5.698614336653021750e-01
-2.268791311749754069e-01
-4.423125719057202088e-01
-1.637903410011553318e-01
-1.808298896639120301e-01
-5.283744167354877952e-01
-7.383033439717958668e-01
-1.179389974597385288e-01
-2.910603663288585108e-01
5.582948205678319731e-01
-1.983671552824674555e-01
-1.806527633851824910e-01
1.245514488265604125e-01
8.881336394439908188e-01
7.476098366941391626e-01
5.914459729082684192e-02
-5.374238426838301441e-01
-5.381962392885467628e-01
2.872566431327353564e-01
-3.166745111186040906e-02
6.022666708344471820e-01
-9.924851817180789515e-02
4.110565376976262897e-01
-2.022156795085636727e-01
-3.515608916695601716e-01
-1.467298317081670300e-01
-3.605060247403060192e-01
-5.305593690860446188e-01
-5.674571802943203513e-01
-2.526009895086704371e-01
-4.957239364017693162e-01
6.818285616330539423e-01
1.048986105890062775e-01
-3.375705982501827629e-01
8.915228649167922237e-02
7.972501632981379149e-01
8.679765466159565790e-01
7.592905683183585885e-02
-5.252454912264499232e-01
-6.000988968409125546e-01
6.163952923322153499e-01
7.358622516914326006e-02
-1.908883495727326518e-01
-3.277861662597599257e-01
-1.677012962471202684e-01
-3.116402147273468759e-01
-6.163172062831859810e-01
-8.798060737901565176e-01
2.148862625681722260e-01
-7.188549547838780640e-01
1.714529751869325602e-01
1.834993992731160373e-01
-1.311232481324854093e-01
-1.003738909376340471e-01
1.064228596574389174e-01
8.839845827134154010e-01
9.690155826527508953e-01
8.947680704951096464e-01
-4.215202687309517471e-02
-5.006060290651476175e-01
-5.231685321741451622e-01
2.924594578222359242e-01
1.669418563353203544e-01
2.145715375474038789e-02
4.954380908700763420e-01
-1.801114141937491253e-01
-1.218094275416614358e-01
-3.222441559070788886e-01
-2.379058940196053518e-01
-5.990969861123176532e-01
-4.066146860171438449e-01
9.269787651689082031e-01
-6.491297794805090948e-01
3.293406690318443908e-01
-2.533086794933316344e-01
7.026778745986558827e-02
-1.296830863852604099e-01
6.413367938684200187e-02
8.515001593329084573e-01
7.547482683795926350e-01
6.895842960191796989e-01
5.641646997715312611e-02
-4.960747296307550513e-01
-5.827326141842350538e-01
2.540862035967565991e-01
6.141929765442656619e-02
-1.119796498210419849e-01
6.186473586182380524e-01
-1.784672703329993615e-01
-2.317680529187370331e-01
-5.619333207864689594e-01
-5.732611795857073256e-01
-6.225235926934722386e-01
-5.268401383580356701e-01
9.565125000083029017e-01
-8.830702684545314041e-01
2.520476945287938864e-01
-8.181932323929514556e-03
-6.884422298410189855e-04
-1.549846150812523790e-02
9.407528153388907688e-01
4.871651925243592474e-01
5.513499178975862502e-01
-4.279539051881506295e-02
-4.127339312914513059e-01
-6.193725025903036308e-01
2.332758797546168328e-01
4.219004182835989908e-02
6.450971331195796132e-01
-1.893994818983513739e-01
-2.269811123354950610e-01
-6.057243316184469650e-01
-4.993696306553129238e-01
-6.709707004069552783e-01
-8.152805556711079094e-02
9.455117861164854531e-01
-2.751601384170263564e-01
2.657521045318468889e-01
8.021178154021497975e-02
-1.316649838263018735e-01
7.324212617209451270e-01
4.885916245749988840e-01
-9.236302069495506972e-02
-3.336018721835936063e-01
-6.264137362078803228e-01
2.215425481658770956e-01
-3.090794157391729691e-01
4.201575987755706842e-02
-2.645304933440024153e-01
-2.711956057908920248e-01
-4.851053523157496938e-01
-6.037095022553126134e-01
-6.189957715707967711e-01
7.923236749817091917e-02
-5.320743388844842992e-01
8.651038253858558957e-02
-1.403289767177375580e-01
-2.268257691070275639e-01
6.155501975549206861e-01
9.169924433380647333e-01
7.217960370811160598e-02
-5.149035781163430192e-01
-5.586671722853129296e-01
3.287171655950221205e-01
-8.021804788478619219e-01
-1.354210074458652158e-01
5.801822504824326598e-01
-3.294170844560916356e-01
-2.446058168874113981e-01
-5.636607506381969834e-01
-6.491196922652644474e-01
1.741646058516998496e-01
9.935787005684967310e-01
-5.000634489812216810e-01
2.230770699219968012e-01
2.225312750614479723e-02
1.233547792394353304e-01
-1.598337882116721009e-01
5.277334277450967254e-02
6.320442759498930974e-01
8.082353790215055511e-01
5.938825950073713944e-01
-2.785196321363687250e-02
-6.624008079936914983e-01
-4.804614012910277121e-01
1.326890256899477816e-01
8.575229041434220822e-02
-7.493792167493040779e-01
5.794741327351329852e-02
6.055097530010425944e-01
-2.289614815225366473e-01
-2.304043822405163200e-01
-8.337787968354439805e-01
-5.690919020196854028e-01
-5.098061262665966042e-01
-5.415915251660897295e-03
9.737798575574131421e-01
-5.808171646478278438e-01
1.782053326859106834e-01
1.776364207413847623e-02
1.096558083433736425e-01
-6.139997070046086108e-02
2.832670402627447404e-01
7.443978800922573802e-01
8.203421505278714054e-01
7.077631570761759860e-01
-1.437482525390869868e-02
-3.419015192284700078e-01
-4.592654520915441796e-01
4.136826574978583748e-01
1.230752325980052075e-01
1.006824938433475564e-01
4.902285998482329155e-01
-1.201950394104273900e-01
-2.200181761021012539e-01
-8.893732869875131675e-01
-6.494964440162378505e-01
-6.392409447932252409e-01
-1.281891725980962293e-01
-6.275207605575965353e-01
1.707622238987872298e-01
-1.921538203075768558e-01
-3.287187745302050379e-01
8.743018475473859907e-02
5.764089597514314711e-01
6.552534217568251051e-01
1.779802404612390240e-02
-5.890358393834634887e-01
-5.668380472117356961e-01
4.552942252121275346e-01
-7.746328243560478277e-02
-8.920241409142037892e-01
5.873239189937843469e-02
4.933405779835897675e-01
-2.996778016821111668e-01
-2.649066371767440087e-01
-9.148919681864634557e-01
-5.669430995020847686e-01
-4.462646986879366673e-01
-1.760246012076641664e-01
9.829537477589131989e-01
-5.397056232816705990e-01
2.195181040828161623e-01
4.666948762775242898e-02
1.439529097556320469e-01
8.578963553776313145e-01
8.683422901316808495e-01
7.512175715493281114e-01
2.566120804353396595e-02
-5.001809400942022199e-01
-6.170106494741717240e-01
9.838672538117555766e-02
3.614963250286043484e-02
-7.562603012655559898e-01
-5.427145505795978857e-04
-8.890967336050751291e-01
-6.245515696633041625e-01
-4.417996035234152408e-01
-3.493613622280076214e-01
9.750246937161876071e-01
-8.233924215167401917e-01
1.321026678259749620e-01
1.848903535999965597e-01
-9.445609210398259181e-02
-2.008661581668390594e-01
8.799497150587000105e-01
8.226156566895457267e-01
2.970890649333805811e-02
-4.180274624387881333e-01
-7.150663211098207128e-01
5.061732404250198769e-01
9.262905988262881696e-02
5.388021856792568620e-01
-1.069132919189872272e-01
5.202103102951404628e-02
-6.418445492910227479e-01
-1.018570302593390237e-01
-4.114608062196051796e-01
-4.853821185850291653e-01
-5.263048922403313901e-01
-3.924710404459583191e-01
-3.892335932674564902e-01
2.204847610994162266e-01
1.521889199741179206e-02
1.357581168019893758e-01
8.642711405625835841e-01
8.715248134393829282e-01
8.726973060291191020e-01
-8.240375966214019687e-02
-4.694045573813534489e-01
-4.331935785895218438e-01
3.874302764902951002e-01
-8.367433754946328461e-01
-7.798384607881558850e-02
5.631915364684928482e-01
-7.486961538545995332e-01
7.049696205496332885e-03
-8.645300672177641532e-01
-5.722028758580950392e-01
-6.340243921460649856e-01
-4.492892114067866816e-01
-4.708963492896446890e-01
1.549880907620559412e-01
1.228041604287120891e-01
-1.346694487023787244e-03
9.178211587234077484e-01
7.652294558485746023e-01
-5.692661698409653970e-02
-5.694802341640232690e-01
-5.170221275939477223e-01
1.806131556178925401e-01
3.722148010459023215e-01
2.161354770008692971e-01
5.254136249594658636e-01
-7.023481716850750178e-01
-3.856618616835730956e-02
-5.827066917562779835e-01
-6.382004544122283907e-01
-6.205893745143313822e-01
9.946794732304985454e-01
-8.492555956348131208e-01
3.456784423966268727e-01
-2.953679079377209346e-02
-9.216191390527035676e-02
1.127573137131561015e-01
8.970788741341647610e-01
7.596802210587384474e-01
9.649225322453538478e-01
-9.121262590337017584e-02
-5.645525681663133843e-01
-6.465469178312565068e-01
3.451908988603616946e-01
6.789547306219967382e-02
-5.808632650213082504e-01
-3.283100995468131444e-02
5.241741684057883433e-01
-6.049355720574407513e-01
-3.468122880764178406e-01
-5.710091310429047384e-01
-4.745226634006990407e-01
-5.585895482526602729e-01
-6.497495824689413224e-01
1.245489035527242577e-01
-1.935175970952594249e-01
-3.751710142444613511e-02
4.968775966740168054e-02
9.228886277601514587e-01
7.929676672334229348e-01
-1.812145683441317712e-01
-7.951488308345195932e-01
-5.811691289876524946e-01
5.092525385142725458e-01
7.597526962512855613e-05
3.250368130443236359e-01
-9.830413500182351161e-01
1.001439776023316103e-01
-6.577580717247588638e-01
-1.969259031021004525e-01
-6.243053804134428564e-01
-4.048426097881355767e-01
-2.418703188073330623e-01
-3.808287627843319756e-01
4.401962638244568682e-01
1.626810877848894610e-01
1.981226989186196316e-02
1.191359607620657707e-01
8.645114156229871671e-01
8.555988212064590259e-01
5.019272288489584621e-02
-7.557542461675789136e-01
-5.244460515352142860e-01
2.096328819144278877e-01
4.311644472444356446e-02
5.727560314855482115e-01
-6.015973322726909656e-01
3.339502641574761121e-02
2.800586223991108348e-01
-6.453478635466979307e-01
-6.674657757187041351e-02
-7.904938332888800101e-01
-6.565526415911034919e-01
-3.619178721634807583e-01
2.416332665804184210e-02
-4.805966412662123766e-01
3.718186233644152905e-01
-3.555841724298122036e-02
7.956924644913519751e-02
1.669508858136734275e-01
8.618278262290586245e-01
9.439016030704336924e-01
5.051926666061375831e-02
7.077940706018565065e-01
-6.063821060539625885e-01
3.521001127666229524e-01
-5.632984138899910925e-02
-6.338839993833149666e-01
1.597316175398834082e-01
4.946748127597372924e-01
-4.619655461600273849e-01
-3.077344527793772211e-01
-5.137557423574296012e-01
-5.388609316478929490e-01
-4.704798820697040918e-01
2.968391452581557732e-02
9.833273021556611093e-01
-6.429186889376632408e-01
1.546587422429222258e-01
-1.794507299138041745e-01
1.637241993447264843e-01
-1.310936608028065962e-02
6.154131504265084596e-01
9.058419902501689824e-01
6.073803192064452898e-03
-9.280933290251869305e-01
-5.374043072976315560e-01
3.852399177026223365e-01
7.124556886956631696e-02
5.660203892322364094e-01
-7.092163985510764324e-01
1.025323132088402228e-02
6.335055909964399934e-01
-6.077456283547220117e-01
-2.893253317812104486e-01
-3.936940676201171607e-01
-5.929290533198648960e-01
-5.890816197440582602e-01
-3.763631345509572124e-01
9.934797725977597693e-01
-9.544157331477824968e-01
9.147393206340506677e-02
2.295407322013813256e-01
5.439392293138736040e-02
8.499704875317432018e-01
8.983222374358565965e-01
-6.226716353685958320e-04
-6.791224994451877661e-01
-5.122721310109207282e-01
4.777771089115154801e-01
9.139496234259818219e-02
5.760502634575102032e-01
1.040863312587900491e-01
4.726883321501055280e-01
-4.112129510493431339e-01
-1.227535429406690359e-01
-1.776676139831961376e-01
-7.600182890862614560e-01
-6.523379188950557683e-01
-1.116598606623687706e-01
9.678563401719608716e-01
-5.044268472041942841e-01
1.460011306919426211e-01
-1.520625192193505448e-01
1.839583720968046218e-02
1.333549839339292775e-01
-8.521241384976104005e-02
8.846652365477509772e-01
7.461054749582123335e-01
9.744544275088433682e-01
5.506534600425343207e-02
-4.513264121838179155e-01
-5.178196542106302536e-01
4.069258536723956432e-01
-1.371661677423625936e-01
2.209647472723648975e-01
-2.001148452781446596e-01
-9.032835895051143787e-03
-4.987954455215857230e-01
-6.444333299855261599e-01
-7.206470403110164513e-01
-4.374522664132306921e-02
-2.765337695613555025e-01
3.371583781887488307e-01
2.038784999407132481e-02
-9.177599270842663748e-02
8.809833519598802010e-01
7.549916773264503389e-01
-2.311334253731990585e-02
-3.545883615555995294e-01
-6.173979674507976689e-01
2.989878936065415438e-01
1.179147410560282133e-01
1.459110096274839341e-01
4.663199607638813804e-01
-3.031914322029519160e-01
-3.144229258111406744e-01
-5.532650310593538734e-01
-5.605473228008475139e-01
-3.782075450244096748e-01
-4.326588740177746834e-02
-6.807030279303958320e-01
4.121031607377559358e-01
2.861425260249652047e-01
-5.689258696941510568e-02
-1.259631071589344120e-01
-1.410444974243229566e-01
7.695549854719132554e-01
8.826343759735152394e-01
1.686856147056485858e-02
-4.252071108781648734e-01
-5.238334323789604063e-01
2.666775515711392597e-01
4.971665548976034188e-01
9.041795223057889908e-02
4.715636540595849469e-01
-3.457399764035425926e-01
-1.728295342143648938e-01
-7.261537157484334593e-01
-7.469522985652240488e-01
-4.491173632063140131e-01
-2.316733952242736316e-01
-3.076491687706527922e-01
3.421935324760439490e-01
5.252212959012424187e-02
-1.396704623542024959e-01
6.695567994895136321e-01
7.296955855721765083e-01
-1.150237733060517284e-02
-5.519965351693211231e-01
-6.276480773895506404e-01
3.482330050982298530e-01
6.785113820936972129e-01
-9.662075316778669931e-01
2.929789968513283466e-02
5.645490701456417071e-01
-1.728784410015580530e-01
-4.102189312692684497e-01
-5.542480821475737063e-01
-5.688335994046486155e-01
-6.927812290119107486e-01
-2.317092786069929744e-02
9.374769987949929106e-01
-4.205743530984031864e-01
1.486714370293815979e-01
-9.839163092719708376e-03
1.026420971201118248e-02
1.116578464543502569e-01
7.937998345043891790e-01
9.313776719561838169e-01
1.152024269164853877e-02
-4.766163291074272390e-01
-4.675184768379326838e-01
2.533582264316634469e-01
2.443721823973503057e-02
-7.211646907743052282e-01
1.356345315754928227e-01
4.341624744311312623e-01
-4.058666394516640130e-01
-3.468653347793352326e-01
-3.679767529621175703e-01
-6.336327625188078461e-01
-3.955749194126179646e-01
-4.004644253079090999e-01
-7.716509470087355993e-01
2.605703281164959972e-01
-1.901373813603895735e-01
-2.088760845302519986e-01
-2.078813325500360187e-01
9.374923445980503089e-01
-7.547903144482916160e-02
-6.227057693791427928e-01
-5.625178275676666617e-01
4.084594966567617336e-01
-6.252435974566314947e-01
1.462260737347321204e-01
6.819081525248135156e-01
-7.791731161415610396e-02
-4.871923719192225444e-02
-5.718589335498538428e-01
-4.739040785765495367e-01
-6.411165580916715623e-01
-2.297273457889977000e-01
9.584018155781974801e-01
-5.759028238752500473e-01
1.495859126117204674e-01
-2.475039618236266059e-01
-9.031244148076025824e-02
1.080288680649628269e-01
8.019594643128232780e-01
9.214716199873025371e-01
6.714498234980736946e-01
2.579614833836506305e-02
-3.111456806408279263e-01
-5.516604347545310816e-01
4.981054854105692042e-01
-2.328513801252063073e-02
5.517378847345213444e-01
-7.253884580382174985e-01
1.578268520589329038e-01
-2.192254170764565135e-01
-9.399330268526145948e-02
-4.008919083088061108e-01
-5.717041726854605876e-01
-6.823432627767520575e-01
-4.180706553129647229e-01
-5.844124677593742767e-01
3.800715380561090623e-02
9.651788074407620377e-03
-1.839806966860532689e-01
-6.198068442660101957e-02
4.464372519933607758e-02
7.730803563863181127e-01
5.333312369913496553e-01
9.718776301850438060e-01
-1.052437102036231226e-01
-3.906613483869541548e-01
-7.016196111890951048e-01
3.944986809996748889e-01
-2.779471007917825309e-01
-8.192302172018665896e-02
-3.466021073508824268e-01
-1.623185543772532047e-01
-8.181950365008308079e-01
-6.222158654965357361e-01
-7.072378864266570808e-01
1.424401749854559696e-01
8.744121827138791048e-01
-4.857246528421732545e-01
3.404639791695260320e-01
2.102419765353965436e-02
-2.542000650733190481e-01
1.732282860878818845e-02
6.920487168715546700e-01
7.853963754292692112e-01
-1.557467388734848704e-02
-3.248381424868732048e-01
-5.775116614701740758e-01
3.585237963066852385e-01
-4.237585577572000606e-01
5.414388968636423688e-02
6.481978812427627856e-01
-2.943843597429373071e-01
-2.997974619979296151e-01
-3.674940070197896813e-01
-6.194861693989288653e-01
-4.529870125153129812e-01
-6.262641302964079559e-02
-6.746859079791732716e-01
2.932796275202425584e-01
2.928845892190731770e-02
-1.080422495933974214e-01
7.289327048097925532e-01
7.487135580634973753e-01
6.439460607898528366e-01
-2.490542151876557614e-02
-4.979701805566500994e-01
-5.915098983577449232e-01
3.807275528546072429e-01
-3.617350387216611285e-01
1.601906491273453678e-02
4.062782930895910138e-01
-2.068765127166558027e-01
5.112369254528361523e-02
-5.355325495564726701e-01
-5.251877295280269475e-01
-4.511804290615016866e-01
1.244120252660405046e-01
-2.900176938971220642e-01
1.821983148045388731e-02
2.383176295079128260e-01
-1.139219503684016227e-01
1.790337399766539841e-02
8.513744978056718704e-01
9.275483711809310305e-01
9.488311108860205678e-01
3.699476772053751639e-02
-4.325636100418733254e-01
-6.437344962653934743e-01
4.063554752626363231e-01
6.815440987563968489e-02
4.935345716057644438e-02
5.197765286912219285e-01
-2.091288147250578433e-01
-3.281078311439310502e-01
-5.393122010556571366e-01
-5.741443117787662365e-01
-6.862959079192796352e-01
-2.049516679171035360e-01
-5.522041887380345626e-01
2.595822154923382169e-02
-1.723377031085854827e-01
-8.712402686703825394e-02
-3.349087126716879248e-02
9.164992459658379831e-01
5.731519495159258515e-01
7.938151411116716183e-01
1.290152421143545176e-02
-6.210543615668330242e-01
-6.625192424330781371e-01
4.531820366613263928e-01
6.614276850633031557e-02
-5.476824563465415574e-01
-5.097968199534613082e-02
4.202928816001617052e-01
-2.978066156603270120e-01
-2.441502057931760686e-02
-5.469604225128960051e-01
-4.100407214111261300e-01
-7.191613679486681399e-01
-3.064471782249418852e-01
9.213436083435497803e-01
-4.371230871979899790e-01
2.613564718009131482e-01
-6.877366563450736103e-02
-1.117089631772656133e-01
2.353548223459169531e-01
7.641946985297946027e-01
3.971502834487869449e-01
-7.465298557292326942e-02
-5.936459112977391372e-01
-5.341416161848266952e-01
2.905845650261389412e-01
6.233779950326535230e-02
-3.049271236054943435e-01
1.664603061013600338e-01
6.211398901257675353e-01
-1.057035654871392727e-01
-2.065081599714154725e-01
-7.399792343671547368e-01
-7.006565177360106755e-01
-4.106808981067708864e-01
-1.525650782284601048e-01
9.844239311984461782e-01
-6.045824792362903821e-01
5.857199065665157078e-02
-1.349601192029587227e-01
-1.772848516408432329e-01
5.882842779828011126e-02
7.309898937980661149e-01
8.783723789899302581e-01
7.986494931380908602e-01
-2.265533620961083378e-02
-3.944022927462255135e-01
-4.989059788912008075e-01
1.634080535231817177e-01
-7.734012647803058249e-02
-2.406696581828675907e-01
1.097537862582149554e-01
4.146513405847762623e-01
-1.957117543681069216e-01
-5.106874391505782790e-02
-6.729791106669200662e-01
-6.566376911783271542e-01
-2.894482129252005098e-01
-5.957076125407544387e-01
-7.044104311039631749e-01
1.189940998319183318e-01
3.062471019406955985e-01
-1.703641048592766938e-01
-3.609098217378643031e-02
8.703632924604844945e-01
7.509855568033677597e-01
8.780328990367601838e-01
-1.225725941041046207e-02
-5.389450818716101654e-01
-6.244699988831939885e-01
4.570046573201879125e-01
-4.272375542100262935e-01
1.078886808385550178e-01
4.458871043862775996e-01
-2.590133357547811932e-01
-2.273769275933576750e-01
-7.911212433268532962e-01
-4.187329650413182391e-01
-2.682563032252759938e-01
-3.275813903713443997e-02
9.632848720238100793e-01
-6.296072645016681513e-01
2.553074356027565384e-01
2.181059647401467072e-01
2.788845344762336254e-01
7.291281330353167715e-03
8.614134841271189336e-01
5.857351011363475246e-01
7.943273067656897446e-01
5.974797286470745483e-02
-4.948284672741287693e-01
-6.246187778800216250e-01
4.232725466409359427e-01
-2.680670211350743778e-02
-9.769611822008021917e-01
-1.198870797755476891e-01
4.539337815100502604e-01
-2.937655380311208764e-01
-1.351731140299722300e-01
-7.494380848670101347e-01
-8.012358980461095070e-01
-4.887130136138022052e-01
1.163788541333908716e-01
-8.021779026653584888e-01
3.336918941741424116e-01
-1.111155978929224131e-01
1.623677904274966333e-01
-6.661662771046451825e-02
1.974588011408210178e-02
8.528348903526377089e-01
7.256383671748578568e-01
6.771404895845706262e-01
9.354952746525617077e-03
-5.772161963729069978e-01
-6.779471825589398204e-01
2.432813433543535020e-01
-1.066301470191570178e-01
-8.860079917930111515e-01
1.275371351892465033e-01
7.113927014547876126e-01
-1.174135514319040868e-01
-3.308624273783657144e-02
-8.323920917822720256e-01
-5.318004866056351698e-01
-2.066824771469098487e-01
-1.560702893653879431e-01
8.974155140566799638e-01
-7.587233939885341671e-01
7.497887277848995502e-02
2.214634377126033227e-01
3.115930267321104230e-01
-7.691510176402831245e-02
8.264338244133984102e-01
4.858593984660345977e-01
4.719160640833508502e-02
-3.102560750668931777e-01
-4.760573407918959332e-01
3.227731680171972428e-01
8.140476110891824157e-02
-7.483894623652950218e-01
5.534073808168885750e-02
-2.362380692810893690e-01
-2.549597926124901881e-01
-1.623512683687302061e-01
-6.173564932431843122e-01
-5.273955571282519239e-01
-6.026285536711417645e-01
-3.478748837728277699e-01
9.584008942832128453e-01
-5.223010251694659711e-01
1.478901928917105146e-01
1.227556128661985019e-01
-7.479752153849805740e-02
6.979821145907690871e-01
1.723737839096565194e-01
-4.631579866043251670e-01
-7.308600629230769252e-01
1.050310957072112111e-01
5.246772861167140478e-01
-2.801269420261462972e-01
1.277163130729729312e-01
5.642078133625207936e-01
-2.717412371995272524e-01
-7.567662751091006057e-02
-3.307970296487853790e-01
-4.775362733320021591e-01
-4.984783345587278092e-01
-3.508396249823939744e-02
-3.131987619867012129e-01
2.390248075889153390e-01
-2.168387946708041081e-01
-7.893984058405023596e-02
9.253693002956915326e-01
8.860748186642896096e-01
4.598878693133097717e-01
-4.196888865234649907e-02
-3.277181323456518913e-01
-5.245282972957581169e-01
3.922176935439738443e-01
-2.078551371870954734e-01
1.672800873549751821e-01
-1.758998016815146448e-01
-4.678354377059375235e-02
-6.775275974532604106e-01
-6.157672847924249293e-01
-3.416315902805309168e-01
9.115304251492364340e-01
-5.657244514471512220e-01
-2.687778709248473952e-01
-5.718485883951348464e-02
5.782810222032124248e-01
8.997129413578437429e-01
-1.145864384142811915e-01
-4.225040430960520510e-01
-5.087475151127838213e-01
2.366948925644505874e-01
-3.721198970394288402e-02
-8.793239339218232586e-02
-6.983856379880884480e-02
-1.363556536364675664e-01
-2.873025919297708675e-01
-3.919472712190931740e-01
-5.644606420815762027e-01
5.557147031187665842e-01
-7.499758283822965943e-01
1.352294830792678641e-02
4.090364037106649503e-02
-1.118360680765787263e-01
2.067130704010578246e-01
8.320632185986167606e-01
7.961413348476518159e-01
7.906138065250778446e-01
-6.506962322382248143e-02
-4.914690038269310390e-01
-4.715019853915495274e-01
4.127522483280920973e-01
-8.934162866865028585e-01
-4.125458621596519299e-02
-2.056185283709360545e-01
-9.465095838491156821e-02
-1.500166461249775596e-01
-6.104971806448387106e-01
-4.591479376365274478e-01
-4.532852041380420749e-01
9.783861149385982836e-01
-4.534700249023797536e-01
3.397579371737465825e-01
-2.174563261903133815e-01
-9.672355058254915317e-02
-4.042282764314823751e-02
9.567258561754145019e-01
6.591036218643405720e-01
-7.831127114232944164e-02
-6.785506787903572423e-01
-6.829503603924764743e-01
3.206303096739243075e-01
1.022142799091062815e-01
6.511104760166867012e-01
-9.252607183863416074e-01
-5.427652496384448126e-03
5.106316256814557031e-01
-2.504884147458895649e-01
-1.407363677327014562e-01
-7.134859761518934640e-01
-4.614583681507675728e-01
-5.848891210796789419e-01
1.026073843483352038e-01
-5.179653090773028712e-01
2.460553453574666483e-01
-1.016629284323477267e-01
7.057499137931214084e-02
-3.425081661583668224e-01
1.412546862111788669e-02
8.126554752453291064e-01
4.749792814506271776e-01
7.265693989100815431e-01
-1.887639235865089249e-02
-4.307923762702489667e-01
-5.991828341210359010e-01
1.718985225957017637e-01
-7.270234395097778801e-01
9.014578270539837235e-02
-3.941832023287911158e-01
-2.565076526048095662e-01
-3.474013355550927273e-01
-5.269601722829955204e-01
-3.586156423235480895e-01
-2.873493882334173799e-01
9.775602595330818989e-01
-3.998205022264593178e-01
1.505498302793495113e-01
-1.555735008590229118e-01
-1.346395278297931319e-01
-1.091853708564762965e-01
9.029188841665869436e-01
7.969804454974394048e-01
7.619858662215226452e-01
4.774776074327483771e-02
-5.065275490648543100e-01
-5.627700582622425785e-01
1.289694260427342865e-01
6.752992959762857406e-02
-1.274111272826458363e-01
-1.902473251064072113e-01
-6.630028975548465375e-01
-5.176158779086337258e-01
-8.021146728777235335e-01
-3.823297089843616381e-01
9.197500133748139906e-01
-6.505595411458754418e-01
2.025701006411471383e-01
1.830762027011003171e-02
1.349611406945375736e-01
-1.116941881548651483e-01
7.690286951142838445e-01
7.560036305954790370e-01
6.535340175251761474e-01
-1.577176737380060478e-01
-3.833421192285918488e-01
-5.899699949995537152e-01
3.283215800073255308e-01
3.650467170648580284e-02
-6.238295234936988010e-01
9.800155694813329765e-02
4.497114676597027683e-01
-3.293882347493796714e-01
-5.454615493059578740e-02
-3.198557040760841019e-01
-6.904308133100703904e-01
-5.331392696570459444e-01
-1.380635925000297040e-02
-5.441861702037121828e-01
3.259626042451853056e-01
5.027997395723751706e-02
-1.661462146018872488e-01
-3.093467179844944792e-01
6.280046597208907566e-02
8.983571529320343307e-01
6.529600305656019232e-01
-9.437741044025459158e-02
-3.772794605978183058e-01
-4.984709118554896956e-01
3.349703753851156485e-01
3.186740738065628464e-02
3.212530466004205332e-01
-8.736905815786984997e-01
1.073913587942708497e-01
3.919787998381219496e-01
-2.145912973217537212e-01
-7.224420404892777092e-02
-6.320118059175453551e-01
-5.257753139387548735e-01
-5.106739373180667618e-01
2.090542548267134565e-02
-7.343301133899639010e-01
3.859788513828770751e-01
-1.812506182461643134e-01
-3.679839518784409069e-01
8.505152949342632551e-01
5.658532611095683507e-01
-4.858432188040285454e-02
-4.968608638099649144e-01
-4.942453901172649267e-01
4.326381186495837916e-01
5.448567016607125911e-03
-9.101580326968249368e-01
1.322880840156724080e-01
-1.976539767348447219e-01
-2.532652128443226291e-01
-5.182511063884620572e-01
-4.718224625056162691e-01
-5.107596354541670269e-01
7.056513195360591961e-02
-6.321203173267035957e-01
-2.191425400116249478e-02
-1.247342927819759389e-01
2.554430694993122253e-01
2.292146113989931289e-01
6.078713022747492256e-02
7.623189002885008003e-01
5.994959223437327234e-01
-1.024222814628779760e-01
-3.761228458321729251e-01
-4.929014396418487376e-01
4.422815831478340565e-01
-8.517243469460149263e-02
-9.823085915341872587e-01
-9.645261217907984130e-02
3.401314644479347948e-01
-1.780616338672309229e-01
-4.019868093317196522e-01
-3.160411190521005276e-01
-5.792706070490033499e-01
-5.245505746669610891e-01
-1.792080251646756273e-01
8.691867909105468470e-01
-5.704221645913605254e-01
1.560381474587830553e-01
-1.340659007439597983e-01
2.131096162531423421e-01
-2.097894974563496162e-01
8.842263422084654101e-01
6.949153936195506809e-01
5.335640416426142840e-01
2.239950310903247518e-02
-3.395402450046888232e-01
-4.760053976471809167e-01
8.712878611907909354e-02
2.344881615002118169e-01
1.816078653831769418e-01
-2.567699894306524344e-01
-1.248099163524922089e-01
-5.428097337642624476e-01
-5.076338331297304274e-01
-4.258724013940793363e-01
3.819114664775781487e-02
-4.519748354544506075e-01
1.296863604072150122e-01
1.182584618372737040e-01
-1.169906782373483362e-01
-2.514090560959802989e-02
2.784273593580194328e-01
7.031776436712662282e-01
9.630892087437802340e-01
6.615175293674410706e-02
-3.444110339997247250e-01
-3.665343186225248351e-01
3.578502762783336566e-01
1.245714282404743189e-01
-9.125401670586142933e-01
1.428454231501238292e-01
-3.163167393791717630e-01
-2.349482988916542781e-01
-3.498865061978514435e-01
-6.100882947404504542e-01
-5.898064441084316378e-01
-1.098647128834126241e-01
-4.550344097518563835e-01
2.373825717913442268e-01
9.419049145487212726e-02
9.463242284925801884e-02
2.443362039110466566e-01
8.553765415467933231e-01
9.219421579949333978e-01
-3.063095805118294657e-02
-4.362988819878845792e-01
-4.860163831626262976e-01
2.648900793339518112e-01
4.086565587411649103e-01
1.575424332887517473e-02
2.971146485054880770e-01
-1.886385524054023100e-01
-1.569337459529671353e-01
-7.019374159700116911e-01
-6.235302218911620287e-01
-3.203021976624306766e-01
-2.649219334381793800e-01
-6.103056179302178696e-01
-1.041083439042106429e-01
-9.766072007275414246e-02
-5.206130754520434112e-02
-1.355492507140987068e-01
7.046105238605293586e-01
7.532533197940309844e-01
-3.924731895378156393e-02
-5.518637465829823174e-01
-4.678398693877592329e-01
-3.351019065237738070e-01
1.147839894332736491e-02
1.776526767603370596e-02
-4.137235622279910596e-01
-1.122008144508734317e-01
-1.703010624218815605e-01
-6.935988338145392396e-01
-3.339152214042441225e-01
-9.340575428282302251e-02
9.799264793954327590e-01
-6.900248923472996898e-01
1.257510734376702799e-01
1.676124688856671721e-02
1.482725901238770572e-01
-2.800078979347373487e-01
8.871890783586522389e-01
5.436225687859617128e-01
-1.329212122520494477e-01
-5.208914287496123618e-01
-4.942370782348479152e-01
3.460833380981354068e-01
1.211722282779799098e-01
1.103371593663954459e-01
-3.401075950221520428e-01
-1.547300288069057006e-01
-5.342772400814882472e-01
-7.036453848764215868e-01
-4.427165243826095553e-01
9.556069868773566789e-01
-4.962206454741286965e-01
3.931369018498331869e-02
-5.672161942461199230e-02
1.640008109891540611e-01
-2.987571134577337098e-02
8.273308007343890269e-01
8.997004973526042670e-01
7.423341207655007601e-01
5.441786653051226830e-02
-3.536686529194668083e-01
-4.825434518774017745e-01
2.748354578888237421e-01
-8.632714769634326768e-02
4.711282567437253405e-02
-4.396496648035068122e-01
-3.202786663414874391e-01
-7.719371947794224642e-01
-6.699051160965834306e-01
-4.314896011208977367e-01
-2.399914286259907381e-01
9.681030781925817896e-01
-3.857277159374212228e-01
3.110023434572343759e-01
-2.118246604613193695e-01
-1.349074911861009203e-02
1.295298914446189609e-01
8.433905702446395924e-01
6.359223213188358592e-01
5.074201917665219913e-02
-5.279085590599059685e-01
-6.024087838569054387e-01
4.346458654877742855e-01
1.179455658707577875e-01
2.711634917411754886e-01
-1.342615438289553875e-01
4.436109721562838115e-01
-3.777477696066415813e-01
-9.900499651791101752e-02
-6.878838435911684979e-01
-5.214438455373564540e-01
-5.934335280224007914e-01
2.371851585376071603e-01
9.594835419043754587e-01
-4.920876585382724100e-01
6.088591103365189466e-02
-1.932786382709924394e-02
-1.958987094630198766e-01
-2.120275694683102785e-01
7.272288455278741459e-01
5.222605997438639625e-01
-2.447003176999061787e-03
-4.855225949401263397e-01
-5.772606128749836474e-01
2.234855400363990607e-01
3.217587203489117448e-02
3.448729038234193967e-01
-4.010896743932296921e-02
-4.047567205399011936e-01
-2.601806986196423810e-01
-3.613075396754673041e-01
-5.604476409469749676e-01
-5.538180922981532639e-01
-7.156920730638936801e-02
-5.425800096721458132e-01
2.948944565064287593e-01
1.216224245889122174e-01
1.094699028708060740e-01
-7.554400737296783352e-02
1.531206005750929966e-01
8.432362915720615915e-01
7.980710997653990280e-01
6.617455148707371837e-01
-1.086828343439002337e-01
-3.191067641949526523e-01
-6.292682346095251900e-01
1.666657550544625443e-01
-9.024748315840307178e-02
-6.720484964156731023e-01
-8.469464225920949815e-03
5.902274776875686690e-01
-1.879713412165372188e-01
-2.273329430893129000e-01
-2.898880053772926457e-01
-5.241670072119151147e-01
-7.204474544668582059e-01
-5.757899297707777531e-02
8.745643989286295827e-01
-6.560535825414856026e-01
1.613717563018266521e-01
-2.032432894670916368e-01
1.089040135005449883e-01
9.509803982172820858e-02
-7.727613616629240567e-02
9.095237399356841390e-01
7.163525370568080142e-01
2.867106977800357170e-02
-5.422311167352162897e-01
-6.060075507163650288e-01
3.341981828322281856e-01
4.564921306369098541e-01
-3.086107911252045644e-01
2.649726264787390095e-02
5.043900221936875594e-01
-1.539160967651932443e-01
-3.185746929000804473e-01
-6.636730957503327311e-01
-6.341048696370414905e-01
-6.912608868278151686e-01
1.769544384698024386e-01
-4.417343289473959489e-01
2.938729240810849519e-01
-1.716582666972252258e-02
-1.267261326166588820e-01
-8.467273626792541641e-02
6.971388028759889499e-01
6.811063788760857163e-01
-5.455204919321588602e-02
-7.102000705746878140e-01
-6.679929404147283423e-01
2.272693707705461252e-01
3.696793991753346848e-03
-9.987279275692672043e-01
1.420463496981104190e-01
5.096132769627716996e-01
-3.165031425460687053e-01
-1.979886026961948098e-01
-4.722442567373956734e-01
-6.573061441544518768e-01
-5.715804724175920226e-01
-2.851983534658187325e-01
-5.249343606342431467e-01
2.015000948667980130e-01
1.514936958781877840e-01
-1.810877270309014797e-01
-1.171206686197871633e-01
8.346613340899662337e-01
6.698962547512474774e-01
-2.614328625817888621e-02
-5.768391819463754011e-01
-4.095649907340920270e-01
1.348920961639003269e-01
-9.301859250521600231e-01
-5.007983081693583027e-02
3.951659249160585641e-01
-1.872612974384854911e-01
-3.111246724715760470e-01
-2.588656399625124394e-01
-5.768032834222860394e-01
-3.867655248928603129e-01
2.170106264798285223e-01
9.421748518580306264e-01
-4.305258310149981948e-01
1.152799885662020435e-01
-6.500010079202971081e-02
-2.080047810237998229e-01
-1.492723346393986794e-01
1.341630920298552410e-01
7.809166868618577784e-01
8.003083453978380168e-01
7.753100990401714521e-01
-9.770350863820159715e-02
-3.138553540388693275e-01
-5.219783637735848636e-01
3.590290320689467074e-01
-5.861251850111714318e-02
3.789371512443450718e-01
2.500858353705816620e-02
-3.216078059586012783e-01
-9.004807537018795494e-02
-7.256025922583034804e-01
-6.388462648568454805e-01
-4.509803313256391943e-01
2.512765611534901744e-01
-9.910789372279394938e-01
-6.687964245993164303e-01
4.294491363266875750e-01
-2.984197675209362410e-01
-3.477721718110359794e-01
1.888316840098630545e-01
7.674270618903678010e-01
7.709259890252556646e-01
7.308883877112844207e-02
-4.805203916394826802e-01
-4.706333115383282695e-01
3.171790906250839814e-01
2.652303428213361423e-03
2.113745858308384018e-01
2.792383242720661296e-01
2.772011001691557786e-01
-3.829200142427868769e-01
-1.819396346415104726e-01
-6.258771964356778517e-01
-6.300610455751799455e-01
-5.787508579448388257e-01
-2.906373115319368927e-01
9.438415342285990661e-01
-6.232535478964984499e-01
9.686409946426112472e-02
-9.935395155310266027e-04
-2.985276279804009447e-01
-8.964458913808788509e-02
1.945806015815056134e-01
7.370463007365364305e-01
-4.446323244329662694e-02
-2.090671485179582678e-01
-4.576661889634420222e-01
1.929020801394134843e-01
9.205040610567183368e-02
2.845147927929108089e-01
-9.514747565130192708e-01
1.232628643101912544e-02
-2.837958032232587025e-01
-2.191268994696220218e-01
-3.425094755669603752e-01
-5.929739477767336231e-01
-4.905800314971571208e-01
1.073626975065319900e-01
-9.567565111084684881e-01
-5.470197933291146564e-01
6.376642598821796737e-02
-5.182141201026577160e-02
-1.935530920721463544e-01
-1.734368172914032002e-01
1.156606430156829762e-01
9.632073315034067607e-01
4.631914003381122358e-01
6.903589183801976947e-01
6.060638535744085516e-03
-5.012979778338592096e-01
-4.655306915250160826e-01
5.587122497720413694e-01
-5.578433392284659620e-02
5.568988013665028269e-01
-7.085870549055353074e-01
-1.615122531547671589e-02
5.533793588755855364e-01
-1.766155535455775916e-01
-1.533057837282218450e-01
-3.307791230452887254e-01
-5.376363003749787817e-01
-7.973924956483330329e-01
2.873560192218740372e-01
-9.203629327619434752e-01
-4.774033509820458931e-01
6.772596153034508015e-01
-2.631380933462643124e-01
-8.757458075028239086e-02
2.142921532711106192e-01
8.318013946230689015e-01
7.166858832814144709e-01
-3.212062365412107767e-02
-4.499265715729044435e-01
-4.834325594998792885e-01
1.908507329388869078e-01
3.803321217933096354e-02
4.842731286129537960e-01
-5.945576786080501996e-01
2.812523682063733377e-02
-2.826115522639079947e-01
-1.632331398294441516e-01
-5.384266463342488596e-01
-4.917869310895818247e-01
-6.126119952293508364e-01
2.668051742980542262e-01
-9.819341081794309423e-01
-3.602030727619794370e-01
3.517016188730875403e-01
4.968798906892867850e-01
4.961404013064417418e-02
-2.229898352107088089e-01
-2.772307835661347308e-01
2.368818588256646207e-01
9.457704807236875233e-01
8.267262210377130938e-01
6.758715896406825019e-01
-6.811961856718033725e-02
-5.846356311369880210e-01
-5.214878131937685790e-01
3.773248360015539205e-01
1.002209816814800120e-01
5.465410682686142607e-01
6.473679716451136157e-02
6.290695547525424480e-01
-4.395721293475837177e-01
-3.866954682662998022e-01
-6.898660653032305801e-01
-3.165785412998521342e-01
-3.478434358233678525e-01
-1.882735505864006204e-02
9.820709476497524459e-01
-4.440632963177874037e-01
1.779279785852275753e-01
-5.129516769463882825e-02
-1.938671703550124692e-01
-1.545875674701576163e-01
6.401161871433627137e-01
5.778642934692599376e-01
2.041251087268762185e-02
-5.935757957537073359e-01
-6.331801142200454979e-01
1.765655404745306023e-01
1.770315060507695881e-01
5.246750756216488343e-01
-8.624238543678699465e-01
-1.176644828749485033e-01
4.538094659733831193e-01
-3.531847977259030547e-01
-2.074982070309760729e-01
-6.596177952019642854e-01
-5.997216970130384572e-01
-2.873192553371916591e-01
-1.888171710456381935e-01
-9.931636862241346453e-01
-7.815103381925531112e-01
9.969483833398574968e-02
3.559789315285773886e-02
-1.227971094283982489e-01
-7.115268359454562583e-03
6.575411922163217904e-01
9.028906925604849310e-01
6.095818117717789475e-01
-7.791878637574761735e-02
-4.725968174379072684e-01
-4.419340671832531209e-01
5.571920729120763971e-01
1.917750981017050244e-02
5.258979695773049468e-01
-9.430545180809078998e-01
1.949408180238582644e-01
6.484037458753495464e-01
-3.258321703596293029e-01
-2.695031865342795152e-01
-5.824330264458761341e-01
-6.862179493229255689e-01
-6.717061764177120198e-01
7.727422229270367038e-02
-9.970241396982694182e-01
-7.775922307440142900e-01
9.463671982602957222e-03
-5.367083732382873368e-02
5.885209763995309651e-02
2.334968442342994499e-01
5.063103841250837789e-02
6.409591968383341332e-01
7.343959648617575109e-01
-3.424786500051240495e-02
-4.373436801958776599e-01
-4.754580779814209790e-01
4.184547578713270766e-01
-5.805469420718463447e-02
2.640194392566026504e-01
-3.990518681856412564e-01
8.250873630755331534e-02
-3.043294339248488467e-01
-1.251298463295940633e-01
-1.359007033301802836e-01
-6.258311193230425840e-01
-3.886376398039679270e-01
2.340873188619401191e-01
9.876046518557670684e-01
-6.047875349082300067e-01
3.529703835701966108e-01
2.367846230937324936e-01
-2.055850277224141320e-01
1.818238108487166549e-01
7.893744546365968340e-01
8.684080509469842557e-01
5.494367202730507938e-01
-2.937827087236492135e-02
-5.474858910703040982e-01
-4.861433479755184472e-01
3.601960435818862827e-01
2.405916219524659727e-01
-9.227033401606826724e-01
-1.371560648465407206e-01
-3.175682872455651284e-01
1.015674272661394040e-01
-5.286385949471541501e-01
-6.405578103494724562e-01
-6.721318541631883248e-01
-1.216439868688215659e-01
-9.852722108087611508e-01
-6.136114548478973640e-01
2.574018228036178968e-01
-1.510905508787336871e-01
-1.936165229313667469e-01
-1.161115704992906339e-01
1.503664160045429243e-01
8.283313154335331108e-01
7.610402565220230064e-01
-1.029745466156179942e-03
-5.301380801992209291e-01
-4.452252528980075730e-01
4.385716206014002028e-01
-4.730826267600857921e-02
4.159309663017672354e-01
-7.531475828252602589e-02
4.976920280575956590e-01
-2.917639990160056929e-01
-3.153722824766174715e-01
-6.082897807606473251e-01
-6.949980717098872551e-01
-6.317638591798814263e-01
3.278411452706769813e-01
-9.768164599551550920e-01
-5.571963227957099640e-01
2.477492755492996523e-01
-1.267530491827246683e-02
-1.453146802695687856e-01
4.298750875587575848e-02
9.952807974932735557e-02
7.632656570161467924e-01
7.348096586757482118e-01
8.288660182216136540e-01
2.674812868464235965e-02
-5.796115001170560888e-01
-4.582723918874066493e-01
3.799729033231024622e-01
-6.800453322668630063e-02
-9.799143364942399792e-01
-1.101153355316039084e-01
5.270364469336590307e-01
-3.146250938899402549e-01
-1.251866073383346711e-01
-3.483882774214216993e-01
-4.318395969015197955e-01
-6.301389918273513358e-01
-1.886325301233378049e-01
9.673533154410991486e-01
-5.781244102612773661e-01
2.895873140310082361e-01
-1.689775331861705088e-01
-3.619175041584508090e-01
-9.755848722484991575e-02
6.432123594411690015e-02
8.152796463319138542e-01
7.657907764440583520e-01
7.190190929320674496e-01
-5.037568837251974428e-03
-5.866544599349661215e-01
-4.339110465896785507e-01
3.495219252616746375e-01
-1.620350345457654273e-01
4.878116138870813301e-01
7.752129155027970286e-02
4.279081088027634761e-01
-3.709976206202558191e-01
-2.029735137549776580e-01
-6.983657639422977681e-01
-4.620019303139917821e-01
7.947451663400124933e-02
-3.790885812204171645e-01
1.882767368956735632e-01
1.054959165828454198e-01
-1.568153882325881987e-01
-2.302753901188148988e-01
4.072469127000617056e-02
8.644447102586223508e-01
7.914247854684317574e-01
-1.055151714677443481e-01
-5.818584508351561935e-01
-5.236084929181149539e-01
3.724859535011326717e-01
3.801168560301765309e-01
-9.516094588218908523e-01
2.153660356655997532e-01
-2.979910282501078700e-01
-1.921381866795393023e-01
-4.837394285372271230e-01
-5.774357026305090290e-01
-4.120628697839975318e-01
2.238480524358802959e-01
-4.891624126258304894e-01
4.246937028469665587e-01
1.419456246349728168e-01
-2.088607038980390684e-01
-1.879046191360502771e-01
9.456458276102294724e-02
8.973654704633597934e-01
8.810113021054110094e-01
-1.426357436235661802e-01
-6.215664472646020844e-01
-5.563385066989205985e-01
2.364225735411187024e-01
-1.184154410938546287e-01
3.972775966859534713e-02
5.105542348868770119e-01
-3.505545484887621077e-01
-2.284961512369155789e-01
-7.941243017720859276e-01
-5.228059862230541865e-01
-7.853340753412900721e-01
1.913165499453137186e-01
-6.554484585971264154e-01
5.103850585160791820e-01
-2.087629120270999977e-02
-1.522519327622166296e-01
-2.804524697795913180e-01
1.781403514117071152e-01
7.650572125442227644e-01
8.882929953706113491e-01
-5.583114497485491823e-02
-4.667192750827190983e-01
-3.895170214426310062e-01
2.929701725787519084e-01
-3.278898554215738809e-02
-8.540207115895412371e-03
5.095956708266207169e-01
-2.592821609331879551e-01
-2.950548471764131153e-01
-7.592703992388095680e-01
-5.109287418806045533e-01
-6.150007172125602217e-01
-2.478518589288425666e-01
9.950382248865466961e-01
-6.746273094350474508e-01
4.810934248993283674e-02
3.396773371017574455e-02
-3.016926166981421797e-01
1.732436201776164919e-01
8.156058852215466448e-01
7.928403155083292297e-01
-6.661462842436244314e-02
-5.075477160389501030e-01
-4.379234998312274141e-01
2.525551467825294938e-01
-2.036599228430300418e-02
5.408614872104614557e-01
-9.427921935198380066e-01
1.719427994252617498e-01
-4.271382387747750253e-01
-3.616326826108805931e-02
-7.075178774099430967e-01
-6.007994530269300526e-01
-7.886991711965536389e-01
7.810305419213205147e-02
-5.713807221799513947e-01
9.997736771716200788e-02
-6.782576901906367528e-02
-4.906712753281577966e-02
-1.630184951792369441e-01
9.133116631048597833e-01
7.494139848423744255e-01
3.787420363150989511e-02
-6.182807737756647048e-01
-5.251695824669274648e-01
1.830522961152416805e-01
2.617954794639691385e-01
-3.090607343424526740e-02
3.515589313947862227e-01
-3.634123544681185369e-01
-1.344999331403959053e-01
-6.047821717383957685e-01
-7.327554424957253287e-01
-7.465691583338489590e-01
1.963940605861323740e-01
-9.789037157758960772e-01
-4.956636508269816610e-01
4.312865321747612057e-01
3.221782888745016726e-01
1.142472286062412717e-01
-7.387966888248106989e-02
8.818957910388546331e-03
7.881215843918606412e-01
2.699396806362922463e-04
-3.285833066683834236e-01
-5.976686151190457874e-01
3.421682614352305474e-01
4.497835307340538463e-02
5.273349060110711362e-01
1.770145354367256563e-01
4.875859372074024534e-01
-3.315566797068658089e-01
-3.238492648837025256e-01
-7.939566790759560178e-01
-6.632078447757400186e-01
-3.971105831816508225e-01
4.696681693224276088e-01
-6.027687366036335037e-01
3.571423208658797144e-01
6.923911694186699051e-02
-2.560901597023616527e-01
-1.191371050916892327e-01
1.508025835532564585e-01
8.267074748134441986e-01
5.741175376821824328e-01
7.835281423667872502e-01
-4.908718680803823842e-02
-4.417258251101152666e-01
-4.336749496648587554e-01
3.596560015283032374e-01
5.211598773327766332e-02
4.497288755440494168e-02
6.267018461765326842e-01
-3.772973064617403671e-01
-5.004084246817156467e-01
-6.942877724660559968e-01
-6.013170689833258198e-01
-4.140005795292731050e-01
-2.002608271536122642e-01
9.105338611159977669e-01
-5.659630941951941940e-01
3.330009797955722495e-01
-1.862738427744776298e-02
-2.256823625396716937e-01
-1.085989604993148061e-01
7.151241816492031056e-01
9.131777979300720327e-01
4.807507203186847655e-01
1.266606324355367685e-01
-3.242688024404018488e-01
-5.538497011619686328e-01
4.724485551880539536e-01
1.303659956904792139e-01
-2.090292206177613368e-02
-1.566752593729535403e-01
-2.664162882857796233e-01
-5.598022066703862709e-01
-5.428837949480653791e-01
-3.876267095185331746e-01
1.055273333292104793e-01
-3.791308934221644389e-01
4.170066686165146974e-01
2.111078901743729253e-02
1.479539498663525188e-01
-1.437723908281117180e-01
7.795389038601465703e-01
6.624284479742303944e-01
1.035437095929320345e-01
-4.441826243560805798e-01
-7.051506014738629924e-01
3.326109088807434611e-01
1.068304532209269214e-01
-6.784375708314831221e-02
-2.405591946701647610e-01
-2.551839864091816068e-01
-8.316971584400059125e-01
-4.232950068391841958e-01
-5.671845675455755575e-01
6.998689782681650172e-03
9.784133600690292365e-01
-5.658609334780704270e-01
3.982436546679659073e-01
1.211737409149009626e-01
-1.113181055795828267e-01
-5.485816560068768055e-02
9.398856417043963685e-01
6.712579577120446617e-01
6.256321211856145093e-01
-1.291194609165290975e-02
-4.198906301196642654e-01
-6.069680818269390654e-01
3.937665716594005993e-01
-2.456966041806785475e-02
6.178155420893166605e-01
-3.497174519657103575e-01
-1.348297333918766494e-01
-8.383894207526219056e-01
-5.953891199917580312e-01
-4.137245845662647081e-01
-4.096613517094727097e-01
-6.003913322898905003e-01
6.812329010536920249e-02
1.759239561434053911e-01
-7.562537523439812059e-02
-2.465332779378047456e-01
6.424008619374899087e-01
6.215925339955801210e-01
1.254391524790331169e-02
-4.235659038755618111e-01
-5.013926595295411515e-01
4.133635739632073314e-01
8.421359845120922338e-02
-6.082701391647933609e-02
-3.794831321360834786e-01
-4.132303696678837346e-01
-7.871844856906304866e-01
-5.525292438252926708e-01
-7.702211138033130400e-01
-2.292641204422596682e-03
9.381435739154095899e-01
-3.584914700448767477e-01
2.792840681161179450e-01
-7.588812910621928198e-02
7.513501470811755067e-02
-2.170264949426995160e-01
7.954741748448582728e-01
9.037431205963422087e-01
2.908611151470501602e-02
-5.080572324132459627e-01
-5.965946364266871971e-01
3.338120781023609651e-01
8.665218365698407199e-02
1.540622063156577293e-01
4.244395475977386090e-01
-1.616968641400909346e-01
-1.266758965030436446e-01
-6.830600557433420539e-01
-4.900629922258176174e-01
-6.174421152676142777e-01
-1.714807450737095007e-01
9.671813583286652527e-01
-7.511015103129701220e-01
6.302911797428485674e-02
5.704214697005828560e-02
1.885442905885469367e-01
8.358679593760026671e-02
-8.246404721047252001e-03
7.244592095994577541e-01
8.713736042891794265e-01
6.799790229666885510e-02
-4.466085548081140666e-01
-4.573704954866783523e-01
2.524856825326239895e-01
-1.716256302179908766e-01
1.288604610175025644e-01
-2.707259884853556176e-01
-7.271358155664899015e-02
-7.030373992781783210e-01
-5.652887912002778625e-01
-1.905410479292813930e-01
-1.470894811778801492e-01
9.608143981164889436e-01
-5.588941092000209165e-01
1.033738607239935575e-01
-1.804800329867058475e-02
-1.788655405472576454e-01
1.633820419461311513e-01
2.382203064925287120e-02
8.107337474110860587e-01
7.178040322147742902e-01
-1.195595923433713376e-01
-6.834462962528290442e-01
-5.667403393166309256e-01
3.800018675626593012e-01
1.206182908461728570e-01
5.973564573025940128e-01
1.640290382888106580e-01
5.278452312657886392e-01
-3.338962060433344758e-01
-1.383442220571572678e-01
-7.343550816820526572e-01
-5.377499676992126831e-01
-3.457052376781845071e-01
-1.247118873833749225e-01
9.525533458957253785e-01
-3.602152579196065685e-01
2.108625551228828984e-02
1.076260440277626435e-01
-1.529142557765302834e-01
-2.196952253390500598e-01
2.457166863140893831e-01
7.808888172342868250e-01
7.579291366743485803e-01
4.987608030582148071e-03
-6.316253109763717566e-01
-4.581949842593225353e-01
4.854232618774693697e-01
8.871382664280147434e-02
3.843164695333805003e-01
2.001634371552972469e-01
5.183457235436821353e-01
-4.888485576079752981e-01
-7.639854773558707457e-02
-7.230965336299239876e-01
-6.313901674756458027e-01
-7.403601671304828047e-01
-2.707168605865238331e-01
9.354708014113036763e-01
-6.215668259462926448e-01
8.141148155174979251e-02
1.526790389485856991e-01
1.325941804819815995e-01
7.378429922518260353e-01
5.387562868702872043e-01
8.652724241348034306e-01
-8.626569014086898912e-02
-6.152835123677563578e-01
-3.879978269821919290e-01
4.122857297778121932e-01
1.784786321380505414e-01
-4.169253450788014403e-02
5.516378984744187974e-01
-3.063743776891093007e-01
-1.761944506249345788e-01
-8.633877997280493544e-01
-7.051033520088911821e-01
-5.999840230521379381e-01
4.678329138757297834e-01
9.702588299630457991e-01
-4.172074326827353574e-01
4.507651050779892810e-01
7.446383736358909433e-02
-9.569417564711177326e-02
-9.251049339532778359e-02
2.658447014711244338e-01
7.765346233500803885e-01
8.653467642363028567e-01
1.238347292208110371e-02
6.471735807399201512e-01
-3.891501410633189662e-01
2.225582460503149063e-01
-2.890768548672870836e-02
5.578930500043686180e-01
-1.044609025799606850e-01
4.928392755136490888e-01
-3.436463402735914774e-01
-1.154044840468386457e-01
-8.308873081772100155e-01
-6.593314827774749975e-01
-4.015488162427197083e-01
-1.379228809650155652e-01
9.741850760236621110e-01
-6.921157287885284504e-01
-2.934721716706204658e-02
2.234542859455531660e-01
1.384483194293906760e-01
-2.475674630900248641e-01
1.666490112311478367e-01
7.857932594154524164e-01
8.451302658665710288e-01
9.103886431296033255e-01
-6.704394428365667569e-02
6.278031136331786444e-01
-5.452871393590907889e-01
2.365321424518616045e-01
1.028354506075477258e-02
3.173281830865360420e-01
1.529029662862143972e-02
5.140480986781855721e-01
-2.689567663161231414e-01
-1.961431111828567941e-01
-7.265818668079235820e-01
-6.064130784718714251e-01
-3.157293194601834552e-01
1.583029872285216522e-01
9.468920381738503700e-01
-6.583915293096722632e-01
3.654196326920519655e-01
1.633178376297552033e-03
8.495711661852389796e-02
-2.944802108823071918e-01
1.592484372831595163e-01
7.476196924213802664e-01
8.716301994408959253e-01
-5.637547719185632272e-02
-7.431255688158073802e-01
-5.895788336561103016e-01
2.873991914446072382e-01
3.604785984690917627e-02
9.744848862749798390e-02
5.129211114666181182e-01
-3.929358310847209657e-01
-1.918745602818618390e-01
-8.502385596044801375e-01
-5.733395186626731865e-01
-4.391671944238258463e-01
-5.128744216199895151e-02
9.602752658527595742e-01
-6.957269265219849785e-01
1.881369335049724312e-01
5.863116698759288786e-02
1.517631417556615792e-01
-4.153979252815388074e-02
8.217418072555189301e-01
6.962125648714472259e-01
-9.701587971061428547e-03
6.595734511853571513e-01
-5.153718457864215896e-01
3.215850004300034315e-01
1.603064823753015122e-01
5.155878347612317114e-01
-1.335113475358839785e-01
-2.282509913437131555e-01
-7.635890124537620949e-01
-6.315448246428279067e-01
-6.328287149025096925e-01
1.501010469744830933e-01
-5.393007805687526357e-01
8.295938686292253506e-02
9.366212453728856024e-02
-1.941489470224976865e-01
-5.927299086437510384e-02
2.915474814230912814e-01
8.144565946028426984e-01
7.576844212668860656e-01
7.954783340346904819e-01
5.710323722060762532e-03
-9.830075764001743321e-01
-5.552876882066717368e-01
3.660838995680815722e-01
-4.462996097499129233e-02
3.996626688509198888e-01
1.119509612062038334e-01
-3.510612219672443191e-01
-4.172967326255357795e-02
-7.710909562698311515e-01
-6.273068069298813887e-01
-6.966196858652933255e-01
-1.733231356169624149e-01
9.433274120710221089e-01
-7.978321622220932996e-01
1.133870746835373422e-01
-9.530325056162648745e-02
-8.521623179499622502e-02
-3.453457145869889833e-01
7.560530223200827293e-02
8.423767940739045335e-01
8.475442397931443050e-01
8.197132779129694402e-01
-4.525435553117675841e-02
-8.026970680918189549e-01
-4.450867956264352165e-01
5.147070152288458766e-01
-2.987246714842602797e-04
1.098332775810165335e-01
5.929656270730528922e-01
-3.313634394251984139e-01
-1.831596841130732622e-01
-6.092480058315536962e-01
-6.035886336712223965e-01
-4.305632913730833566e-01
2.742779443117628752e-02
-6.167015350380503635e-01
1.519171919058130704e-01
-1.020434018099408841e-01
1.883512451916622213e-02
7.629887968573856316e-01
8.489841640064359485e-01
8.177699524657435770e-01
-3.273112390028691098e-03
-7.963355533102828288e-01
-3.126411708681646751e-01
4.124572169367153318e-01
-2.202169586152275330e-02
-1.318199957228031738e-01
-3.632633264089527025e-01
-2.124022723698378023e-01
-5.996293346839731697e-01
-6.383550143681138156e-01
-4.295353104013358014e-01
-1.307134581531575190e-01
-6.425245323230961425e-01
1.104917280057546580e-01
7.593622361200824677e-02
1.624799866199232168e-01
1.553181686857278178e-02
8.394436269478325885e-01
7.397991320457797393e-01
9.638683065930056526e-02
-9.385183304365054546e-01
-4.489813921300057076e-01
2.638722973859734533e-01
2.658823035976580762e-01
4.811642220089409894e-02
4.993432509468723191e-01
-4.277708995540007719e-01
-3.569519772788222467e-03
-5.758751686103047440e-01
-4.612540127537397838e-01
-4.425569537179319668e-01
3.110943618312285164e-01
-4.071601524777085923e-01
-6.816586435980541425e-02
-1.294547815727990769e-01
-1.045500250210683046e-01
7.695744943881130951e-01
7.329333196379618220e-01
9.380558191168690552e-02
-7.692880744412842198e-01
-3.128069571638463775e-01
3.392141310175784130e-01
-1.082611616328912341e-01
3.361440501150060878e-01
7.569463828489295110e-02
5.083584343489255808e-01
-1.940999622469098684e-01
-1.660694235190873780e-01
-4.432109367391108279e-01
-3.325370622212173721e-01
-7.919975731380783923e-01
-1.040609924844363710e-01
9.711844962613974674e-01
-4.129936207587139863e-01
2.342876072400848220e-01
2.973173999506767418e-02
-7.024475136949098752e-02
-8.332632430565752035e-02
8.004744523520558319e-01
9.281815775083069875e-01
6.774066284243813740e-01
-4.295316889863916299e-02
5.893578908447667519e-01
-6.389213499721714262e-01
1.590857013319967039e-02
5.795854057239478718e-02
5.754462794764955147e-01
-4.708627291851176233e-01
-2.173429357074956880e-01
-9.318536660096424784e-01
-5.743633964988879015e-01
-4.502746787915439253e-01
1.484166612080231595e-01
-3.687185269715526070e-01
1.322922142810290524e-01
-2.341656699399369268e-02
2.197268549123504097e-02
-1.021874432821134743e-01
1.751699290668347064e-01
7.900476503338687007e-01
6.581734322109731306e-01
8.686475019678626674e-01
6.762775710795113082e-02
-5.694979288628210234e-01
-2.904133582077128573e-01
5.419033610546700741e-01
7.735562461088004715e-01
-1.425125031092125405e-01
4.623556875480517303e-01
-3.108707467118533851e-01
-1.053530709221123379e-01
-6.007083814789648812e-01
-5.819556775132167514e-01
-3.685861154058703293e-01
-1.013425509919961554e-01
9.580828047367718758e-01
-6.717791290724260955e-01
1.692448826687827368e-01
1.238209462823067764e-01
5.929764355226336409e-02
1.551169342289824282e-01
7.791204425553230895e-01
8.990642118790403980e-01
-1.649476705493135506e-02
-5.156235205647302644e-01
-3.938120849181014904e-01
2.596205560466713358e-01
1.553953021634807974e-01
4.403221129361196695e-01
1.882488420578185551e-01
4.909078711924352301e-01
-4.169028595006512572e-01
-6.711331110868197503e-02
-7.543262464944795465e-01
-5.281498704704119529e-01
-4.560663631365318160e-01
-1.346494720526507094e-01
-9.838189689625734813e-01
-6.001520152487845872e-01
2.145321530668075488e-02
-2.217422856885000251e-02
-1.979293804516792654e-01
-2.017623332546548409e-01
7.708036525938517514e-01
7.436238758157722728e-01
1.306840964351897554e-02
-5.408508046770945654e-01
-4.876901912556876884e-01
3.080767375972136568e-01
-3.301916953292777929e-02
2.944018774535380745e-01
-1.111398689409239110e-01
5.620822078216415330e-01
-4.547081862787908380e-01
-4.989152052522897313e-02
-5.552700165244616182e-01
-3.508077115611712982e-01
-4.787104058748198332e-01
-2.308572521201189831e-01
-9.797596701703665811e-01
-9.614431318354593747e-01
3.285048785907572211e-01
-4.508824510308377664e-02
-1.981188494105599884e-01
-1.216617845547569160e-01
1.309428802865445496e-01
7.681542182076639413e-01
6.913160966217549719e-01
5.954126878381627713e-02
-5.344333552867428505e-01
-3.867595370989536097e-01
4.728378110025371339e-01
-4.931747358211262082e-03
3.148605017083673241e-01
-1.169682119367762736e-02
4.464963105400341359e-01
-3.604455178600502463e-01
-2.143923604993034915e-01
-6.366383536888629013e-01
-4.919485336687873245e-01
-6.596698971554521007e-01
-9.018676808328515704e-02
-9.905758915142568455e-01
-2.411293175780265807e-01
2.330218493565064941e-01
-3.408002699223865867e-02
1.912351719184113008e-01
-2.513526975119632079e-01
-1.599130162220088747e-01
7.984361815111642446e-01
7.068177872381539162e-01
1.790107408370955611e-02
-4.511189520341863934e-01
-5.152022085084543290e-01
-4.069003235684658382e-01
9.624703419360257362e-02
4.644379738665003754e-01
5.777070806276236176e-02
4.190582975787767173e-01
-3.858546117680521359e-01
-3.529530177021069082e-01
-7.218712801122786349e-01
-7.418939403557136547e-01
-7.112145704902466115e-01
-1.669517105038853810e-01
-9.168460256605759362e-01
-4.925694643043577181e-01
2.548616193207514091e-01
1.011766268040696776e-01
-1.825637174925979767e-01
-8.660594859741063689e-02
8.571168485444777829e-01
6.193297811024452981e-01
7.654150368142302874e-01
-2.397093257989022647e-02
-3.871635497248521740e-01
5.384616924849648933e-01
-8.617083476188505675e-02
1.007039999211091358e-01
-4.109522690987935656e-01
-1.335186569731380002e-01
-6.469758527300137896e-01
-5.088432953981755213e-01
-5.437495976195872993e-01
-9.594608777736846061e-02
9.699095142129955383e-01
-5.269972073182922490e-01
2.760731349549126468e-01
-2.042768055413496028e-02
1.022966261044564173e-01
-1.628283360825873438e-01
-1.890174664884244349e-01
7.857410734816649978e-01
9.059607353131484686e-01
7.170602685648930219e-01
-9.588582098861021807e-03
-4.390828147962920758e-01
-5.398132580715229167e-01
4.394588775318592488e-01
1.306611026815278076e-01
6.103465056679145961e-01
7.745480261522912080e-02
-2.862979324645464896e-01
-3.365326492105427669e-02
-3.310620367611536996e-01
-4.805510430198982608e-01
-7.559896980757300211e-01
1.696823594464328955e-01
-8.857116771497949292e-01
-4.494859254195753273e-01
3.945010560645379472e-01
-8.743098099854729188e-02
9.560095512156442654e-02
-2.034257870725952044e-01
-1.737368685741016161e-01
9.022131946222001764e-01
8.808432801221416364e-01
-2.916360510217092666e-02
-3.845533748101855887e-01
-3.850145900247310959e-01
4.707519097682921760e-01
5.610214580164279985e-02
-1.287320312453370807e-01
-1.537344825816489569e-01
-2.838618302279419248e-01
-1.445842475565359275e-01
-9.331991244698335519e-01
-6.328036697399707089e-01
-4.645829691530529715e-01
5.994491808491279189e-02
-6.308990073669977772e-01
4.615467226138760815e-01
1.499047525843195949e-01
-6.168319654308524608e-02
-1.222591747718383692e-01
5.367226279501256803e-02
8.764514534887507535e-01
6.081236679495757302e-01
3.771062117861227747e-02
-5.343761516947382884e-01
-4.157570048782594507e-01
4.377601606790671451e-01
4.473652773165648355e-02
4.997838563229402564e-01
-3.729678517907342172e-02
-2.226686145256938643e-01
-2.653408180257903481e-01
-7.449206921796720504e-01
-7.129462879190318070e-01
-5.816276203971343373e-01
7.584765060730780904e-03
-5.847243539209192598e-01
2.171702022564832996e-02
5.884247534832380555e-02
4.297883129387540524e-02
-1.067643024252651340e-01
7.223334124601183959e-01
7.738922536454616585e-01
-2.908592948862991426e-02
-8.664921668075953320e-01
-5.346568737438887053e-01
2.399193393792131701e-01
3.371101395838733798e-03
1.157605688254262771e-01
-2.419624136875192510e-01
-1.846675553976286910e-01
-6.441544017069791295e-01
-5.117098194906519737e-01
-5.453972920900970189e-01
2.642752776928537425e-02
-5.005425355102994800e-01
-1.091937330038672202e-02
-2.548535721593441772e-01
-4.963151708556417380e-02
1.121472979005092019e-01
8.047861426280333852e-01
7.876236493401743699e-01
6.534951323425421954e-01
5.480067106901456014e-02
-4.842946369038604315e-01
-4.343958180008278269e-01
4.974387479064806272e-01
5.148493006125618443e-01
-4.067506708380094760e-02
-1.964969508948033461e-01
-1.138899443575846632e-01
-1.123015048718234155e-01
-7.716385574185075091e-01
-6.069547613621001370e-01
-7.196705576283548567e-01
1.900589603077092182e-01
-9.813856134119259833e-01
-3.464289619426706990e-01
1.682488729480042244e-01
-8.509907437517118256e-02
-2.132145368278448583e-02
-1.813505078669631621e-01
-5.060168405570516503e-01
4.739967765390795673e-02
7.474236328622271275e-01
5.275711376301420730e-01
-1.145021399729977823e-01
-5.731805409901040704e-01
-5.705725856104904015e-01
3.956191914270769661e-01
-3.744116298573658685e-01
5.033202919549722987e-02
5.234333216200718342e-01
-2.674932719894887456e-01
-1.088160991534089517e-01
-5.515904214378302139e-01
-5.047325029392623064e-01
-5.712594337756079499e-01
-1.106514162033618298e-01
9.837401005322687908e-01
-6.363924256246108468e-01
8.198391163687998584e-02
-1.538283696059883909e-01
-1.953162895530445864e-01
-1.758474993147449705e-01
7.417367607749937308e-01
8.242238898371816447e-01
-2.385763912662346165e-02
-5.550389051325552714e-01
-5.036239300255127560e-01
3.520773192481722047e-01
3.457002929107828165e-02
4.980183674981430442e-01
-1.416280438054113439e-02
-2.618013299467086830e-01
-9.373232668387804223e-02
-8.144651797304208740e-01
-5.195552243984060681e-01
-2.760918621696843434e-01
1.458854115233236375e-02
-9.951315534819216158e-01
-3.601392480555088982e-01
8.610483888075115555e-02
3.731870652836372787e-02
-2.258466007359231920e-01
9.371851367642351771e-02
8.880578715047531685e-03
7.123017426241105010e-01
8.979067578452064602e-01
-8.639696610364398788e-02
-5.385508722989155173e-01
-6.279572610421816359e-01
2.420900687868849377e-01
-4.003248652241327837e-02
6.129297901411522309e-01
-3.278268670715623334e-01
-1.219842769207921951e-01
-9.325739018870338182e-01
-4.979451804633765466e-01
-6.029857261423814396e-01
1.901022664596808964e-02
-6.035876037972133235e-01
1.426831703380618266e-01
1.097037915577017166e-02
1.483985529066989273e-01
-2.816232873858859898e-01
4.003983046807282897e-02
5.903437369105397625e-01
8.244407560716662253e-01
-7.469814303357831531e-02
-5.806877957814559066e-01
-5.983432278738061161e-01
2.291273741997142677e-01
-1.423768338818139911e-01
4.865698075807556866e-01
3.665870011173760767e-02
-2.130923720781127684e-01
-1.034234719339437586e-01
-6.555711562907011736e-01
-6.406065519066750369e-01
-3.236191159874457490e-01
7.096715467740549732e-02
9.938896352481523255e-01
-6.769344693132901547e-01
2.572121980963306132e-01
9.741537519730424088e-02
-2.508851561991524148e-01
-2.117043918519024570e-01
3.080545885171812048e-01
7.536075761186038502e-01
8.529176088848687831e-01
-4.924007282129524293e-02
-5.220501436618764091e-01
-6.402140926719158687e-01
4.150888965873114622e-01
-7.631972631886589642e-02
6.104875566074361437e-01
-3.177773593894330784e-01
-8.554645097670042497e-02
-8.168970123087703206e-01
-6.650178144684273374e-01
-6.104806128845871038e-01
-1.454129506278807049e-01
-9.766879872972358267e-01
-7.868147219659129554e-01
8.706684591410383811e-02
8.669729166867820580e-02
1.674490020332700946e-01
5.314441867846677603e-01
8.866157736771982378e-01
8.362188562981960963e-03
-5.105620349295948435e-01
-3.720162419375123153e-01
-4.767815255593573220e-01
3.305121685883344318e-02
3.064937031070777973e-01
-2.270632134264397028e-01
5.680921747727268878e-01
-4.196931314020481696e-01
-3.414556963510025911e-01
-7.945331024694934907e-01
-5.669002494820261084e-01
-6.096038272549370030e-01
-3.198980083258661233e-01
-9.989667538078608189e-01
-5.181821647860893609e-01
-1.707411960756567010e-02
1.796492938918094195e-01
-2.236427323735815098e-01
-6.835479354043402789e-02
9.054363546243268668e-02
5.243203931969884213e-01
6.033597624272158955e-01
-1.356625838442133448e-02
-2.376778116272490748e-01
-5.344579653633151350e-01
3.709374440901993530e-01
-2.843322505637364550e-01
-9.636508516646359601e-02
1.737197103744771987e-01
5.578420220054139955e-01
-3.646024321757941333e-01
-2.196247526384534077e-01
-8.682449395256199853e-01
-6.312001041750041619e-01
-4.818970362166882238e-01
2.825084269340662787e-04
-4.637999545262559420e-01
8.267285168197353873e-02
6.933271739370612530e-02
4.488125862017481454e-02
-2.826180807991428012e-01
5.361511890276167147e-01
7.205458436444944770e-01
7.352545741442080285e-01
4.211680479114820325e-02
-5.018786889894427672e-01
-5.798565090433674962e-01
3.844849428093963239e-01
-9.972831937285071835e-02
1.408562721644137650e-01
-2.880533155683334678e-01
2.402946803937537623e-02
-9.677159876777928771e-01
-7.478259711453356662e-01
-7.309209140668921911e-01
2.472621196775653604e-02
-5.605617678735297371e-01
2.271174026650369104e-01
2.819302160776973945e-02
3.993563229584869839e-02
-3.725717037295308010e-01
5.574360309447832229e-01
8.019591685822602400e-01
-4.577958445830115908e-02
-5.799522092094347991e-01
-3.820344993009062717e-01
5.374827947401608075e-01
-4.163706645412769691e-01
4.335750297484203264e-01
1.426832771764761920e-02
6.811301771485500645e-01
-2.681165272416626277e-01
-1.889935350964073169e-01
-6.698565208052845721e-01
-6.811505426088064752e-01
-6.275158994391981659e-01
-1.663682323412466746e-01
-9.968608711527198185e-01
-6.844207795315007115e-01
2.313322520027512319e-02
3.262461462831574288e-02
1.014719557602027922e-01
-6.691616972389358153e-02
-3.850638032705724217e-02
5.676133876187657856e-01
7.363805846060766935e-01
9.003679592572543661e-04
-4.812884747703474186e-01
-5.002641191459915593e-01
3.613700472182367340e-01
4.654304540943929869e-01
1.188646167974088952e-01
6.010517522303793214e-01
-3.378755259061544391e-01
-1.638247578636848889e-01
-6.789040363716076776e-01
-6.031271066966141792e-01
-5.868330020368938138e-01
7.369556683674827018e-03
-9.823006837745625885e-01
-3.372279592702102091e-01
5.395146090154923774e-02
8.502752739248510550e-02
1.232781581755171135e-01
-2.664901591781221324e-01
5.090138143263656101e-01
7.153874192190814441e-01
4.854472215829237769e-02
-6.052868532777384569e-01
-6.073393038346427408e-01
3.673825924007931842e-01
8.097774272507055407e-04
5.132172038610214315e-01
7.186323557469946610e-02
-3.598225803198487616e-01
-9.304592957205837234e-02
-6.090417862052330822e-01
-5.810949313643269942e-01
-7.706043019652907278e-01
-1.175022675596936877e-01
-9.917429067240097762e-01
-4.687536062099322831e-01
3.585022313383964820e-01
6.863946764918837928e-02
-2.518405856874312287e-01
-8.803645740884180615e-02
-9.577638555773225482e-02
-5.743074304859970836e-01
6.989973699650599004e-01
2.970785872463824889e-02
-5.971317621565915834e-01
-4.543294480776781108e-01
3.367668564473108028e-01
-8.696949402763631820e-02
1.953281553793057845e-01
5.402710446129698196e-01
-3.486352903875641895e-01
-1.941827328035553302e-01
-4.713980076879504821e-01
-5.219694798197856977e-01
-4.482954775355383892e-01
-1.399582675736635862e-01
9.945569591255153385e-01
-1.993931413549192844e-01
8.055268274442216325e-02
2.723730339625021757e-01
-9.796894513066001231e-02
6.119344015611353216e-01
7.164711167497426203e-01
3.982603562599888042e-02
-4.647245089734178269e-01
-5.042088370096231564e-01
4.689918870922988314e-01
1.201218657636018289e-01
2.731309892641453629e-01
-6.862740908681455032e-01
9.300357922032220781e-02
5.501128834434757531e-01
-3.135318618296911719e-01
-2.461261821676611061e-01
-5.947312141664579110e-01
-5.399579472856931295e-01
-3.566386934119582519e-01
-1.329758154506975321e-01
-9.715648030276338165e-01
-7.446764407954580278e-01
9.579873243769544688e-02
9.467112973750484509e-03
2.012986603607880565e-01
-9.160519604652671288e-02
2.510568246568117279e-01
4.921796588786842008e-01
7.275132882131338796e-01
7.349388414306441408e-01
-4.651077856035016472e-02
-4.844157317246627348e-01
-4.936478411508878894e-01
3.989340626703037906e-01
1.019071023109358182e-01
4.811587373267288137e-01
-4.938249144873386315e-02
6.021200312708570035e-01
-4.550008164553645540e-01
3.189709125234035242e-02
-8.665594662315856400e-01
-5.777050804009742357e-01
-7.111323650979135547e-01
-1.207505188714698280e-01
-9.957560026456021562e-01
-4.563764324867137789e-01
2.409132156703886751e-01
-8.689535981166448403e-03
-2.430408034214489588e-01
5.751705144231265832e-02
7.290745048051860966e-01
-9.370934924574619157e-03
-3.545733475554669889e-01
-4.468272773997956082e-01
4.380164866952924729e-01
-1.475196676446812183e-01
6.630656926917857241e-01
-9.411130796105961205e-02
5.296365588844894612e-01
-3.415818156712051579e-01
-1.362872348227798236e-01
-5.533112077715358623e-01
-6.085819996707924062e-01
2.455278523343645825e-01
-5.415903421115597638e-01
1.936370171083670322e-01
-1.325540532863967412e-03
-2.919797657794864776e-01
-2.340349285079496300e-01
1.266964653666438623e-01
6.264052801286129624e-01
6.544030172618087171e-01
6.670616920179776493e-06
-3.485848779284121957e-01
-5.648033212796934599e-01
2.715435354226133913e-01
8.743087882725657234e-02
2.371017380715168821e-01
-6.597294456525670814e-01
-4.154033282782394060e-02
-2.688498115253964982e-01
-9.666276867765187519e-02
-4.265042901894448013e-01
-6.563130847124740708e-01
-5.688854837634536032e-01
-1.693602912889948242e-01
9.051672065719271743e-01
-4.980803022397578550e-01
2.323875145745276094e-01
6.123918671742673708e-02
1.548033384137254553e-01
-6.664483986120983694e-02
4.821179142520385930e-01
7.250939702323329072e-01
-4.857959975008065145e-02
-5.456633795338848847e-01
-3.840942578180282507e-01
3.919533292488137088e-01
-2.160442457129636493e-03
4.083751709137595047e-03
6.146158380230902774e-01
-2.987965225675426884e-01
-1.418995950931070116e-01
-6.473872694268923977e-01
-5.594997718281410348e-01
-1.760800484754050099e-01
1.388062052968677129e-01
-9.854989651039481879e-01
-4.493245596803590036e-01
1.279793428684546652e-01
4.787526824000385567e-02
-1.900258088044105564e-01
-2.043205581241842594e-01
2.842109509799405354e-01
5.990193097680142076e-01
5.805546085703841008e-01
7.182708283278183004e-02
-4.158659613075664230e-01
-6.056068417616533583e-01
7.725582745332379431e-02
-5.838590470139308486e-02
-2.039199232691578101e-01
5.805650017827161946e-01
-3.239806222996934881e-01
-3.905264995830370206e-02
-2.110489396054543998e-01
-5.912882552975526895e-01
-3.308917520207168006e-01
-2.344599932616423521e-01
-3.686726387277935446e-01
2.574606368238782084e-01
-9.587065465899210354e-03
1.564884128170409283e-01
-2.005780184115130427e-01
5.500322652538921497e-01
4.996500165174675989e-01
4.794803298698261523e-02
-4.046287708715072262e-01
-5.807547595388151684e-01
2.925904017238219468e-01
-1.175746268125755622e-03
3.256519218610575556e-02
6.517128072899469604e-02
-5.346323393866153628e-01
-1.794522702399766745e-01
-1.639558176167887349e-01
-6.315379160558568516e-01
-5.684957249991932082e-01
-1.531291905489198107e-02
-9.868964657363625825e-01
-4.315555906604359171e-01
4.032745080517211728e-02
1.885966533992174954e-01
-5.472863076104669822e-02
4.663822929660551564e-01
4.538987648091196148e-01
6.957466041580369354e-02
-4.927053729467249510e-01
-4.433876271032137772e-01
4.687983633715600007e-01
-1.141335418748467070e-02
3.643465507887351240e-01
2.203509061617158205e-01
-3.619472381373861070e-01
-1.887353756387916970e-01
-2.463276685766034313e-01
-5.806585659272266442e-01
-7.809295291334878986e-01
-1.838846500258195238e-01
9.570971114032106319e-01
-4.414636507004629506e-01
9.196758877952926348e-02
9.124274109713159664e-02
1.864631032411707412e-01
-4.463543218901758897e-02
4.388443546268053774e-01
6.697496973324846836e-01
-1.106767234138896355e-01
-3.779673297769213236e-01
-5.713911016740312876e-01
4.337221626084314385e-01
-2.409727106373650216e-02
5.517410038446771692e-01
-4.096927166824052557e-01
1.465818492022503416e-01
3.143144689202425623e-01
-5.402431117300814378e-01
1.343031390690868632e-01
-2.544935659924220661e-01
-5.893358456234524256e-01
-4.397607696919460518e-01
-1.131533446562423550e-01
9.900174466439153331e-01
-5.234436206151997784e-01
-6.076889891702614427e-02
-2.533607052876010735e-01
-1.957738320890395900e-01
8.049786811564434152e-02
4.668417492662273460e-01
7.247690123243399896e-01
-4.077034063808858411e-02
-5.744094286441400188e-01
-5.693745920816253303e-01
2.799839090550346743e-01
-7.294831804527467101e-02
4.251544893562166916e-01
-6.237967955089725874e-02
5.154549856076290348e-01
-3.909556795018203634e-01
6.950483723450662232e-02
-6.590657586487355113e-01
-5.386037268506143061e-01
-5.749746295702927723e-01
2.298915648532729172e-01
-9.771487595329699793e-01
-4.725741889668591544e-01
1.105436195273876328e-02
-7.125760805972372602e-02
1.159384568849175928e-01
-1.216120910054782622e-01
1.337082270510226434e-01
5.271609885378238936e-01
6.440628457049784039e-01
3.758666502702016216e-02
-4.240303496133662198e-01
-4.515219544529968654e-01
-3.289297336159303642e-01
-3.040226739087547453e-02
5.243217261634899318e-01
-4.934115146866015489e-01
2.426796238568182384e-02
6.726818497065448765e-01
-1.529576278266961686e-01
-1.052846251157229379e-01
-2.114326565349801401e-01
-4.640003967231363657e-01
-4.614411848406815841e-01
-2.865528404817653252e-01
-9.731350305428730918e-01
-4.991062839821155950e-01
1.239309301531928281e-01
1.903672268868247530e-01
2.617906092511047000e-01
-2.041501608631233755e-01
3.441890890960964677e-01
5.128513711355150440e-01
8.354268678548431026e-01
6.159154037665253156e-01
4.779785565571997158e-02
-5.652699568090873150e-01
-4.947993823622239828e-01
3.960964993072259022e-01
7.774956545741498748e-02
1.750719492870113636e-01
6.862737998494551350e-01
-3.547487166570820194e-01
-4.856770223082843008e-02
-7.762044645187423653e-01
-6.051323496565131910e-01
-5.918639502337564862e-01
-2.630472838789695844e-01
-4.664126198486704955e-01
1.604618166069164409e-01
-4.389023079496302132e-02
1.102510661083894589e-01
-9.941308427008126170e-02
2.029387661513524788e-01
2.270548517794507559e-01
6.424460058364237502e-01
-3.601228802797817180e-02
-4.469663382925536665e-01
-5.310048809979129869e-01
3.769950131337175825e-01
4.142247166966389060e-01
-4.425794762280090278e-01
2.630184057378807602e-02
4.269124740289106379e-01
-3.106611391819820711e-01
6.898944982455594045e-03
-3.402461698554629654e-01
-5.402925890001963882e-01
-7.463227272921704181e-01
1.967984640778122074e-01
-9.707277569554799701e-01
-6.790991981218695850e-01
7.444898640207676943e-02
1.611120385450560411e-01
-1.002310853781343825e-01
6.264585397802915345e-01
9.055351750923872345e-01
3.165496166162850428e-02
-6.574374059290674088e-01
-4.172580003266745940e-01
3.933961145182691133e-01
3.654092873621548887e-01
-4.107127994793479536e-02
5.009698851507725648e-01
-2.749277692826441188e-01
-1.950239448905998485e-01
-7.730509420491715744e-01
-6.044931713180846655e-01
-7.587813751611062196e-01
5.736399166179410869e-02
-7.217843279222184716e-01
6.215481703437383265e-01
9.085326126456548523e-02
-2.374685033764884490e-01
-1.686802145187214774e-01
2.299762048679771242e-01
4.370316858394225346e-01
5.877974032934547566e-01
-3.213823582696194881e-03
-2.383474303156749019e-01
-3.809686348726372129e-01
2.495154187707997184e-01
3.836086445406369783e-02
2.921564258619717691e-01
-3.763328178540550906e-02
5.622587592990077043e-01
1.902180627767875998e-01
-2.087130279962441382e-01
-5.631942086917237633e-01
-8.526621361946012945e-01
2.918422493319243194e-01
-9.587569746158326467e-01
-5.382152783081823877e-01
7.907499348014057627e-02
1.443171252891942147e-01
5.733768369830553185e-02
6.573418422413878082e-01
7.171244743763929286e-01
7.174732388562199414e-01
-9.354547206008440030e-02
-6.518626459459553324e-01
-6.565099971308137050e-01
-4.055449005161861908e-01
-1.141247248428026440e-01
-1.481105196122360027e-03
4.563734660566967083e-01
-2.721662529579076395e-01
-5.825189365748597442e-02
-5.702764597403026103e-01
-6.949849917156016854e-01
-7.293957118920173233e-02
9.393474539618849040e-01
-4.651486017418620666e-01
3.141816316298378653e-01
-9.724793304205299471e-02
-2.127040813450108980e-01
-1.685703425315664486e-02
5.184828360971369676e-01
8.122921213409143304e-01
4.817352233291801594e-02
-5.318321134803885020e-01
-4.516281023081498147e-01
3.958954296643009130e-01
-3.888795354946091298e-01
-5.075363404451738170e-02
4.798467114641307568e-02
6.083600483919605617e-01
-3.490806070274053985e-01
-3.362152254061582385e-02
-4.648013040751282077e-01
-4.415422218136589860e-01
-5.738847422958299749e-01
2.503143718913248272e-01
-9.751684432260552260e-01
-1.360863281679638992e-01
3.986400827937179592e-02
-1.199680660809604310e-01
-4.942712318477161804e-02
3.068733893110863753e-01
3.516267683326024795e-01
7.760792281473044563e-01
7.428101358936070424e-03
6.730500309302025475e-01
-4.025771817697216814e-01
2.551250810625689258e-01
-4.488301125086204685e-02
2.929659546996575270e-01
-4.696095372854885812e-03
6.796566755194436427e-01
-8.658989861215962702e-02
1.054911555519660871e-01
-3.880862439664732877e-01
-3.656545756496681343e-01
3.675734423242907334e-01
-9.999123133913367933e-01
-3.877564963267751130e-01
1.192325466646136090e-01
1.348332752206984064e-01
1.497598403383812275e-02
1.651844741217894375e-01
6.567452001129826522e-01
9.643931531927127931e-01
3.774228856443259325e-03
-9.872690720609342829e-01
-5.974460657898831295e-01
2.158105378592287682e-01
-8.220224685942117276e-03
6.300175517952865123e-01
-2.453463681207085356e-01
-3.046682616632466201e-01
-5.506197116799042002e-01
-5.151666948009713254e-01
1.520962091704014703e-02
-9.592848999595768866e-01
-4.555816382311491108e-01
2.044697287003054975e-01
9.366878682266621681e-02
1.721480516056759502e-01
-1.938953663544011052e-01
5.613959197911380095e-01
8.083692851815946767e-01
-2.585910451457253817e-02
-6.745969642964582125e-01
-4.915134348399175512e-01
1.895288748004158030e-01
7.051073121205651828e-02
2.958983946591333680e-01
8.960139298172969946e-02
5.559714028657939400e-01
-3.661516315077349981e-01
-1.563470732032916088e-01
-1.155944958614194412e-01
-8.822334167749391609e-01
-6.107643497445098824e-01
-3.728110657812430673e-01
-2.136928863652905186e-01
-5.250240550472068390e-01
4.819403419214716711e-01
8.132241530938250085e-02
-2.734192170618038875e-01
-8.857355907480841950e-02
4.373161590463572335e-01
7.816970037341717248e-01
1.238439367348956668e-02
-6.752807649380481170e-01
-6.784417351311500255e-01
3.771344329632157488e-01
1.946116156951447906e-01
5.975996393584562250e-02
-4.194029825517934795e-01
2.809817571668798281e-02
-7.665148730189691451e-01
-6.148123242100171915e-01
-4.769475781151792382e-01
1.486296023216258089e-01
-9.423127791317114088e-01
-4.409901984786794849e-01
1.649788106283488487e-01
1.264045560974666645e-02
-2.757683674241833693e-01
-2.069628112332760894e-01
1.081899900017107424e-01
-6.215939059595554372e-01
8.158343894605785129e-01
-9.421603622681869183e-02
-4.054477059965608809e-01
-5.534776588362936289e-01
3.286089559142384986e-01
-4.710675079027039081e-01
-2.389563762890151849e-02
2.906989085846590770e-01
-3.691124615190639197e-02
-4.183928240399585885e-01
9.556472801903417857e-02
-9.074958520722374855e-01
-6.788838536321200046e-01
-6.477031006989658612e-01
1.501382032032783365e-01
9.998379390468653538e-01
-4.299517855685579537e-01
1.562487942568941968e-01
1.165016445960728730e-01
-1.057103359119852259e-01
-1.312663425438516385e-01
-8.237841826969685699e-02
5.125638277569040113e-01
8.463776443673721728e-01
9.818526055073707737e-02
-6.018906266919330506e-01
-4.229833813248522478e-01
3.702383324721746360e-01
1.257336494528127346e-01
2.963563451838219232e-01
2.817535849704846940e-01
4.813439539336319961e-01
-3.797113490361280208e-01
-1.485268207515103855e-01
-6.258893995397454280e-01
-7.183935424848859608e-01
-1.388019604735699353e-01
-9.896150678302835235e-01
-3.934263763668600644e-01
2.772833209405144994e-01
-2.499077666094294548e-01
2.022939590508109065e-02
-1.371634493777027300e-02
7.679276583959229185e-01
7.724162256448785513e-01
8.477531030252772465e-04
-3.775789649751567501e-01
-5.388023664179649730e-01
3.152353565566223814e-01
1.248999117739414688e-01
8.519507189951680548e-02
-3.288111173959963884e-01
-3.017536856797880737e-02
-8.231336729706851818e-01
-5.755854018150293738e-01
-6.078295650286962282e-01
3.841591543065214776e-01
-9.643840868975914749e-01
-3.090116179812102959e-01
1.847133667576069671e-01
-4.219162994632202381e-03
5.985174793669256060e-02
-1.034926367702080630e-01
6.733361828192964138e-01
9.041079306087509426e-01
-1.197479125346700563e-01
-6.240539656988886019e-01
-4.326955151527084320e-01
3.669910119900401946e-01
-2.369018966761724659e-02
3.736183291939396689e-01
9.492562123965730958e-02
6.638210084607125694e-01
-3.049555354918677130e-01
-1.631981727850779773e-01
-3.934309976220838889e-01
-6.835155943039956661e-01
-9.132589605730251359e-01
-1.387255480934653229e-01
9.267783680807997193e-01
-5.936439805015659710e-01
1.802615469002840087e-01
-1.382107299572108219e-02
-1.120043875951081402e-01
-2.167221803228168153e-01
5.822547595987037639e-01
4.414454365680838821e-01
5.954024035367537770e-01
-3.439585736248423897e-02
-5.378095219281285866e-01
-6.112750204299416401e-01
4.100884806808783867e-01
-3.024776371689946730e-01
7.448219462302101412e-01
1.222744067162499088e-01
-4.171471179397647777e-01
4.027973419093954649e-03
-6.735654130873653944e-01
-6.660315359718955719e-01
-3.976908835752384630e-01
4.671252025301689259e-02
-9.448825562959199953e-01
-4.884868996305490318e-01
1.846567145378335550e-01
9.121992100343136178e-02
-1.117938119124371465e-01
-7.586755806067360663e-02
1.599618418667589081e-01
3.777907778593987964e-01
8.363813254165046729e-01
-9.079173494019553148e-02
-5.815930681160780269e-01
-5.706264343023459418e-01
5.140877482785827235e-01
1.178870942203915197e-03
5.347101199592968479e-01
-3.702861047763928992e-01
-2.504488780790278257e-01
-4.770629472577749275e-01
-6.678274358915861075e-01
-3.062357156414342516e-02
-2.937390283024445270e-01
1.443993551496293992e-01
3.708763411884482414e-02
-1.284104007180500162e-01
-1.904858139317477661e-01
5.065380570950666073e-01
7.875571344897224213e-01
4.170026937429917591e-01
7.296714933086166643e-02
-4.649753950966686866e-01
-3.516062877852437207e-01
4.825839617738659215e-01
2.401573728499664384e-01
-3.154424070932523166e-02
-2.465091490995537094e-01
-1.373853398407139104e-01
-5.274878020529042422e-01
-8.582191057376524768e-01
2.131837066449813745e-01
9.630319824810824603e-01
-4.335917787287740244e-01
1.192687452517146723e-01
-4.668065449117366622e-02
-1.965861269738823636e-01
-1.388182401469038874e-01
1.719898284099825592e-01
5.762512932157648482e-01
9.218965075601900372e-01
3.337093728345360416e-02
-3.430111053908249663e-01
-5.303453427943758403e-01
2.989365405389008412e-01
-2.764269356792573573e-01
5.225488858389545355e-01
1.029731466731392125e-01
-3.298366936779540404e-01
-2.376849019502229321e-01
-5.999880982834513432e-01
-7.614244019237319527e-01
7.801507607459629012e-02
-4.930697370757550213e-01
1.194814293893472767e-01
7.152874142181291084e-02
-1.584239759959692462e-01
-5.332011539460937977e-01
7.111811580647708908e-01
-1.612963247236363917e-02
-4.784606127277112875e-01
-3.863996028740910860e-01
3.491002017757664500e-01
-1.740567922214940055e-01
5.266065639393742170e-01
-1.812216790042894821e-01
-1.260958746977058065e-01
-3.030744886654317474e-02
-5.840281095839832126e-01
-3.542723363865871722e-01
9.306837389136662919e-02
-9.930140180955712159e-01
-4.925008321080718843e-01
-2.434818195387467715e-02
1.250686890443715726e-01
-2.390424272009214202e-01
-3.173086843635445232e-03
4.448270818672326876e-01
-3.052944846786887489e-01
1.719912682177065014e-02
-3.754653350618135099e-01
-4.076579802279924891e-01
2.820671506627506764e-01
3.421194800490014870e-02
3.812441263053750751e-02
-2.807908814317834345e-01
-2.375854885024568930e-01
-5.508114299185383755e-01
-4.396311364118134501e-01
-1.684034582100945865e-01
-4.282425368182837810e-01
4.599258033747253283e-01
5.403144981968729943e-02
-1.779795882900856996e-01
-6.620539949595138918e-02
-6.327004504709120639e-03
5.872872656316935336e-01
7.052369003854808138e-01
-5.970782483377184285e-02
-4.459070657697401519e-01
-4.119091314360205369e-01
3.178167200992563224e-01
-7.887014823131870134e-02
4.861563200243058103e-01
2.154880976656506353e-01
5.367317695907392050e-01
-1.164056497658377681e-01
-7.519168556012754967e-02
-8.055311477670700215e-01
-4.946090926605908877e-01
-5.082491091187567589e-01
-2.335932103228035850e-01
-9.445667044950097901e-01
-8.395709464008345169e-01
4.121236503201652912e-01
-1.680951751146868289e-01
-3.611366241933519072e-01
-1.112311377012474151e-01
1.067724975301297674e-01
5.341662007448394478e-01
4.198107409361347409e-01
-7.888309697644803331e-02
-4.800645813421891006e-01
-4.723223916268993183e-01
3.097384836280320797e-01
1.496590250682013068e-02
4.406160884312039505e-02
6.545469573075993752e-01
-2.690138322671801752e-01
-1.787761006118075702e-01
-5.704144232796629632e-01
-3.507754920257653564e-01
-1.666139823977384748e-01
-9.762596076915642795e-01
-4.328137052139848784e-01
2.922379867551503918e-01
3.961978585799828811e-02
-8.596282385046581653e-02
4.945727939633328546e-02
9.187419676939806434e-02
4.657591875588189545e-01
8.506835010156664767e-01
-5.329339522738790053e-02
-2.671782728469329071e-01
-5.214138616542540738e-01
4.785136579463109552e-01
1.079692668802487154e-01
5.710124595219636667e-01
-4.826704154944062852e-02
4.972027170431914112e-01
-3.000253493102308378e-01
-3.785792930391544686e-03
-4.721458031626334373e-01
-5.374188738999344794e-01
-4.410714804675871514e-01
-1.497781535582860812e-01
9.757057700737558070e-01
-7.331555196223184245e-02
3.246049909756311413e-02
3.815946224538447479e-02
1.275217180112294402e-01
-1.338528015247611169e-01
-1.104645926073186540e-01
6.259757211942649224e-01
6.099983718443963143e-01
1.817346311934850411e-02
-6.839231415428299599e-01
-3.548985623859856608e-01
4.261310544056792216e-01
1.804389906961909040e-02
4.050809804819113236e-01
1.926230889114786266e-02
5.916884225315137691e-01
-5.226812369554347804e-01
-9.384622612299142741e-02
-5.784770657892525092e-01
-4.769764769358764145e-01
-2.619959045254913188e-01
-6.113944837431953966e-02
-9.441998572672215539e-01
-5.233583801711930716e-01
2.175490884934294655e-01
-5.502292612879985251e-02
-1.921581605405282278e-01
-3.301511088297649499e-01
5.217371619691322238e-01
6.617722535217148705e-01
-8.034927246965652137e-02
-4.441279575790483269e-01
-3.835991150096240698e-01
2.041632970388382318e-02
-1.045012718817517200e-01
-3.123122622816725813e-01
-5.722481275694730335e-02
-5.217791677417246143e-01
-4.392364244514237459e-01
-1.251308873655703757e-01
-9.965651713388610222e-01
-6.494350672554486392e-01
7.658309862877900331e-02
-3.238375502927064997e-01
-7.738817031377996647e-02
-2.991590333810048921e-02
5.392630085159269004e-01
7.672170833649797350e-01
2.593328011010368264e-02
-4.893228799008602081e-01
-3.862582560472480608e-01
3.663295947345894810e-01
3.628729756552726698e-02
4.623069136883807828e-01
2.706053596681687323e-01
4.631610539264505166e-01
-3.427261079727517146e-01
-1.881746638040300845e-01
-7.606129358471657165e-01
-6.336437651913527924e-01
-3.029432239323647247e-01
-3.674726030771381935e-01
-9.808212746646266522e-01
-4.433398362576451701e-01
1.062933780631033637e-01
-1.518620965383298271e-01
-1.069647946674910782e-01
7.165164102633042598e-01
5.875908292433931202e-01
-3.306019779416151383e-02
-5.177022553108806546e-01
-5.130136650234009554e-01
2.702082951086823281e-01
2.258280402841501278e-01
7.746856847594318918e-02
-3.376305458342491739e-01
-1.979187270817062694e-01
-4.005868239747066850e-01
-6.354645486977649194e-01
2.268358057827378482e-02
-1.995337930835418550e-01
-1.315333675428191629e-01
2.781799964591020191e-01
1.968801314742282815e-02
6.545411739123792039e-01
7.403465001838041015e-01
-7.727812070518365328e-02
-6.541252619387749601e-01
-4.579988422260538594e-01
4.256602437038292663e-01
-6.799073945046295586e-01
3.494372278090911860e-02
-2.308199233241530202e-01
-3.528212839032598414e-01
-3.192759191585503586e-01
-6.418110838122370598e-01
-3.145488160121757137e-01
-2.609199598501358852e-01
-4.373417162737829322e-01
-9.323412330979161111e-02
-1.530847680485137585e-01
-3.635913088620237876e-01
5.437440378191719936e-02
6.184944471518376563e-01
6.736592100897685897e-01
3.116118403947819027e-01
-3.691386046539957277e-02
-4.933517703338308746e-01
-4.405765927088256539e-01
4.044370695565295826e-01
3.515109802265408701e-01
1.817301339736143995e-01
6.160286481534436032e-01
-3.575260538229392826e-01
-2.788234763434263019e-01
-6.687420275584116114e-01
-5.287609639733847899e-01
2.768314463441821915e-02
-9.806604071250233368e-01
-5.336029012807157468e-01
1.988351093314975893e-01
1.286315242399357558e-02
-1.139920726030436982e-01
-4.158753285624272600e-02
6.318981995480682512e-01
5.990065943647615576e-01
-5.243110096196807596e-02
-3.391514802810894347e-01
-6.063181092912838244e-01
4.744257568340708442e-01
-2.109036182584171984e-02
1.872245406208901397e-01
4.831107155721100499e-01
-1.968059458826987296e-01
-2.257200101096749068e-01
-7.659495986971054382e-01
-4.267687563204390355e-01
-5.946371099555687323e-01
-9.221055828295873780e-02
-9.744527439483872122e-01
-3.633681589019371883e-01
2.038581302522255584e-02
1.690861744839405531e-02
1.410796388545274282e-01
5.958672688985131721e-02
6.471152509913483120e-02
5.392702473871632263e-01
7.404767773714726609e-01
-1.872338863313447732e-01
-7.583295811026261601e-01
-5.146414065971870455e-01
3.912596265205729451e-01
6.128697982578551473e-02
2.293966865206343575e-01
-4.151313967164649982e-02
3.320506320044049331e-01
-3.885846234779403163e-01
-2.769645955074589994e-01
-6.763181266406084191e-01
-5.443026709534677376e-01
-6.200417746036013256e-01
-8.199326384198894757e-02
-9.950910375490451543e-01
-2.128621015137373007e-01
5.163101974612609169e-02
4.278722093780631952e-02
-6.178899261451062386e-02
-3.047819939213165796e-02
5.580869096236413390e-02
4.680761191349868122e-01
7.303541166056617406e-01
7.802345931135701122e-03
-4.259014528873496519e-01
-5.505707473591171519e-01
3.629522587668231326e-01
3.939074085248480545e-02
2.708062913140810157e-01
-2.752225796608583908e-01
-2.454617404265189290e-02
-3.533261203957573926e-01
-4.156629854094541776e-01
-7.306182326508512404e-01
-6.474793882801983536e-01
-2.755498423502723004e-01
-3.321125008224414255e-01
-9.926368988053244635e-01
-3.021684132864275729e-01
-1.902268425900346394e-01
-6.844074036718070242e-02
5.963170524625899249e-01
-5.879133593951533232e-01
-9.882255518547990170e-02
-4.494382709110198437e-01
-5.211367899389537373e-01
1.352796002652382479e-01
3.564828972178432642e-01
-5.763644762458166593e-01
1.029891170589540689e-01
6.547078760776212647e-01
-2.211193504821781786e-01
-1.732254769516481940e-01
-6.701203198902574432e-01
-5.500164931238952226e-01
-7.168441317943456959e-01
7.583611736521618518e-02
-9.831875853408031940e-01
-3.521102305827600309e-01
2.465881162228276136e-01
-1.444249601588351306e-01
-1.449988730202351472e-01
5.011347080999034587e-01
6.553848364267459425e-01
8.483584569101237927e-01
6.621590152736590851e-02
-5.688106587269126102e-01
-3.568776098881445979e-01
-4.566589476184457763e-01
8.040903180089547728e-03
4.985688395631370229e-01
-3.480338175579299476e-01
-7.221046616319541644e-02
4.480457088979778457e-01
-4.421549025670845068e-01
-3.845547591717424218e-01
-7.214018241489974503e-01
-7.185122824703775724e-01
-4.016440123145693653e-01
1.559677410869262371e-01
-8.759669354903916183e-01
-3.649915299339938080e-01
6.946850041439642798e-01
2.297630640536632574e-02
-1.906067750554321927e-01
-1.807815343712249750e-02
4.889483140180800325e-02
5.571949943834394459e-01
4.221539510026562358e-01
9.492004461828896789e-01
-1.859993357655491744e-02
-5.219735079488958540e-01
-4.269530113665302995e-01
3.431884806003778210e-01
6.974909595539513507e-02
4.385291372464360515e-01
-3.263959384587821616e-02
5.891648110420800721e-01
-3.073982559352245181e-01
-2.901448216061499052e-01
-8.026110217708927186e-01
-5.586140790538232093e-01
-6.582823252775285017e-01
-2.458478371361551285e-01
9.732773602200911478e-01
-6.032530891184488819e-01
5.059001587272936584e-01
1.425380518959855902e-01
-1.126170517637003904e-01
1.576651362468112771e-01
5.027663727766303881e-01
4.050133316587964383e-01
-1.514974497515706175e-01
-5.724393002791285934e-01
-6.082538813817576218e-01
5.428380358324681465e-01
2.128404684682469461e-01
-6.602483865216990377e-01
6.347317126050720099e-03
4.069104008592508981e-01
-2.927717500231272751e-01
-2.172005920193091355e-01
-6.480991430298104206e-01
-5.585057369717610909e-01
-5.394424988944858113e-01
3.293672419492196801e-01
-4.723209667352484264e-01
4.037724893429202599e-01
-4.255327286679028154e-02
-1.776223884037249623e-01
-3.413084619600961767e-01
1.458765298285847334e-01
4.553966293313745362e-01
8.096711929389488471e-01
-4.828324853946084488e-02
-4.796903304635596887e-01
-4.108974665851039543e-01
2.882948702210518244e-01
1.193373596981526646e-01
6.559312047274644675e-01
-3.467200206877670832e-01
-2.499980008451022362e-01
-5.679910701960257935e-01
-6.012942913470803452e-01
-4.173798309285632335e-01
3.791631200772484916e-02
-9.495412135561898115e-01
-7.077391806540720420e-01
2.463965332362693383e-01
1.690958569434543035e-01
-1.973725622840279414e-01
-1.206708675131913516e-01
5.978831601851130051e-01
8.065950043225732502e-01
6.511104977414473582e-01
-4.133469466634342310e-02
-4.573238655194764579e-01
-4.640803123017976928e-01
3.802009640696050741e-01
4.584614913508325978e-02
5.098032141727443234e-01
-5.190144928796845969e-01
-6.895247938527226950e-02
6.172514217963298577e-01
-3.644906362739641081e-01
-1.760662062122831939e-01
-7.606045911217591549e-01
-4.343257685870577922e-01
-8.128249081303218215e-01
-2.963650916881362951e-01
-9.787432522553592973e-01
-3.232841735651648118e-01
2.123440386654264767e-01
-2.572043852488599125e-01
-2.047687373062353211e-01
2.197870444480993016e-02
7.589634708654615647e-01
3.047797191137478767e-02
-5.191762111716579087e-01
-3.806637420244254333e-01
3.529209811616805248e-01
1.670204855280158773e-01
4.311912998660017426e-01
1.952066280262104159e-01
-3.327983146062011843e-01
-1.754162577485893493e-01
-6.768321529214739174e-01
-5.967046480844930834e-01
-6.509917855443422274e-01
-2.573955415629197718e-01
-9.670969785181239287e-01
-6.052753422519669968e-01
1.024595788295972615e-01
1.116798642345015469e-01
2.433820619707017796e-01
-1.239094131797489062e-01
7.764247042864103054e-02
6.859011119767532971e-01
6.205273419101586807e-01
1.995420165924848277e-01
-3.899155584274558994e-01
-5.495972130252940735e-01
1.215786805860477604e-01
8.028348197939397246e-02
1.165095292094302792e-01
-4.295125722712764271e-01
-9.942199860914664733e-02
-6.756995505168452709e-01
-4.849492947268862486e-01
-3.248788503585299803e-01
-6.222534730760895805e-01
1.188408171854925255e-01
1.153213047725520739e-02
-2.760924223920629417e-01
1.818032991254364336e-02
-6.349129226679074700e-02
4.801139828899250728e-01
5.714974460168127379e-01
7.735754607598989141e-01
5.553635475115169945e-02
-4.282307830695343820e-01
-4.704598978560153855e-01
2.726986284376400338e-01
9.370747358735745380e-02
8.578559955106519752e-02
5.974645833284054630e-01
-2.762085377513245898e-01
-1.866749912902125608e-01
-6.946395359352527388e-01
-6.144437497614516630e-01
-6.218346708315295457e-01
-1.018132910318389345e-01
-8.147075568417593283e-01
1.629777195903789611e-01
1.235948368337145831e-01
6.018719261943762319e-03
3.347038139855469385e-01
6.210408623299353836e-01
6.744053852452711606e-01
4.628546105202384353e-02
-4.844701102608632848e-01
-5.205843088322409384e-01
5.005965303381270104e-01
-1.086226458201168532e-01
8.899496304985828055e-02
6.384155743780703940e-01
-3.146649248977653746e-01
-1.564057107682685355e-01
-6.034546290738163066e-01
-4.996088274037163712e-01
-8.248345784167955275e-01
-8.373194789160237628e-02
-2.177993941559077107e-01
-5.230166897640344719e-04
5.800628035112780079e-02
2.398899676078047882e-01
-2.138762607041479191e-01
6.901065937390657989e-01
7.611212682618454517e-01
-2.468797444171432279e-02
-5.912301363618135408e-01
-5.997444356483137007e-01
3.929008832202307011e-01
9.090309407198003677e-02
-1.770440071623462230e-01
8.028030787333377827e-01
-2.871357819753800888e-01
-1.202709988974559191e-01
-5.245646146085272132e-01
-6.758114298742274872e-01
-8.170293454926870202e-01
7.277032799859010741e-03
-4.064418015375700910e-01
4.706184913364868661e-01
9.831772741235533797e-02
-2.451044353500272388e-01
1.721960267883135831e-01
1.850215414879642917e-01
8.321322365277684652e-01
8.503921476131347523e-01
7.626256127409072327e-01
-5.601266726064151047e-02
-4.647354726636767630e-01
-4.263152035863778111e-01
5.100218156324912711e-01
-4.413402296926240143e-02
-8.349260933429246412e-02
6.225011868006232740e-01
-3.735889575617354352e-01
-1.860730683308728928e-01
-6.778579799674235851e-01
-5.008883467798300737e-01
-5.246748602489845759e-01
-5.348387354826769080e-01
-4.653305853744371667e-01
1.155549494281811335e-01
-9.103098013480305853e-03
1.099472929379929076e-01
-7.274763029165197403e-02
8.213239719176145259e-01
8.613015868165827538e-01
8.846675615253405400e-01
-7.457924028725559928e-02
-4.732463825381800770e-01
-5.214798622520888660e-01
3.659483795121424854e-01
-1.105685791259341730e-02
6.480464839395555510e-01
-2.835775263194150742e-01
-1.579017584857035084e-01
-7.849602304294978072e-01
-4.372830195492280470e-01
-7.079154352359429136e-01
5.176912949824364479e-02
-2.511240579044325405e-01
3.379679269256319341e-01
-2.022251455766559125e-02
1.476585550800611490e-01
-6.514034417837319402e-02
6.584132824606301337e-01
7.100825263185455150e-01
5.801593418159920468e-01
-2.840271759207375901e-02
-4.604739639422532615e-01
-6.505868495380873195e-01
3.965273690395375028e-01
1.813045869161173176e-02
-1.064733578139530866e-02
6.529839024676069581e-01
-3.008480439339533685e-01
5.494181696640954016e-02
-7.134843964761525825e-01
-5.547642650618221927e-01
-4.401754400208499063e-01
-8.402066554406485699e-02
-6.905250503494614334e-01
1.357003604511783923e-01
-2.313208321812979251e-01
2.779544926929917170e-01
8.888849608910631694e-01
8.091910967294262402e-01
2.803266319079684293e-02
-4.347679888929844583e-01
-6.513480315539179610e-01
2.328685637655080187e-01
6.108314272047961346e-02
-5.989271900811713456e-01
9.298098445369065712e-02
5.871017673117221447e-01
-3.430785304742530184e-01
-1.718362658763400441e-02
-6.281089563890606131e-01
-6.373203779343032949e-01
-4.114730613811597437e-01
-1.111818926381387407e-01
-5.313409098555769150e-01
1.943792246463010853e-01
-2.858871180900133743e-02
-2.491675279102451845e-01
5.861081269975274011e-02
6.750604886970595908e-02
9.215931260731422547e-01
7.536158216671761112e-01
8.846992530819943745e-01
3.691782339798971996e-02
-6.217741864734039892e-01
-4.195411659067115329e-01
3.936346575784812618e-01
-5.789582921015140604e-02
5.044023890245845632e-01
1.092171474533659703e-01
6.513908335827772733e-01
-1.137087235727710505e-01
-1.754305179332171505e-01
-6.173442501331488641e-01
-6.051369517614312299e-01
-2.502383249209108040e-01
-1.396615561279154205e-01
-9.683030040393538762e-01
-5.302799282510582968e-01
1.195241208028328395e-01
-1.369906836870098399e-01
-1.432177619167935949e-02
-5.491723660454538719e-02
7.817140858628233158e-01
8.862882123345732222e-01
6.724189309696544381e-01
1.382425724170762704e-01
-3.285767613773887263e-01
-3.179893073849170415e-01
-1.142819749132733126e-01
-4.405170573325966621e-01
3.644489765756319666e-01
7.782735399887938943e-01
-1.123671735263548077e-01
-7.222975392234201597e-02
-6.484348345161762284e-01
-6.321049959770462801e-01
-2.499155209883722473e-01
1.141144301650281745e-01
-2.062523852333868202e-01
4.186964532001792583e-02
8.084383857245983074e-02
1.853344071632010703e-01
-1.624219240708967005e-01
2.901778049459126652e-01
6.180208750704639931e-01
6.399045178077652496e-01
-1.589354400632741679e-02
-4.897596164993043288e-01
-4.062370839386770793e-01
3.884247431423597519e-01
8.604584543922505491e-02
2.196153063832371466e-01
4.154955191915272322e-02
-1.576185988470728272e-01
-3.020718917579632845e-01
-7.287015750716161477e-01
-6.906236619352527084e-01
-3.472371875061643909e-01
3.432311661578908435e-01
9.661463176489957227e-01
-4.728192122541116094e-01
2.075274367908582218e-01
1.375541248554112972e-02
1.755844375677071412e-01
-3.464515709785642161e-01
-1.858856902731504390e-01
7.070945276503478594e-01
9.494557964728527200e-01
6.621430829185824818e-01
-3.367346530250150266e-02
-6.194163018608690452e-01
-4.008552985750690745e-01
-3.725720184036116389e-04
-5.861648817896729369e-02
-2.502234571239925764e-01
-1.274634919307111591e-01
-3.109355543491031382e-01
-5.324617651939835827e-01
-5.214498093553288083e-01
4.803679777626421871e-02
-4.804636142529822296e-01
2.500737098397554092e-01
-1.071726080508603324e-01
-1.695777068271159260e-01
2.187413159281070274e-01
8.526033094367367893e-01
8.185800394061031049e-02
6.673242463566549099e-02
-5.336300096336182852e-01
-5.509038433000369439e-01
-4.970843718778410469e-01
8.320029863730933617e-03
4.066462178093223634e-01
7.773513925153789639e-02
6.664478789825288851e-01
-3.400514872465631999e-01
-1.519404868445336232e-01
-6.177421016388823238e-01
-4.324068983084878304e-01
-3.934086109669768239e-01
-9.589180815247863032e-01
-4.559348775659718966e-01
3.379915742736362416e-01
3.079199727057100461e-02
-1.099498994256541823e-01
-1.027799721142206857e-01
8.704543478977548876e-01
7.007701102671057836e-01
2.417765520649589259e-02
-4.549010909637285494e-01
-6.172387409926556323e-01
4.371891330604433246e-01
-1.159006118215275966e-01
3.304595591198756788e-01
-1.377353612579210740e-01
6.457276010770514052e-01
-4.503033009015920407e-01
-3.260729822743861361e-01
-5.576174816989727390e-01
-5.417560482286962742e-01
2.603721212127486084e-01
-9.935908701965719958e-01
-3.268636816867735440e-01
2.011963819943826393e-01
1.056686194054833328e-01
1.748683594510733463e-01
-2.582532752387406774e-02
5.729924537479191837e-02
4.767436918219365993e-01
7.876346957789261971e-01
-3.519458155904388319e-02
-4.476956485081160508e-01
-5.281232302903499098e-01
4.079694459037942478e-01
-6.650841787594982506e-03
5.273597458126064730e-01
-1.182128347294418846e-01
-1.930650448313785406e-01
-1.366192988715557444e-02
-3.887930406376104986e-01
-6.364051159639461108e-01
-4.011797780690994353e-01
-3.681240711802923893e-01
-9.799165298179512984e-01
-6.456951786048563680e-01
-1.775829049194513620e-01
9.929704405855326044e-02
1.053477858355372637e-01
-2.056852903249784936e-03
-6.315217124441199759e-02
8.473108162962436074e-01
8.901915841342636915e-01
6.152456052015020660e-01
7.884493125563402094e-02
-4.258042581007382421e-01
-5.166410958905869322e-01
4.434382127929180073e-01
3.144177243419749024e-01
3.265322875332339614e-02
4.618953046525531292e-01
-2.997969967366708732e-01
-1.331665413030274636e-01
-7.874429705445309402e-01
-6.694959138483649319e-01
-5.262766045527057512e-01
1.283095163960472351e-01
-9.818375216993727728e-01
-2.880330700880738282e-01
1.853532660826507639e-01
2.095045968796838964e-01
3.889857854595479923e-03
-2.708239584471811012e-01
7.587855506087708424e-01
-6.835986419986470053e-02
-5.636097354099909307e-01
-6.150498979452913018e-01
1.060305311629981539e-01
2.329819827141811975e-02
3.427163900619787512e-02
6.794972004387224152e-01
-1.267505867449874590e-01
-1.491790051870670597e-01
-8.760941635391719107e-01
-6.448453563284687329e-01
-4.923519874275483765e-01
-2.702587911609383164e-01
-3.079647203154395330e-01
-4.857482894399346440e-01
8.858252049257082927e-02
-2.172205988054748682e-01
-8.137752128743959423e-02
8.374528490305100936e-01
9.143317009823845876e-01
7.930919236166826813e-01
-2.113637747209379941e-02
-4.169361268499350848e-01
-5.471860047152914408e-01
4.097907019138445905e-01
-8.860691377288372472e-02
3.292111544209175844e-01
-1.020141313344661987e-01
4.931107569437021554e-01
-1.463289475373451831e-01
-5.802853059453202261e-02
-8.967773867300519175e-01
-5.730495057431985728e-01
-2.948556835247959085e-01
-1.908901693464875454e-02
-9.224899417326550832e-01
-4.832160851822229763e-01
8.443631778146125644e-01
2.101680008233125854e-02
-8.449769122338995908e-02
-1.518115507521196061e-01
9.056763514827232964e-01
9.405968097802539507e-01
6.316981554615654915e-01
-3.092286773019798513e-02
-6.160915272897822259e-01
-5.220862570444740891e-01
4.344495719102052789e-01
4.701361888228489713e-04
4.086225049463923509e-01
7.506146641503462502e-02
-2.400707914532937415e-01
-9.901813016182228755e-02
-6.595125442023518358e-01
-6.364382378245579952e-01
-6.441536672937870911e-01
-1.212542166406754742e-03
9.889197354506447102e-01
-6.871826100024467365e-01
6.323981938749722032e-01
9.538972195879764915e-02
-3.123999034909438199e-01
-1.014772071885066129e-01
-5.714686412937806242e-02
6.624953440722514131e-01
8.282311400971817950e-01
-7.030946919667716011e-02
-7.042842317105184602e-01
-5.671171215728921799e-01
4.551215502607502406e-01
3.856560947236731263e-02
5.379686401384927569e-02
5.617811436177291284e-01
-2.302220016533230995e-01
-1.834456681097276429e-02
-4.706790241588806878e-01
-4.201489745496632122e-01
1.663459078672419600e-01
-5.190201569953902805e-01
6.661774125293850046e-01
-9.968113895423730275e-02
-3.116728760915176144e-01
-1.285238108184812711e-01
5.691266959792723457e-01
9.888572434824714763e-02
-4.171208702812751468e-01
-5.849850301149472909e-01
3.542087754893622487e-01
4.760488743527011707e-02
4.656665367236549891e-01
8.470218983560458270e-02
-2.299213522116575759e-01
-4.598595797852614991e-02
-4.807523408088303363e-01
-6.153631970136981266e-01
-6.036449306292423350e-02
9.700337321173603256e-01
-4.702921252337484703e-01
5.896005149159726511e-01
-2.716733900481450512e-02
-2.250101955883953009e-01
-1.086434447728900632e-01
6.068621262038618180e-01
2.630576692658213589e-01
1.632784127099328950e-02
-4.798059664630812127e-01
-5.484532766543794846e-01
1.358123285183214790e-01
1.293343683714810212e-02
3.002597947425905689e-02
6.508756341807122592e-01
-3.436409607779003506e-01
-2.311872972039813456e-01
-6.433240120914225368e-01
-5.115664954530247943e-01
-8.293689346520702887e-01
1.958093078957996447e-01
-9.655092730238820087e-01
-6.180155901769123217e-01
5.833184379406650688e-01
-1.618530705851199403e-01
-9.907857665287390925e-02
8.318129459322927133e-01
8.950444347638326636e-01
1.176501965654915827e-01
1.570762868117819011e-01
-5.211358176973873713e-01
-4.249399256201623065e-01
4.324124026215583338e-01
-6.923992701049207221e-02
1.750968740458158923e-01
6.371716701653648007e-01
-2.901892723039105060e-01
-5.349422611783884174e-02
-1.408564893327572398e-01
-4.539234284490067939e-01
-8.038832530875388294e-01
2.584761965789130755e-01
-3.768077468671958696e-01
8.197763880438186934e-01
-2.356524807086164339e-02
-2.645366740312326548e-01
-1.580314718191430934e-01
8.119051627466461474e-02
7.555730559368065702e-01
3.676524721518885097e-01
4.570160892281828480e-02
-6.200707382422970815e-01
-6.145472139883580986e-01
2.390625862696642845e-01
-3.092371388167117208e-02
6.929698563087791641e-01
1.412238244800342324e-01
5.712932268127758340e-01
-2.980953052364423428e-01
-7.833502826860226642e-02
-5.150803367162332114e-01
-8.077303721060284936e-01
-6.056875176229530311e-01
5.741393159299922333e-01
-7.032002266969409332e-01
7.146280445523507385e-01
6.165482119229155622e-02
-2.515687139334129574e-01
-7.285029819773067294e-02
5.386440326900020920e-02
7.622072676432722904e-01
1.909155809416930027e-01
-5.838617526572237315e-02
-7.139905980688134868e-01
-5.659918039061985207e-01
4.212452703531655018e-01
-1.279547224832531908e-02
3.652330918872958021e-01
-8.195853009749073936e-02
5.887562296379490467e-01
-3.283696417580910798e-01
-1.073528571396015902e-01
-4.681535768328796143e-01
-3.161108428799195291e-01
-6.092673935839093557e-01
-3.038525917668786214e-01
9.707877386784398155e-01
-4.339466764912578434e-01
6.563827601025056246e-01
1.137988356249238220e-01
1.970609793838431767e-01
-1.900921673463530914e-01
-9.452538153439003776e-02
7.013570030505201780e-01
8.839163829380453086e-01
1.416183212968903093e-01
1.136407555352584586e-01
-4.199909789209900768e-01
-5.330949336746686473e-01
3.649373937059474660e-02
3.039466594665766741e-01
-8.235147104423851117e-02
5.533949708057960271e-01
-4.664686991016861461e-01
-3.317937438802949501e-02
-6.662560215758128734e-01
-6.085434627624674020e-01
-4.846947326255874877e-01
3.837207963726894655e-01
-9.864636656698928530e-01
-4.690897579020761876e-01
5.713423243495068249e-01
-8.685890013849148494e-02
-2.128935969814423623e-01
-2.142643328102298850e-01
1.391433763869834583e-01
8.005223376044636741e-01
4.827737995793296433e-02
4.052815931959738438e-02
-5.651728267524759319e-01
-5.916570960277113267e-01
1.794882969044099552e-01
4.296161968239036177e-01
1.137127402432743378e-01
6.075707100483231926e-01
-2.103039852997123926e-01
-3.777972783023408193e-02
-8.292953731398221562e-01
-5.597860585870579886e-01
-6.394169467090018433e-01
2.117319538866609951e-01
-9.943876052417351952e-01
-4.739356355780137697e-01
8.500855176046618888e-01
2.468484163997827774e-02
5.073640190028609609e-02
-2.544234634219146307e-01
3.415493631150236936e-02
8.148732025467508855e-01
-5.628068490270403401e-02
3.995772925246184049e-02
-5.477284962916177946e-01
3.699628246572945756e-01
-7.547518373058564531e-03
5.459985832180795917e-01
5.112040597709401057e-03
5.326157187003232041e-01
-7.658274806770094811e-02
3.021435507813126711e-02
-3.526664676824917133e-01
-5.469966983037237718e-01
-4.064474367202771110e-01
-1.056786475497401359e-02
-7.093904642375508107e-01
7.379191167107030935e-01
-4.533374092637350306e-02
-3.685809979557736621e-02
-4.616060691632439261e-01
6.140559575175289636e-02
8.340378214838410909e-01
2.105787966890252383e-01
-1.013214950547149801e-01
-4.648010234977842381e-01
-4.550908944964021097e-01
3.944274384493386965e-01
-5.947759848715999942e-02
4.121412649472288581e-01
-2.945734895962911493e-01
-1.675914633583863722e-01
-3.358489228642030922e-01
-5.409563185106227579e-01
-5.224233900923044294e-01
1.224251950775576830e-02
-4.798267224344751614e-01
9.056775952132352092e-01
4.393774284645137612e-02
-1.522087552930992127e-01
-1.338788143272452193e-02
8.445200388173406125e-01
1.268391719806128207e-02
7.365670801148841221e-03
-5.415806325942804644e-01
-5.586550888204090404e-01
3.052793673910452199e-01
1.950754309888226568e-02
4.962871417886548231e-02
5.008579776766560743e-01
-3.295531223743007887e-01
7.766631724549859228e-02
-7.270115817682397674e-01
-5.309985850927368967e-01
-5.016266751396152301e-01
5.889152172824162895e-03
-4.875128617816023580e-01
5.868037486881938491e-01
6.878243775270148630e-02
-2.419016957516145205e-01
-3.783779556608808381e-01
1.262849301689724091e-01
9.431372527264769712e-01
5.285664868831110308e-01
4.895823683367187679e-02
-5.161622864929533705e-01
-5.386145701264126728e-01
3.134506444660611346e-01
-9.471374663497017510e-02
5.466879028445815747e-01
7.678813806940648461e-03
-3.349950953307204854e-02
-4.979566373634980447e-02
-2.648240272192193268e-01
-5.939072842639330219e-01
-4.040721382743121537e-01
-1.119455406466578901e-01
-6.504604183515247939e-01
8.135197972104802888e-01
6.005390073443680338e-02
8.140748642493710052e-02
-1.324889986524804310e-02
8.275044822498726083e-01
9.172689548971617590e-01
5.644931003006894432e-01
-5.827981100297811856e-02
-5.054528155336964756e-01
-4.409974399850005167e-01
2.860861611675674099e-01
7.181760441972316611e-02
6.277834724567009639e-01
6.286123301348032211e-01
-3.133986937563539715e-02
6.493041739676046475e-01
-2.546648511906473775e-02
-2.396819757289788411e-01
-1.712864599391939469e-01
-4.337299820504814662e-01
-6.940730279262858904e-01
-7.096046013013876941e-01
2.643889240676942087e-01
8.515037702123890995e-01
-5.891438241266920839e-01
6.193260479200771718e-01
-1.257063407995176463e-01
-1.765815068673349808e-01
-1.330955490930479657e-01
8.410928583627801380e-01
5.248767905032299952e-01
-4.395307566557546397e-02
-3.622356727081582073e-01
-4.451601636030192988e-01
-1.482059454991281333e-01
1.641921701434732872e-01
4.604578588430987551e-01
1.166787791184346196e-01
-1.529204909356196573e-01
-2.949816007176938593e-01
-5.536289767422942348e-02
-4.206392150775432048e-01
-5.011152448761869715e-01
-3.482792036151692860e-01
-2.143104297177903794e-01
-7.204983023782973728e-01
2.706779483209168502e-01
7.676002022306273043e-01
-1.109509982174732290e-01
-8.654628591101108659e-02
3.110209859323527764e-03
8.080599294473459482e-01
8.881305498774546558e-01
-5.214688665813376200e-01
2.751286178800084817e-02
-3.933914737570931575e-01
-5.536396157297314158e-01
4.086436155713163987e-01
9.221211122668759863e-02
6.211615311603074785e-02
-1.958295042617915760e-01
-7.754040312543587776e-02
-4.955225371016719893e-01
-5.347773195734558671e-01
-3.162143760028358064e-01
2.069848950085852526e-02
-5.534080660974146637e-01
5.630752033493269249e-01
8.553924707185445175e-02
2.691110312690805917e-01
5.424716673227632235e-02
7.893393629085428131e-02
7.126140269445666586e-01
3.973052036440274937e-01
-7.643681996688757828e-03
-5.704727610374857871e-01
-4.313418381496096909e-01
-3.644616639643309952e-01
2.124095846166336177e-01
-6.490545280242439041e-01
1.242580810536435543e-01
5.144728124872152142e-01
-3.239276493300161097e-01
-3.824836771336597163e-01
-1.310431927391981777e-01
-7.797073967671585004e-01
-6.119759516967980817e-01
-6.483024845354191656e-01
2.224736031325913743e-01
-7.592572801177046582e-01
5.110055724029337609e-01
-6.724534433455990612e-02
-1.698601676978105657e-01
-3.414691333400605294e-02
6.801829053412231652e-01
8.476398997404436253e-01
7.747554675541975522e-01
-1.673708260207749932e-02
-4.769281773096286092e-01
-5.338392851464442979e-01
4.251374266523654244e-01
7.711713716936605678e-01
4.730503190043285067e-02
5.087187046708397942e-01
-1.654613382952443146e-01
-5.651224901359385572e-02
-6.428017235343480573e-01
-6.462819126491101684e-01
-6.671873057486528147e-01
1.752688684799043883e-01
-6.742848304406823257e-01
2.624226318387298806e-01
1.615454528569668646e-01
-3.135845779384967280e-02
1.091979303627598485e-01
5.603886827445060392e-01
8.721186635522747421e-01
4.082484104844311124e-02
-5.172906019655846288e-01
-6.123560321166064968e-01
3.967742636900640774e-01
1.597636583340197314e-01
-5.134433227847738646e-02
1.406347204739782919e-01
4.494049507350241640e-02
-7.811082254670109748e-01
-5.596406701910229264e-01
-5.870452598355263563e-01
-8.839239796322246245e-04
-6.387021851896608204e-01
4.228874407987704975e-01
1.899133544582325486e-02
-2.502171679516657088e-01
-2.425564599834271196e-01
1.079095629074454249e-01
9.391335376327595297e-01
9.683025682130926848e-01
-9.392826156013750483e-02
-4.860900756928048794e-01
-6.248733444197572817e-01
4.061199060582140752e-01
6.103191949464167876e-02
4.933842558640312292e-01
8.292314244777707066e-02
6.486703171869806495e-01
-1.336287290611615497e-01
-7.389893445061196386e-02
-4.301497120628227089e-01
-6.907778559534987206e-01
3.199099613163164380e-01
-8.993034848438326012e-01
-4.850243029476905554e-01
-2.774178081997815681e-01
-2.755030123257994346e-01
7.794300444599915334e-01
7.659932275357356213e-02
-1.191651972607870799e-02
-6.550213242162202798e-01
-6.269674897482916398e-01
4.695926643896867758e-01
-2.251764521343679881e-02
4.561404701061832490e-01
2.976641498001227418e-02
5.701623567986429109e-01
-2.446342891760046045e-01
-9.431896088125714395e-02
-8.274567587076484543e-01
-8.100545682069806297e-01
-4.712920180635747358e-01
1.555168906068351009e-01
8.930521023073835218e-01
-4.937536648464775357e-01
2.011688180628122546e-01
2.137325306802948244e-01
1.327011803387592725e-01
3.011297605612272069e-02
8.249619219309858309e-01
-5.773373693205656743e-01
1.074026342452289676e-03
-2.719736451077734429e-01
-4.998297054264710937e-01
4.249676001624776434e-01
-9.742873588919689909e-02
1.080807616418927447e-01
6.002371175867738939e-01
-1.423893225686694020e-01
-5.208673761126011992e-02
-8.020438716809287216e-01
-6.069392203410541864e-01
-5.552505274430302729e-01
2.549600955261416280e-02
-3.714976257171063723e-01
-1.198603542931502564e-01
-1.511401496066729633e-01
-2.177010937222451370e-01
-2.053956887985703555e-02
8.056098877046364848e-01
3.440500669083646490e-01
-5.219021716214576612e-02
-4.706474788269207066e-01
-5.135094313239588759e-01
1.265006834554601445e-01
9.552359037845752077e-02
2.482236552137692120e-01
1.516643507876832275e-01
7.016472493956339429e-01
-1.143266063049896558e-01
-2.846052007648373072e-01
-4.542508799699146449e-01
-7.700272108234880175e-01
-5.429118209949305163e-01
7.623438873452690126e-03
-4.843903341782685446e-01
-8.664612607674634925e-03
-3.403852727027040226e-01
-1.037696539204535917e-01
4.776558179127746717e-01
8.900722182521112469e-01
1.112043431635290486e-01
6.642742163211612372e-02
-4.187660005592430124e-01
-5.975283905772521553e-01
8.952808341705571771e-02
-2.764183585960126033e-01
5.014883178540460174e-01
3.489932110602352033e-02
-1.262087126872189491e-01
-2.112775966865295674e-01
-1.604405074960863209e-01
-7.715576323062713904e-01
-4.707423110778268249e-01
-7.205465873561679724e-02
-5.316636996182890762e-01
4.193679896911480243e-01
3.079042676287891966e-01
-6.312710562923602720e-02
2.261282922146443664e-01
-1.319221662903709846e-01
7.085474935456029799e-01
-2.391455177063324111e-01
-3.167390541077056559e-02
-4.550087700395374912e-01
-6.668083557902282354e-01
2.480279932924377151e-01
5.942050839911230779e-04
2.842633334387789645e-01
5.503050089122295541e-01
-1.946050531540959860e-01
-1.652481996094277150e-01
-5.990926092498919386e-01
-4.290444331748469176e-01
-7.360816446657278966e-01
1.640506117674767617e-01
-4.292225991066327406e-01
1.616793671716750258e-01
6.941959448576891234e-02
-1.794381708127323061e-01
-1.076102694533226656e-01
-4.319540760936594476e-02
7.358195734908927754e-01
7.369118607518683195e-01
-2.257442041813144951e-01
-3.112547701949456083e-02
-6.163471214753374339e-01
-6.457579155485713152e-01
4.490550547865156950e-01
-1.714532330698515517e-01
3.731196119675113561e-03
5.601045354137902388e-01
-1.113871187619499131e-01
-3.585094133835912134e-01
-7.362292332141195939e-01
-6.970900775024936324e-01
-4.432713603235063360e-01
6.116659278733494604e-02
-4.238543290718537748e-01
1.967007265734043164e-01
-8.582829664181214346e-02
-1.469436082512720065e-01
-2.620867430910001628e-01
-5.769008920598744233e-02
7.730158892693447248e-01
2.098808626693824675e-01
-1.114660048041967999e-01
-4.847939115056383308e-01
-4.000430639217377182e-01
4.248747284668484836e-01
3.264148966572102007e-04
-7.997640874324131455e-02
6.766921202050076856e-01
-3.655893291248291099e-01
-9.248503813167345544e-02
-5.704573829260008999e-01
-4.230617399338673645e-01
-5.666427222249609263e-01
8.013544839168855460e-02
9.522267570562956696e-01
-3.139671486923594212e-01
-2.410504506778817779e-01
1.657625093084959811e-01
5.204522689522116108e-02
-2.710060959738840314e-01
7.806069858751663038e-01
-3.524632535753242923e-02
-3.556694556280386339e-03
-3.946589480613292289e-01
-4.427809571649057863e-01
3.284308916299354397e-01
6.273463667865949445e-01
-5.750174327599571339e-02
6.056479838971906560e-01
-6.165142374205648951e-02
-2.451302943740652635e-02
-5.559241505431129493e-01
-7.222883363864549544e-01
-2.230667706032936348e-01
4.100818311037270764e-02
-1.648588861272025918e-01
2.275196436744957029e-02
-1.902928325313945346e-01
7.939659045702245344e-01
-2.706385335075404130e-01
3.736999662045732695e-02
-4.425574587023584638e-01
-6.185948130633823761e-01
3.198349187205627442e-01
-3.986722180062186177e-02
1.452148935265043517e-01
4.557461149619793789e-02
5.122804917463434915e-01
-4.007010708456156256e-01
3.649721418194409872e-02
-7.080232798137782169e-01
-5.362881897725515490e-01
-5.430975188821208777e-01
6.113857367387891262e-02
9.956821207413333319e-01
-3.289909259241983186e-01
2.727363119692560733e-01
5.325864839197290423e-02
2.121219262279021300e-01
-1.307004617572184342e-02
-3.369523870488413952e-02
7.573650852039515158e-01
4.328152388197611250e-02
-4.538951625696389935e-03
-6.672408956996300766e-01
-6.483055933070687171e-01
2.431254488025289817e-01
6.061136949300097165e-02
6.514203617513525391e-01
-3.931162380058954575e-01
-2.622450583696600002e-01
-7.565976815433816949e-01
-7.572245656504742461e-01
-7.357566725817257236e-01
1.012178776089502491e-01
-6.806893277878621751e-01
1.555080078142470068e-01
2.466533793275836606e-01
-4.320986273885412364e-03
8.133337618342835473e-02
8.174926568348541700e-01
2.700143980941854815e-01
-5.838663796624252167e-02
-7.139900150060773942e-01
-5.659937866620534663e-01
4.212451337761543568e-01
-1.279557801065889233e-02
3.652333229227011646e-01
-8.195881459730523788e-02
5.887561306375648229e-01
-3.283699761468300560e-01
-1.073525185235589541e-01
-4.681528782376984110e-01
-3.161068622481146284e-01
-6.092680799247287560e-01
-3.038534614146807256e-01
9.707876647696562777e-01
-4.339452641018395340e-01
6.563827713157578403e-01
1.137991467814887525e-01
1.970610012281243106e-01
-1.900919277997757117e-01
-9.452552112977913312e-02
7.013582280232726340e-01
8.839161686615362168e-01
1.416184670170383963e-01
1.158557868936488933e-01
-4.159730890627378330e-01
-5.323583159386308106e-01
3.239361894716290269e-02
3.018526538216363964e-01
-8.187342062133268206e-02
5.534454466362020986e-01
-4.665970288491328444e-01
-3.350898202521713359e-02
-6.661237404481243907e-01
-6.238487313661223999e-01
-4.756369889756648650e-01
3.842839070858969364e-01
-9.866107149550453759e-01
-4.917766411421427009e-01
5.685831549220606851e-01
-8.805163029775030237e-02
-2.111820207443289854e-01
-2.146695958780146241e-01
1.395315376231811566e-01
8.001083532546380273e-01
8.682920389854253962e-01
4.848912632664455213e-02
2.099818326522485089e-03
-5.178267469508353038e-01
-6.642508010950641806e-01
2.024356079450290724e-01
4.101727184518571406e-02
4.091778369151879424e-01
-2.445568702943625924e-02
5.895306707829333082e-01
-2.341527491408917916e-01
-9.054291663387299682e-02
-7.123451644082767764e-01
-5.518347845501551108e-01
-6.434299356845605278e-01
6.182523335054788266e-02
-9.902189282306762541e-01
-5.139189255718096261e-01
8.441053153405604359e-01
-4.182806222980785249e-02
-8.726616316193927525e-02
-3.151932287221687612e-01
-5.366978298261179323e-03
8.537603271302985908e-01
8.729841105491896736e-01
-2.406383740194802667e-01
3.039649912186674630e-02
-5.903805077283280633e-01
-6.509239879598600620e-01
3.104635161395549181e-01
-5.232484170580034392e-03
-4.363144234990144754e-02
4.820837857444446040e-01
-3.219413468571267756e-01
-2.301449198615445335e-01
-4.927894940048224148e-01
-5.407777838154886885e-01
-3.910472007533352112e-01
-4.446167546820741466e-03
-9.240398556897497229e-02
4.381022234642875657e-01
-6.099920017177391796e-02
-6.054120143625942030e-02
-9.911822620509209980e-02
8.827719258537404246e-01
-1.454968998641503475e-01
-1.409981757268180258e-01
-5.259519874333939971e-01
-4.679748728723516771e-01
3.055052977538509906e-01
1.035025609529234975e-01
3.421363532822522813e-01
1.706569899933895740e-01
5.599552658927917648e-01
-2.903386792348789380e-01
-2.703120337834367670e-01
-6.428078584085725744e-01
-5.975767115196178869e-01
-3.860785152805416565e-01
3.135329632276103590e-02
-9.319263891038672698e-01
-6.569912676745851554e-01
5.325006547336759155e-01
3.098002105202240022e-02
1.431160332346015918e-01
-1.635244026481444402e-01
7.308739872142091532e-01
2.640117971175081624e-01
2.273041313704006819e-02
-6.335123535665359018e-01
-5.465318920935839930e-01
3.099305596398309604e-01
1.188122766887284160e-01
3.937370283256189651e-01
9.578547232179357093e-03
-4.072627758071956650e-01
-9.041079807493911102e-02
-6.971156566123373199e-01
-4.756752883116539543e-01
-3.154502543116276536e-01
2.384899665196834329e-01
-9.840207315936880805e-01
-4.375482411876813749e-01
5.469853096663435110e-01
3.804451469168692451e-02
-1.750564918148498073e-01
7.881111707775998454e-01
9.229869307506675113e-01
-1.052259924254450030e-01
-4.144337646494307692e-01
-5.561874063046081673e-01
2.311023080132476037e-01
1.138011005928857150e-01
4.319738555174245515e-02
-3.579277566886721607e-01
-1.960766060699237479e-01
-8.805851001875665274e-01
-5.597321130897289221e-01
-6.376136046395221024e-01
3.888188860751697062e-02
-4.415123153525609689e-01
4.204492163840963803e-01
7.740781430915930073e-02
-1.601996501241252646e-01
-2.282206668634960967e-01
9.674114802011943848e-01
8.986047298597272387e-03
-4.964725958247067084e-01
-5.717342755664986953e-01
3.709162177698551721e-01
2.813575324917831372e-03
2.883202208872164829e-01
1.319492474568328792e-02
5.587276762492344728e-01
-2.237884786350574085e-01
-1.370631405184395413e-01
-6.451739037374342178e-01
-2.876174867688069403e-01
-6.255529550660280380e-01
9.335653190270981616e-02
-9.657147030705207635e-01
-6.272303812839632453e-01
6.742258821275366465e-01
-1.076644884142857889e-01
-2.261016740684606841e-01
-5.429684829979748717e-02
3.391340165282266672e-01
-7.865242391875841843e-01
7.030103519777151921e-02
-5.473776303969435375e-01
-6.827027240828416055e-01
1.921809956386869300e-01
1.090988801071222647e-01
4.497398057883161826e-01
2.026262621621743032e-01
3.961024288500796797e-01
-4.232745105155000798e-01
-2.320152190926737801e-01
-2.239952262536849537e-01
-7.498170210004242442e-01
-6.994722080488545712e-01
-3.506436195948325896e-01
3.284162849604062018e-01
9.525863831953763627e-01
-5.577476136850517685e-01
8.325380577249805736e-01
6.832330757027589574e-02
-1.204932259636781050e-01
1.334357254749297603e-02
1.292616969355113443e-01
6.826132817488490545e-01
9.007659883096807985e-01
5.032223986105027747e-01
-9.762293878989336537e-02
-4.351754062291560698e-01
-6.147471483851257856e-01
3.652510860808395043e-01
3.305647947074510928e-02
-6.444027762992203534e-02
5.056103545522988574e-01
-2.642395391580953934e-01
-1.558552276454353847e-01
-3.809028268679480744e-01
-5.157452674210626364e-01
-6.677449810745330616e-01
-7.870742988860915390e-02
-3.525058838705021347e-01
7.694962858839334841e-01
-4.625619521728819433e-02
7.349089049335806589e-02
8.785740809754327696e-02
7.877500669488481932e-01
8.632794617445153085e-01
-8.346048790642659476e-01
1.630076473883225810e-02
-5.014432706637113046e-01
-5.521432581982330667e-01
4.774951221054791195e-01
-4.899609418129304006e-02
5.701648827341964099e-01
4.367519886882095803e-01
1.611008535850348145e-01
3.785142534561093397e-01
-4.107812727876578029e-01
-5.743227931931910168e-02
-4.544355576147702247e-01
-5.032345200364707338e-01
-7.169787907262203941e-01
-3.369651622204756364e-02
-5.373767785096865701e-01
5.140812237084416703e-01
-1.060327969926068703e-01
1.082126865325875632e-02
7.221115083435758475e-01
-6.492117532630978793e-01
-1.676587097493525622e-02
-5.308763553821919112e-01
-6.154344715684902933e-01
4.024218019535104052e-01
1.217915917141553367e-01
-6.298475684053359558e-01
-7.096207851791935806e-02
4.145999672366268984e-01
-3.572487282056127089e-01
-6.792821107128624303e-02
-6.364581128847223157e-01
-3.904466710649904249e-01
-6.649614883520708064e-01
-2.796773041832049667e-01
-7.514565755565788541e-01
4.553912383058578150e-01
1.421620704708188021e-01
-2.469893873889258407e-01
-2.922307541127159847e-01
3.104753398286145827e-01
5.341185996844513006e-01
9.489577745265663777e-01
6.146972107513472006e-01
3.004949406890128349e-02
-4.216066580118898455e-01
-5.321262420970133133e-01
4.001126540187129876e-01
1.640678759042294571e-02
3.988416235658936992e-01
-6.759994668385187200e-02
-1.249020321753791241e-01
-4.443250240854197952e-01
-2.754042460123656832e-01
-7.009099394371776093e-01
-5.856315373669083169e-01
-5.767961188482559898e-01
-1.276547967911920711e-01
-9.876188635207974187e-01
-3.144199067847434081e-01
8.093864410397683118e-01
2.103099817786690043e-02
-2.709701238465645479e-01
-1.523638775431020720e-01
8.053006944907113718e-02
7.017381415871103423e-01
7.225866776807565728e-01
-6.411794116263117016e-02
-3.767274768036713017e-01
-2.818436338462719237e-01
5.042426878446182315e-01
-1.440920924724119721e-02
1.446528858377419124e-01
4.978607231429502677e-01
-2.751660716407903773e-01
-2.536697800753274223e-01
-6.354062306689260697e-02
-6.652659123702990840e-01
-3.425011033185269560e-01
-5.386708925381056279e-01
-1.985361439709963927e-01
-3.075542220421385031e-01
6.570090790495191069e-01
-1.992045934319570111e-01
9.392506132973624244e-02
-1.794071636579661067e-01
6.726434169566263277e-01
8.474487907132823850e-01
-7.593996709693064950e-01
-8.072168180494657119e-02
-5.197593234956492392e-01
-5.684455003995325661e-01
5.423704629021528500e-01
-1.180435443381381948e-02
1.392713888403952494e-01
-3.717341607591295727e-02
5.306155927184592613e-01
-2.279511849130699541e-01
-1.952782739292305558e-01
-4.329499955416863943e-01
-6.132604210602252692e-01
-5.793545446303496327e-01
1.594367736987145623e-02
9.474619226383810267e-01
-5.349807567853915868e-01
5.051360923591223795e-01
4.315505315393855512e-02
-2.150867969466019880e-01
-2.306621761306438482e-03
-1.400413155355109962e-01
8.852096164372326159e-01
4.393343440073401163e-01
7.240271736499281907e-01
-3.698510761891957155e-02
-4.821641591513817215e-01
-5.373127521462244260e-01
3.290898246709137442e-01
9.842624682198804209e-02
2.597279276919502444e-01
-2.851464178604499328e-02
6.273874018298811750e-01
-2.499717920690156803e-01
-1.992784385514932421e-01
-5.502014751413250027e-01
-6.600880824582715523e-01
-4.091709478630118357e-01
4.213075198076552709e-03
-9.070647856735635228e-01
-5.362682947497393604e-01
8.253479547042661402e-01
4.902424147727642983e-02
-1.629063154069390063e-01
-2.563884396885768302e-01
7.394004816968815508e-01
6.766250693189154175e-01
1.491192652448277388e-02
-5.012345804924814852e-01
-5.851092943746609709e-01
2.727375239763587533e-01
7.830540302370317396e-02
5.257767371302064507e-01
1.379639198818399803e-01
3.960359005137310123e-02
-1.924698926431376300e-01
-5.236844207290577285e-02
-5.266090868909917982e-02
-6.203681610887288311e-01
-6.218836390397877167e-01
6.279824834347159934e-02
-5.918962190244279054e-01
6.351124013472968510e-01
9.025234244130547756e-02
-2.232394906712446836e-01
1.327427419127806818e-01
8.358347412013709121e-01
6.879121616461523203e-01
-8.170733433923865752e-01
-9.097068273065865573e-02
-4.150958444310766660e-01
-5.626121173626565941e-01
4.178364293770727156e-01
-2.742095981178753819e-02
-4.001701209418882799e-02
5.449989485572745984e-01
-1.577774643932556564e-01
-1.991584111796469159e-01
-6.249835408079681409e-01
-5.771435039807237821e-01
-4.852782048578877516e-01
6.368847865771920524e-01
-7.092084354825767267e-01
5.646451988235281494e-01
6.621295166695703727e-02
-1.502191593132746750e-01
4.523665449020411455e-02
8.612852095435236111e-01
-6.527431583813856353e-01
-8.441156853292580697e-02
-5.711984698318115505e-01
-6.207612868078596913e-01
3.564711720187056510e-01
1.141091135170727439e-01
1.445656050118156177e-01
1.725703669189963124e-02
8.525640781458376782e-01
-1.561141846570132385e-01
-6.698075139603974597e-03
-5.939784422438892930e-01
-4.275542124151715528e-01
-7.952481847661692083e-01
4.733700447457015459e-01
-3.666345977160676561e-01
5.979089598616580403e-01
-1.875065720020671345e-01
-2.415566400575556716e-01
-1.001671151418135897e-01
8.627186335963255015e-01
6.803813076573709262e-01
-8.385284985079144437e-02
-3.621406326518718521e-01
-7.170956676089172976e-01
3.612815975220867171e-01
2.237633395188874316e-02
-8.209392048810905396e-02
-3.686382801133624154e-01
-5.788712334476465993e-02
-5.548610528101876049e-01
-6.831373256661864568e-01
-6.662197505063782721e-01
-3.130647515939894571e-02
-5.799221989705618530e-01
6.063629994873466211e-01
7.465321805543323475e-03
-1.874157361643367103e-01
-1.686450972175459195e-01
-2.963248178274084377e-01
8.888701465685237002e-01
6.839099694534449547e-01
2.686725424847978203e-02
-5.507747240403535471e-01
-5.250819380449585072e-01
2.308711591437098143e-01
-1.840864611949347140e-02
2.161004050304178858e-01
4.904792164326847968e-03
-1.528993379315354006e-01
-1.075819691517376775e-01
-6.752214974924142243e-01
-6.429870975661634569e-01
-3.688987094983120496e-01
2.304845143011817477e-01
9.743191683116162460e-01
-6.417244098680399134e-01
7.378753567194605845e-01
-1.844322163072043344e-02
1.564382243160998831e-01
-1.517504923481200474e-01
1.386081363665514488e-01
7.523677108526192203e-01
8.825585592165522408e-01
-6.357866145565609362e-01
3.668847860792024546e-02
-5.644607304145039528e-01
-5.075279322050222364e-01
1.883382553049292307e-01
2.200392256525216667e-02
4.700901624960003855e-01
8.934494018610816823e-02
4.722171008557147220e-01
-1.494326463615107403e-01
-3.958046940980702172e-02
-3.418954061401430766e-01
-6.008746121971348941e-01
-3.944877529917381609e-01
-2.152091285480424790e-02
-9.888518688710170590e-01
-6.417095908798144954e-01
6.863272028031213168e-01
1.471710277116832499e-01
1.960161127436501338e-01
1.068402169736179866e-02
-9.688902643659409730e-03
6.922266780849732903e-01
8.519658588041213454e-01
5.277322442296317195e-01
-7.566062326334101196e-02
-4.224605011509434682e-01
-6.945336850512717763e-01
3.854059595699892427e-01
1.462146107798868895e-02
-8.083963591642046032e-01
7.347065051173932992e-02
-2.162783838167218475e-01
-7.010733493122654758e-02
-7.144719141561117759e-01
-4.241925965611714755e-01
-3.157447485362039896e-01
1.635638006601284888e-01
-9.914097143401204848e-01
-5.362005400119091991e-01
3.733489769734781860e-01
-5.335404402180535938e-02
1.148620828848854747e-01
-8.009509323759998745e-02
-1.611147377418783444e-01
8.101127864518642419e-01
8.413751042809676228e-01
7.748461983503511785e-01
4.333568542766785131e-02
-6.296634963083587166e-01
-5.861137464586476664e-01
5.163287962793637886e-01
-1.189873465228919423e-02
-6.134638672380211544e-01
6.775185028114158459e-02
-2.397888067045663985e-01
-2.130097103401681069e-01
-7.965393496650851057e-01
-5.822674186711931377e-01
-6.695527774610450233e-01
-3.626683108577748865e-02
9.860924965052009217e-01
-2.364309836317985414e-01
6.153628924438906411e-01
7.340781079365815698e-02
-2.363647953776958910e-01
2.006540293207961234e-01
-1.845572445573442633e-01
7.052278056997371980e-01
-9.050789482347179060e-01
-5.088865820027035219e-02
-3.235459925037104667e-01
-6.660972090370086418e-01
3.932820533681556374e-01
6.113209573987296586e-02
-7.091815371723222405e-01
6.008024301856267069e-02
-1.841108202964164553e-01
-2.122650954736032547e-01
-8.343569992600866625e-01
-5.287928161576136432e-01
-2.221623929816055332e-01
2.948100664539025084e-01
-3.115057276744817027e-01
7.118027530452997187e-01
-5.291688696569444433e-02
-1.326469858600429902e-02
-1.869166811317828358e-01
7.811293318023390109e-01
7.730943569616843813e-01
-4.671056434572469496e-02
-8.112125086172132793e-01
-6.089398316278747947e-01
9.030670093278410360e-03
8.343980840009393440e-02
5.776150070627923405e-01
-2.650967897222423764e-01
-3.245810797487372890e-01
-6.205717528834415742e-01
-4.857704455345107086e-01
-3.965864369622741914e-01
-6.029005964309312737e-02
-3.822831614823754554e-01
6.906741152016533380e-01
2.677431688768385984e-02
-2.146106291241773600e-01
-6.180934705018625852e-02
3.399808812883794995e-01
7.495498589682607626e-01
8.444202537974168088e-01
8.440633130683188323e-01
1.261029788379642788e-02
-5.729492026393385729e-01
-4.587368215086624623e-01
3.621564866988266074e-01
4.709456363035113141e-03
-9.042368426840374090e-03
7.271283384547535533e-01
-2.827915605528978915e-01
-2.128759451395665081e-01
-6.964984945204312217e-01
-6.292820543577027914e-01
-4.302780014860537738e-01
-6.875660952355189259e-02
9.355430999422513771e-01
-4.126187173323763724e-01
4.443161481022099846e-01
-1.858538789620257578e-02
-1.083471316046794586e-01
6.124202053990626671e-02
7.102216969672099367e-01
9.533885175017322577e-01
-6.798575182750501433e-01
2.011244630568164576e-02
-6.167226504346678961e-01
-5.424402120384137493e-01
4.228127302327155390e-01
1.652760354531498596e-02
2.054615096039298094e-01
3.478069816142960180e-01
8.821733981706825212e-02
-3.262786216647594606e-01
-1.726277865995756167e-01
1.130959003611286262e-01
-5.611190204497290557e-01
-3.992462232415177614e-01
-1.587299154328493667e-01
-5.824190356285948722e-01
5.416058380098116576e-01
9.264944656202397932e-02
-1.714265495250061888e-01
1.173585097232131141e-01
-1.401604211088763596e-01
7.750547854225093847e-01
-8.039436034167578571e-01
-3.064693355139181882e-02
-5.309367864131664394e-01
-6.145961002141598906e-01
5.615440664514337321e-01
-1.625412469538214666e-01
3.058251516969191508e-01
-1.564463765280820623e-02
5.932878949203854724e-01
-3.223681424666744455e-01
-1.416077508187001122e-01
-7.812609302292852220e-01
-6.934613211807491018e-01
-5.491384811021950973e-01
-2.691841049007400507e-03
-9.842088572802225599e-01
-6.280888512296217696e-01
7.132650415658021714e-01
9.922736471680025649e-02
2.213251968867700412e-02
1.027689176250253383e-01
7.354045312260781841e-01
9.384293526932778740e-01
7.626658056695437837e-01
-1.291526934632013235e-01
-5.015233665096842097e-01
-6.494050918417419993e-01
4.106395264589634553e-01
1.042251524324520340e-01
4.266983221564482620e-01
-9.270001361213678903e-01
6.461893892601361378e-02
6.715094023916141630e-01
-2.844224469953837153e-01
-1.620945821082968585e-01
-6.352327299250343229e-01
-5.094350483934021456e-01
-8.377489272012779153e-01
3.178498286868222111e-01
-8.706180657566187087e-01
-5.056343110311607436e-01
7.906711244653258364e-01
-8.929595948258997606e-02
-8.358871788770969036e-03
-3.943572946129807189e-02
7.123953042622375165e-01
4.981322463654325738e-01
9.954836622863967588e-02
-4.950186603709852418e-01
-5.090738954888321954e-01
3.556691819133005472e-01
9.398237390938526947e-02
2.039459764035443101e-01
1.975624523359145179e-01
5.629705225337056085e-01
-1.994325376641019609e-01
-1.088898321929377688e-01
-3.803258869777384477e-01
-6.504301735621360603e-01
-5.990539561819130387e-01
1.409330752929353336e-01
-3.936921502348274537e-01
5.590481090368444317e-01
-1.502494638686082892e-02
-1.816566839427494195e-01
7.091889770051259395e-03
-1.220294426414666872e-01
8.586199408333423655e-01
6.109477309958902813e-01
4.109468944701519938e-02
-4.317312308273089649e-01
-5.312833783887636052e-01
3.102481941240192165e-01
1.091791709115756404e-01
3.169408259316631726e-01
-1.335775741369098768e-01
4.203426163511936320e-02
4.236975636661270972e-01
-2.547879357520626553e-01
-3.006461336368637660e-01
-4.735848323435207230e-01
-6.478141618997582674e-01
-7.288491688851264083e-01
1.729745278138160314e-02
9.808745498233630844e-01
-4.975339268353273225e-01
6.913613077258735640e-01
-6.986696875044859367e-02
-1.414131199717764131e-01
-2.695348235268801851e-01
7.050062835895836155e-01
8.145482088230063811e-01
-7.947720285542543284e-01
-9.531813516521029381e-05
-3.824480618387837150e-01
-6.952812494436079183e-01
3.373406679037015965e-01
-8.530473960753033602e-02
2.212954830715934962e-01
6.600150993032869451e-01
-2.993021808078836776e-01
-7.926962951101866606e-02
-6.013388232377440135e-01
-8.155218301551943050e-01
-9.749191835839580988e-02
-5.315433185168826347e-01
6.318257381262734063e-01
-4.749241969690315424e-02
1.813120138033438855e-01
-2.985383478750718855e-01
6.998242118228351627e-01
7.915214098147747013e-01
-7.901931775127217783e-01
4.080661146683424445e-02
-4.795413120439340759e-01
-5.360003971080231633e-01
5.258625387240174476e-01
8.567015480705225672e-02
1.359484180098957835e-02
5.681008772188141931e-01
-2.202998245164742297e-01
-6.207954552242303525e-02
-2.285782374826868801e-01
-5.322868627132958386e-01
-3.140023870378452764e-01
-2.085108393257932569e-01
-8.824509856891866733e-01
7.811439266357375066e-01
-5.859512971922957794e-03
-2.420031486512004837e-01
-3.733195756010060928e-01
1.116216578804102438e-01
8.363291771296879062e-01
6.026681990427997793e-01
-6.236525366225230682e-01
4.125303054904080891e-02
-4.907950848437567792e-01
-4.916961968675017669e-01
4.169257338675296798e-01
-7.129403297989297950e-02
8.960249347104887185e-02
6.759144582599145856e-01
-3.231782300753066051e-01
-2.199860657820483789e-01
-3.746845308439521460e-01
-4.885798804181044619e-01
-8.143101313309444311e-01
-2.099785623428875037e-01
-5.062767111472559201e-01
6.226132437823711507e-01
-3.769068910955707119e-02
7.797856926704185843e-02
-1.438758671879312445e-01
-6.195163976637572956e-03
7.946437570533247952e-01
7.626170739574495983e-01
5.516012255250526408e-01
-6.002223982832809168e-02
-3.640583027043605147e-01
-6.159865833729798457e-01
4.871361518507494326e-01
-2.988584331504370167e-02
2.123135211859987492e-01
5.121277380084593434e-01
-2.037169776468179816e-01
-9.139996960581456276e-02
-2.087416088534536918e-02
-5.661994032809313238e-01
-4.187636913595700894e-01
-5.196352557341913508e-02
-4.257519114871006205e-01
7.769626644176091945e-01
-5.453291493933423023e-02
-9.677628173648788676e-03
-8.799010529768494515e-02
-2.345692115361401320e-01
3.872594662638383922e-01
-7.773423630295329956e-02
-4.645251335429638195e-01
-5.275195530626742846e-01
4.183788201938382634e-01
-1.227307995962805404e-01
4.790574326543349803e-01
4.903410295462078128e-02
5.842944145997370775e-01
-2.005303883534783893e-01
-1.839594909764504793e-01
-5.415536118859836101e-01
-5.874115988480232975e-01
-5.835391865751313745e-01
3.683463076888480736e-01
9.848656074807258243e-01
-6.003237530554098589e-01
7.673344623821752863e-01
7.822408718373238812e-02
-2.320787155745894226e-01
-3.465211006851699749e-02
7.370432014682251065e-01
7.790431956928917101e-01
9.534222265411250452e-03
-3.775263805372029435e-01
-5.228960532185253918e-01
3.590036172716296603e-01
8.362857292833501821e-02
3.919709937871597161e-01
5.507332715658885824e-01
6.671799520367112379e-02
-2.533396303945020245e-01
4.801477101914988083e-02
-5.940596639148597591e-01
-5.557873294476127768e-01
2.262124402139722990e-01
-5.222301267517928114e-01
3.804766728113772589e-01
5.943132685701758844e-02
-7.588213401227165110e-03
-1.768966507407401800e-01
1.108550989274632165e-01
7.094178462315716693e-01
6.982463626569374027e-01
2.402902545584294485e-03
-6.053053975484845584e-01
-6.105865529101685008e-01
2.817255570371376971e-01
1.145562367306815488e-02
4.811027658048385169e-01
-7.936463636723638526e-01
-1.799508972303318077e-02
-1.951423835347115832e-01
-3.121481818504992164e-02
-4.689770566132480667e-01
-3.241478476618653848e-01
-3.913738277594260850e-01
-9.490533915907514162e-01
-6.787657542806250222e-01
7.180066727670502136e-01
-4.798992982674189778e-02
-9.199153340251361999e-02
-8.262868688509887594e-02
3.837290650628250588e-01
8.117503908277745595e-01
8.323476770487180376e-01
3.544658085102252859e-02
-5.392388830400958177e-01
-7.035156813783888241e-01
2.704348347561065791e-01
2.140774978088748337e-02
-6.102925762973629986e-01
-2.427532935268903250e-02
-4.911589575599724089e-01
-7.912717241042910299e-02
-5.343486094512136519e-01
-6.152530223872133552e-01
-5.610936319363890590e-01
-9.293469526140117620e-02
9.590839166479789846e-01
-4.529739558057669369e-01
7.453634589757158757e-01
-7.809636124521403266e-02
-2.585876574197826794e-01
-9.137074907572530214e-02
8.563093771154355327e-01
6.743214215850162896e-01
-8.666276738651108869e-02
-3.033811073951305226e-01
-4.877621671375427792e-01
9.629045779180561704e-02
3.386088394097527821e-01
-2.190476765829819372e-01
-1.628560024070695444e-01
2.775509263706006924e-01
-2.231360802899817475e-01
-2.845533679265889182e-01
-5.332383872010701964e-01
-3.662058177715859508e-01
1.065691848399050873e-01
-9.718002433484088654e-01
-6.900375188619546352e-01
7.395517474262129909e-01
5.306200856984453346e-02
1.521236916195328193e-01
-4.831259815397555279e-02
7.152362230205573379e-01
9.101996554016077434e-01
6.782298974050856577e-01
-4.692267383721807072e-02
-3.576657272955207079e-01
-5.943437870278737156e-01
5.036633138698998202e-01
1.130960484327204890e-01
6.039779334547686895e-01
2.067490908985155640e-01
7.187368603622532603e-01
-2.109847010108882592e-01
-1.792029446902620657e-02
-5.243271631310731928e-01
-5.235444178738482002e-01
-5.305964625196677442e-01
4.265442401633166014e-01
-5.776558715775995667e-01
8.476910471345049380e-01
9.355485631218649067e-02
9.617952188402564828e-02
-8.657159287767252076e-03
8.333800603134211560e-01
-7.813478502149924232e-01
-3.004853419238603246e-02
-5.708155406899421136e-01
-5.460208176216223563e-01
-7.673593415799605244e-02
-2.694847236855928488e-02
-3.705073578583385485e-01
-3.526412148804503599e-01
-7.488636026741080087e-01
-7.227176282999087098e-01
-3.267496493727571338e-01
-1.026615279712194372e-02
-6.563398507705300311e-01
5.215279243482371374e-01
1.207472320879530159e-01
-8.019979045476843815e-02
7.170006356031888295e-01
7.120473614009849017e-01
6.600491801773856748e-01
8.021489239111163905e-02
-5.098177362433239379e-01
-5.773760172092409215e-01
3.483427869336161442e-01
2.672732666443528374e-02
6.180080646135338585e-01
-6.386108415695591622e-01
-7.596744136186803220e-02
5.822084921093614307e-01
4.780813056989690474e-02
-1.748462183531916403e-01
-4.870409290775439271e-01
-5.647546631234412473e-01
-6.617885561776225556e-01
4.380438579583571523e-01
-9.687822190082007179e-01
-5.612922964592683694e-01
8.004177100659894961e-01
-8.699567221821176422e-02
-9.262956787359817590e-02
7.629721860315979987e-01
7.624739515348624153e-01
4.874861410845881399e-02
-4.292128213950096027e-01
-5.189078539135708601e-01
2.165509619366073335e-01
2.101146934943322886e-01
3.629038871294082425e-01
2.700974487759337794e-01
8.398036217018767235e-02
6.001075298482696496e-01
-4.121721487163490516e-02
-1.243205426273933933e-01
-8.353868448190517881e-01
-5.134605062998612857e-01
-6.097017127149135796e-01
4.838617244136028672e-02
-8.516114519233908275e-01
-1.745300514989098217e-01
6.952191751706093825e-01
-6.053966119281098401e-02
-1.948319659922815861e-01
-1.768287782286209475e-01
9.161769917965398302e-03
-6.101848798207075708e-01
-5.661380043000207446e-02
-5.153507859234278676e-01
-5.738154679245698331e-01
3.744547823987509627e-01
-5.188927684975744303e-02
1.650256414444327413e-02
5.716928508027324662e-01
-1.324810226250284773e-01
-2.150308729722466006e-01
-7.269213429920697855e-01
-7.390189953084805863e-01
-6.299235891968029133e-01
-1.332598159080070621e-01
-4.619852894730041570e-01
4.637079899719532272e-01
6.373104362491555097e-02
-1.311350816927822800e-02
6.208131578279644236e-01
-6.543735878662614303e-01
7.713212583550506374e-02
-4.836953636311788762e-01
-6.977458027610780045e-01
-3.938800278019383150e-02
5.552849306864789947e-01
4.929436844733510181e-01
4.489072215045027819e-02
-5.232651282348156629e-02
-5.679624454775326209e-03
-1.436462903068407848e-01
-4.853220577895418497e-01
-6.513034333629544870e-01
9.131647194929032318e-02
-8.034264196948444070e-01
7.913433742701686535e-01
-1.504998387744778954e-01
-1.102361048528877341e-01
6.071360476856568766e-01
5.748078309924381513e-01
-5.755531848426440056e-02
-5.080060215091352083e-01
-5.423300413311908930e-01
4.337661645374931152e-01
7.555285447142181914e-03
7.375076335973636266e-02
-4.490992137368549075e-01
-1.788217254689559166e-01
-6.492764104792767554e-01
-5.340868725555503183e-01
-3.693543860374268739e-01
-2.551587936573577325e-02
-5.882855641475647213e-01
4.760776483786506308e-01
-9.773993655919998788e-03
-2.968023389424373840e-02
8.030503777558810619e-01
7.638830381953848336e-01
-7.803880922069772463e-02
-6.122687191510051141e-01
-3.876137844663030685e-01
3.541856481677114754e-01
5.112227115427468022e-02
-5.287307557939822100e-01
-4.540862295588123099e-02
5.390533974164387621e-01
-1.350249501566604393e-01
1.055518368590477318e-02
-4.509022219968926160e-01
-6.785790140707449458e-01
-4.585739413332794445e-01
3.001405479242489349e-01
-9.116666612859943841e-01
-7.755692598239163349e-01
7.254151089697298271e-01
-2.362649555095914788e-01
-7.554973652705507248e-02
-2.356669074051792878e-01
7.745719908732582315e-01
6.892047871853521634e-01
-8.744807884008903853e-02
-3.605614715384617974e-01
-6.249338661169974163e-01
4.502888041148447318e-01
-8.377227444414055146e-02
9.583887483287446829e-02
-3.923678938285711237e-01
-2.733951770920344249e-01
-9.906485305147915144e-01
-3.997130126772132641e-01
-5.766372434248528966e-01
-1.562994920178709390e-01
9.628196176158814179e-01
-5.600295099564388535e-01
6.905893389449934139e-01
2.046500357979517404e-01
-8.975321185507333099e-02
-1.421612961958728383e-01
6.276542492262119355e-01
7.330556695486618590e-01
-7.784062370430269162e-01
1.379988639864419310e-02
-6.736196130103011548e-01
-5.196522350077453778e-01
2.799576184821058189e-01
1.008508020907674246e-01
-5.433795679201336437e-02
2.914780105401263213e-02
4.756783851301665811e-01
-4.209151440573909442e-01
-3.300483012948448591e-01
-5.875169743609855999e-01
-5.993175746391781189e-01
-6.902016153314550762e-01
1.338942030526191207e-01
-5.434416096926577566e-01
6.738337374944251001e-01
1.122629752888836766e-03
-1.398964687229421744e-01
1.607344458396826048e-01
-7.743484561524880405e-01
-7.239215722841430001e-01
-8.498467366534502576e-02
-4.626074419161669282e-01
-5.034608958616492158e-01
3.983484145455700176e-01
-3.599588225326016966e-02
4.786523928775726633e-01
-5.078178273999485026e-04
3.819852640485390527e-01
-3.169938059906891037e-01
-1.458499644720701316e-01
-7.645510679772131724e-01
-5.571521243953304614e-01
-2.791886954421355371e-01
3.222384686648158691e-01
-6.752599056285928381e-01
7.448174163720993057e-01
1.095614283637709463e-01
-2.021527052743816721e-01
-1.026390605677307832e-01
7.326428129237637643e-01
-8.049565699340950342e-01
5.320258804247415818e-02
-2.880002410087181275e-01
-3.511359718979894518e-01
3.779379909633855394e-01
9.876184642769250677e-02
3.570796857903164589e-01
1.539103570199929494e-01
6.163960303689686171e-01
-3.477258638624877163e-01
-3.848797333137355392e-01
-6.077796055437465483e-01
-5.874489364519801526e-01
-6.780626035509180749e-01
-1.411760697569316159e-01
9.932796105540744325e-01
-6.021401819967693303e-01
8.096042067301424394e-01
7.029466269632775322e-02
-4.161330050881113102e-02
3.115388803239790838e-01
1.865022878706334986e-02
8.919318068123919252e-01
7.940839462829643036e-01
5.142033757047617115e-01
-1.059841263603903683e-01
-5.163687581073221899e-01
-4.813712062980511908e-01
4.684511955968607699e-01
3.380501669765288708e-02
-2.244412790967487137e-03
-3.299841190695890214e-01
-1.195055967806352287e-01
-2.378495374883530522e-01
-5.978434645939052494e-01
-5.314081719192551567e-01
2.251505497165610103e-01
-5.024834388423884413e-01
6.449236711757834195e-01
-3.074577320270683867e-01
-2.825850186066316549e-01
3.842936754240709740e-02
8.264164922771370936e-01
7.191874458825148198e-01
6.180371904179839115e-03
-6.045620436668527331e-01
-5.328017730713011657e-01
3.590924013548716376e-01
9.341653269425891082e-02
2.582516804640753727e-01
5.866454010936121566e-02
5.598913260592245367e-01
-3.028224168365353242e-01
-6.640782866898045644e-02
-9.400023175279321741e-01
-5.625283952608308713e-01
-5.126766805898069768e-01
-2.481760885677815678e-02
-9.651048922348574033e-01
-3.380835333577541513e-01
5.898373336637615649e-01
2.359738911137619286e-02
-2.008891704461537031e-01
2.801100573429054358e-02
7.421634985470830781e-01
4.620170969898592661e-01
1.425986877892306513e-02
-5.148707955993299112e-01
-6.006325300035135761e-01
4.538308350771830812e-01
9.847640594554114835e-02
2.501737081347862324e-01
1.378860150828143116e-01
5.885219211711187892e-01
-2.246234767305788638e-01
-1.722176100932528708e-01
-5.201164066116343854e-01
-4.627824460716821187e-01
-3.549371719531656533e-01
-4.714597283012837009e-02
9.313920120212050291e-01
-4.458266327066768842e-01
7.490261078640965131e-01
-1.120859359353163463e-02
2.559498144796535368e-01
-2.389101532212294376e-01
7.254327059154672686e-01
9.350845256762775337e-01
8.303803215400793469e-01
-7.541031756267282948e-02
-4.704798027188343834e-01
-6.942242198300547784e-01
1.042888988561377905e-01
-9.056670430513757974e-02
1.923655054819240207e-01
-1.831981284839382523e-02
3.407383585139839299e-01
-2.026839843049538792e-01
-3.385844346511958092e-01
-7.378271704182659541e-01
-5.542099746900907009e-01
-7.354556590484596645e-01
-3.073578139181185609e-01
-9.264068572670726143e-01
-3.546854345717869172e-01
7.598789267705985395e-01
-8.558814718615473383e-02
-1.393971125862262517e-01
-1.262150370460677073e-01
8.393803269491150187e-01
4.047433101961653845e-01
-7.639109322077601849e-01
3.719570625978716513e-03
-5.577306613231545196e-01
-5.087434804913396613e-01
-2.365190879536614443e-01
7.804638149571301031e-02
2.343612088580958319e-01
2.424136806518980836e-01
1.196020359731928689e-01
5.441004777230862288e-01
-2.650692206217450941e-01
8.527780150196782524e-03
-4.569885888434943033e-01
-6.774811573816339472e-01
-6.644478165193004049e-01
1.969765327038476010e-01
-5.324437837050135514e-01
6.003953368153698289e-01
8.752867837928714201e-02
-1.316041006091628052e-01
-1.493885180659193512e-01
8.232668362941264473e-01
5.897786370523101507e-01
2.906086680133533259e-02
-4.017428526609185258e-01
-5.114028926155367305e-01
-1.887064962749923913e-01
9.390252461984334442e-02
-7.837831428831145697e-01
1.841080052229663103e-02
-2.731096162704335084e-01
-1.210482660865473126e-01
-4.647955024310539973e-01
-5.468880446163503217e-01
-7.681263654786505413e-01
2.528752746271023533e-01
-5.212012045572099739e-01
5.437866674882720908e-01
2.957119977017613408e-02
-5.741508099677573168e-02
-2.350997780888081090e-01
2.600297589609696369e-01
8.401912831499446233e-01
7.503897832643788846e-01
3.401887031138060846e-02
-4.219738858347678589e-01
-5.408980983355260452e-01
3.117087377228157097e-01
5.241763682085517212e-02
1.720092960123199288e-01
-7.831519969134076442e-02
-3.254139810563136948e-01
-3.310364700688049888e-01
-5.098796988669679342e-01
-5.542899052084651057e-01
-6.381271473501594071e-01
1.527208913941595914e-01
-9.852244498046106580e-01
-5.793486352746355372e-01
4.064972135731756420e-01
2.887932004501412089e-02
-1.418397253111346179e-01
-1.136911107069646654e-01
2.959331551190040877e-01
7.556995206901168105e-01
-6.871396000612708388e-01
-6.110156843957451761e-02
-4.964832453023376169e-01
-6.445647591574819035e-01
3.118611330128389647e-01
-8.934741308663349604e-03
5.111237192393058848e-01
2.356671069777023508e-02
-3.790035377916684545e-01
-1.105703376590039394e-01
-7.122337745332940617e-01
-4.689910357418199949e-01
-4.992836556189675923e-01
4.763397437017120595e-01
-9.722727511108911758e-01
-5.944553041408632277e-01
8.159159686476969986e-01
-1.216718631177560739e-01
-1.122585429521843203e-01
-1.248237533178063879e-01
7.349620116936408376e-01
-6.930747801652624718e-01
9.425028013498105203e-04
-6.478954604015133567e-01
-5.568344009847940868e-01
-4.622135976125398837e-01
6.431977431149693385e-03
2.974054432402211123e-01
-1.012077502113290367e-01
4.180323441277826735e-01
-2.871413007184369093e-01
-4.880830820206526893e-02
-6.791453250801038344e-01
-5.612226061505466435e-01
-2.773759331820036533e-01
1.470607475752264415e-01
9.752591070804204065e-01
-5.081049643624783174e-01
7.877131256807542448e-01
-1.939919639583545519e-02
-1.809997893331710961e-01
-1.087921049720780992e-01
2.466996833969319902e-01
7.831116610932318256e-01
-8.931729614154947372e-01
-9.934799354038914565e-02
-3.567320481368115859e-01
-4.970055175933765224e-01
2.743816308217365552e-01
6.929122708102918547e-03
3.511373383624736277e-01
1.634064714567382282e-01
4.830349948603233634e-01
-2.580438175388517497e-01
-3.095094535016414822e-02
-4.580729914852729179e-01
-4.705329571217959916e-01
-5.405858862909648233e-01
-2.261391700828299656e-02
-9.752145120117022836e-01
-4.259064021496133390e-01
7.069183777729249885e-01
6.210090914687899782e-02
-1.136163957026065374e-01
2.260770934812109112e-01
3.216420840487354410e-02
7.061516770623127437e-01
9.386457768117395517e-01
8.682609097511537755e-01
-2.760897007845374007e-02
-4.460126897900235088e-01
-5.018847652456497332e-01
-1.003527521722120674e-01
6.194709689091673077e-01
-8.426498947547268747e-02
6.521098995561879219e-01
-2.633785687673638742e-01
-2.069685461501690957e-02
-5.735695210541237321e-01
-5.322170677121139670e-01
-3.580561563270575620e-01
-4.950976055101815460e-02
-5.575587699916040307e-01
5.292756272951401053e-01
-1.105387769205486426e-01
-1.367030893586222429e-01
7.923934146148263469e-02
7.523424653064672007e-01
6.961867496054980897e-01
-1.907519909202175928e-02
-4.579014388704366056e-01
-5.649053554936096511e-01
4.377172129339902962e-01
5.849717198796305223e-02
1.588607598208722485e-03
-3.057905093405907104e-01
-2.320836322295246335e-01
-3.737942973307871730e-01
-4.987035592403282758e-01
-6.745765497855555903e-01
1.502447533321444872e-01
-1.842517098173095391e-01
3.738456098304657749e-01
-1.632881249197211115e-01
-1.295380347994526740e-02
-9.140712306441145518e-02
6.205379893150468895e-01
2.490818282946977158e-02
-5.161961492628264203e-01
-6.532141661080321793e-01
3.021606461640211072e-01
1.289622607906402152e-01
3.189945766314629672e-01
4.044676501792593415e-01
1.153075612064112104e-01
-3.881624746148134020e-01
-2.222069084638997882e-01
-5.976372236649475367e-01
-4.600311516114597987e-01
-1.797798977420647926e-01
9.833564602968142276e-01
-5.888120287230319549e-01
5.239884339739675490e-01
2.996867689054010797e-01
-6.388943736918330230e-02
-4.865085563836694244e-02
8.019316205043918178e-01
9.394771962521005770e-01
-6.939288742202095461e-01
-6.283744681716281477e-02
-4.527301769200293147e-01
-5.036418468426439032e-01
1.970500583604037348e-01
-4.865812327395784009e-02
5.456333306712284337e-01
7.983741759940032878e-02
5.219295990774224236e-01
-2.200070921595393969e-01
-2.091713428141365461e-01
-4.206940063831995924e-01
-6.347494135119112757e-01
-5.313604878234826634e-01
-2.224998346939536294e-03
-9.441186642518705208e-01
-4.307342595218653925e-01
6.963857290507906583e-01
-8.072675831552197923e-02
-7.273863264912665272e-02
-1.775189857254214632e-01
2.411508155097747685e-01
6.674825007694935586e-01
7.985292448318218606e-01
-7.773385266787992132e-01
-4.212674162696370544e-02
-4.712289032222486407e-01
-3.999757456727281446e-01
2.290639477997263307e-01
9.582148620065063238e-02
3.240499600884330089e-01
2.019892273482408740e-01
6.271255647439037961e-01
-3.254444996736732265e-01
-3.334564242401938383e-01
-3.856405935210265312e-01
-6.486484706906455733e-01
-4.563659234834461786e-01
8.694916799942617458e-02
-9.796461003210674701e-01
-6.566064175337446018e-01
6.743208613187515743e-01
4.548251029745116643e-03
-1.453466131422298802e-01
-1.426974829561482305e-01
8.050268663386425105e-01
8.418506459558960930e-01
7.171579534225218655e-01
-5.688085920705050064e-02
-4.600821611561267677e-01
-5.070925223093644130e-01
3.925696315171700035e-01
-4.061098044549733554e-01
1.461527156275047035e-01
-7.619083044630314827e-01
-2.220833374582186284e-02
6.034806728297702483e-01
-2.883272390030415799e-01
-2.434348121855532676e-01
-4.724243514625603990e-01
-5.605371380514851953e-01
-2.529994271878940326e-01
1.746985075919699204e-01
-4.601957453282425337e-01
7.162582648226881732e-01
1.114705001332030876e-01
-1.073878169747820022e-01
-2.217822949946215427e-01
-6.866742624093187530e-02
7.316595453679326511e-01
-6.390950491688913715e-01
-1.115916203036027565e-01
-5.092196979009322444e-01
-6.029874359102591619e-01
4.661954168445028301e-01
2.468626149648450452e-01
3.200607935939835391e-01
-1.250007873823556770e-01
-3.363304921895834410e-01
-1.521173196530876959e-01
3.053376942586818500e-03
-5.375619041448278512e-01
-4.311048806095920116e-01
2.747319808041596631e-02
9.573725331453574183e-01
-6.407477613184776599e-01
5.203246054151335898e-01
6.332755424922606458e-02
-1.537334640057913260e-01
-1.721079677104543071e-01
5.972766552126467232e-01
7.129950227632909643e-01
-1.039446309200905416e-01
-4.837012796933849446e-01
3.304894841801233607e-01
3.434580806074907094e-02
2.104563492177088657e-01
6.468198602623879967e-02
5.550237245702700495e-01
-1.718732954870284824e-01
-2.865639203889345232e-01
-5.320269274598535825e-01
-6.876337982459701514e-01
-5.877123411046545343e-01
3.114757521053997807e-02
-9.630352169345599567e-01
-4.102882004512343750e-01
7.826047017750298318e-01
-7.663039801432808273e-02
-1.406606733073723081e-01
-8.422765714284434491e-02
6.067526367943172350e-01
7.176879143143057860e-01
-6.055857559843823568e-01
-8.779636314878226655e-02
-5.025919149401996133e-01
-5.458067124182794938e-01
4.373058479674322152e-01
7.749995429204437070e-02
6.546054516992512173e-01
2.208337041758401120e-01
7.988374081260930515e-01
-2.414766521726781912e-01
-1.390181453856073335e-01
-7.065813902708559802e-01
-6.535352505943242685e-01
-4.897122467588353456e-01
-1.304272313607956514e-02
-9.408648474093462832e-01
-7.249222623865275716e-01
6.877944298959938196e-01
1.453001301799866467e-02
1.541874029476748287e-01
-9.365088730627328661e-02
5.004044060211317868e-01
9.039207406640641373e-01
-6.686588446388166407e-01
2.406814982422812027e-02
-4.929763842304907828e-01
-6.463321681220597359e-01
5.105503222946967679e-01
-9.714799685407680963e-02
4.885214186872661735e-01
-6.908821582291191365e-01
3.769355433969237557e-03
8.019056092057732510e-01
-2.948394867199093938e-01
-1.464410228381994861e-01
-7.906919384354301750e-01
-6.292112478943900911e-01
-6.297345452415061828e-01
2.682029331817893936e-01
-6.881080742021876695e-01
8.008763797820223074e-01
2.108231844948149636e-01
-1.268806905447039945e-01
-2.256703808521683396e-01
5.604440823038779884e-01
8.652092524923855610e-01
4.324040368973889881e-01
-2.761718559646835630e-02
-4.726215787298829740e-01
-5.992996433179399451e-01
1.024166259277875003e-02
7.913122226736069020e-02
3.334763132697857735e-01
-6.818960396480504560e-01
1.367911920235471979e-01
7.287806579413185215e-01
-1.845301502010532613e-01
-2.174390578915896544e-01
-6.426575365045504862e-01
-5.920574871775872161e-01
-5.389814550191551756e-01
-1.649322343662795731e-01
9.859392785452463226e-01
-5.699130970798754747e-01
6.700640560836624848e-01
-4.310465387228836626e-02
1.568524827336538474e-01
-2.288888048319812074e-01
6.598046075981159886e-01
-2.715182548598703005e-01
-1.542233038522697330e-02
-2.230586399637806971e-01
-5.483506265456280504e-01
5.086307496519663074e-01
1.183958823560250506e-01
4.672481424213510981e-01
1.305362152087136962e-01
-3.426614192534653269e-01
-9.139421062506117299e-02
-7.760164174881643839e-02
-4.650442183959848652e-01
-7.136880391765046960e-01
9.145790994704290633e-02
-7.617970082920949570e-01
7.909258562537796466e-01
-5.158919849570589578e-02
5.183149336394765605e-02
-9.711408953329074556e-02
3.357131787613252261e-01
4.843875844773152251e-01
-3.978852687696237539e-02
-3.953519765768349625e-01
-6.632344667275583694e-01
3.622113767033283138e-01
-6.890362412871252340e-02
3.036614358887848031e-01
1.596348102842621575e-01
6.694150172357095085e-01
-1.926595780045605166e-01
-1.626640068784080129e-01
-5.624018408721098705e-01
-5.983197053867358450e-01
-8.078753474546314095e-01
3.583353626199847208e-01
9.814933204663535138e-01
-3.734753247357357475e-01
5.055337419127741150e-01
1.686539660294719342e-02
4.681432364365990806e-02
-2.035132972392211526e-01
6.036438822855959563e-01
6.533452980654012032e-01
-1.111181548795262507e-02
-6.790254631619041525e-01
-4.446008521606412689e-01
4.628235361025038186e-01
-4.061573904020687742e-02
3.624327822883556260e-01
-1.308691533915700735e-02
5.525900691049219216e-01
-2.882574103517669961e-01
-3.164858674011040152e-01
-4.309310488526494343e-01
-4.093419439668591342e-01
-5.873753982405272023e-01
8.203664635014093487e-02
9.079435504960754466e-01
-5.634006552499036813e-01
8.159043664961264097e-01
-1.408878271696748508e-01
-4.428354611664279267e-02
-1.934214243027571056e-01
5.255490437967157424e-01
7.459168111621656827e-01
6.057401720247048219e-03
-5.995438758770428311e-01
-5.642958452204003272e-01
8.963842621620876638e-02
-1.809816472958986761e-02
1.089381625571990142e-01
-2.969353437994125544e-01
-3.265662759136118698e-01
3.751954681980953360e-02
-5.960767353058361584e-01
-4.812102878728001243e-01
-5.274622392012638938e-01
-2.801074397888788092e-01
8.959284196171312109e-01
-3.276878592747353158e-01
5.779409800471082548e-01
-4.855205007503692050e-02
1.482462062913534329e-01
-1.373559658653634996e-01
6.139427683841129912e-01
5.479575611975269211e-01
-1.060123099209959452e-01
-5.979068514436012283e-01
-4.945287966189415019e-01
2.519992876403155946e-01
-7.232640415257676758e-02
-6.796301774354153169e-01
2.662365558120071557e-02
5.411869996276009731e-01
-1.651184556980515306e-01
-3.104167001239975243e-01
-3.862674024833377406e-01
-6.387262134269284797e-01
-6.160459862179379353e-01
1.829513542345874155e-01
-6.871848244655557325e-01
8.161533074864939508e-01
-1.276356991839904809e-01
-1.763551889068583345e-01
7.046166949844052674e-01
9.306463577389949560e-01
5.428748984438378500e-01
-9.430606605690391997e-02
-5.304381239301946271e-01
-6.746378244771660260e-01
3.559299098103835268e-01
-7.146526155490003085e-02
3.546345668338347634e-01
-3.637591189841788419e-01
1.876937848544758536e-01
-3.027329973821746290e-01
-2.258535376932017946e-01
1.664157153460621708e-01
-5.332943241679508617e-01
-4.469092289025936027e-01
-1.052599133078272187e-01
-6.690622677652876549e-01
5.266668359723367665e-01
-2.837720716128886572e-02
-5.775784253995309980e-02
-4.242967044109591246e-01
-6.749101167717155292e-01
6.023316195374033011e-02
-3.700086920488327435e-01
-5.891797443288396829e-01
3.073135821754738317e-01
-6.693818424882771144e-03
8.741022205793489222e-03
3.764316595253270337e-01
-2.034143659511474245e-01
-1.027625330175573337e-01
-4.817568236853055907e-01
-5.000085425010999396e-01
-5.272250098990068912e-01
-1.609338963457765947e-01
-4.975985970688726612e-01
9.179508217428121730e-01
1.356350456274940490e-02
5.350570397384784432e-02
-1.698848659014425277e-01
6.949473478713475982e-01
-7.427971926701761873e-01
-2.565977074167690927e-02
-5.279262563414127696e-01
-5.352014810340306461e-01
4.598222460755410634e-01
7.512299465469862714e-02
4.013881765690291981e-01
1.524909301525333438e-01
-3.388584891743748884e-01
-1.801516463224683839e-01
-3.522985607365494709e-01
-6.523603581809159779e-01
-7.003098658771873541e-01
1.223262879338528342e-01
-9.375449279064361763e-01
7.982305639812202758e-01
1.728438653733211858e-02
-1.010590436700805061e-01
-3.877088780263580198e-02
-7.258328203841337700e-01
-1.363988645686540491e-01
-3.430533359842130037e-01
-5.329701200464805888e-01
3.340215637553690664e-01
-9.430349423411991949e-02
3.911683248126168744e-01
-1.671472956862444029e-02
5.215723991694349859e-01
-2.996752678938683911e-01
-5.414541111948626556e-02
-6.966026084741325786e-01
-4.511021714147548933e-01
-5.469296150312720206e-01
1.531488617026796895e-01
-3.432680562360082566e-01
8.761369713557159988e-01
-2.797412858870032375e-03
-1.584453462845005767e-01
-2.009640450676765111e-01
8.299193309990906542e-01
5.935674552542778981e-01
-6.314525270534401824e-02
-3.683800162529979327e-01
-6.480419875085565717e-01
2.984884175321292910e-01
1.026567344495728923e-01
3.534084058645598492e-01
4.231250647781028412e-02
-2.617068537196914901e-01
6.690136480058166135e-02
-7.021894892250698517e-01
-6.147850811289560236e-01
-6.595629026125847671e-01
1.533660328351615643e-01
9.802587872201534713e-01
-6.150547007013366096e-01
8.260378437543147712e-01
-1.034931555706833373e-01
1.269576845258300613e-01
-1.525073180728566402e-01
8.261237679162267700e-01
-7.868081257276605678e-01
-2.466343819101890836e-02
-5.330110672026405760e-01
-5.319458233968891170e-01
3.910908216624243705e-01
6.108495297655032463e-02
4.121116114253705609e-01
-1.726595500488490101e-02
-3.157779044391810785e-01
-5.275890754672113436e-02
-6.273850061606000006e-01
-5.022892297980537935e-01
-7.765234187991185699e-01
3.130192109517447308e-01
9.025900926180666639e-01
-4.694214751325191948e-01
8.983395696722271673e-01
-5.156601101213350441e-02
-1.071682845674046397e-01
-3.046806031690250105e-01
2.210085110463657909e-01
7.098122891376286159e-01
-8.951420580779354541e-01
2.068214691279904316e-02
-4.831501135087882814e-01
-6.370490588990965763e-01
2.391584401271443505e-01
1.569743158054843005e-02
-4.979151038736399637e-01
-1.320482792770153076e-02
4.928752200479994405e-01
-3.546438542362056467e-01
8.711858267393231270e-02
-3.019080007677017452e-01
-5.406579189277621600e-01
3.658262400943045056e-02
-4.332478601258117346e-01
8.302095350729068457e-01
4.862278525499984239e-02
-2.904682159863856972e-02
-1.925356681802047054e-01
5.205834230656890965e-02
7.123889654048913833e-01
7.293143950473828241e-01
7.742682440908436881e-02
-4.499353270029203267e-01
-5.431900918535520484e-01
4.141648306415016134e-01
2.140751292945980780e-02
3.945462408190714698e-01
-4.569702580608510367e-02
5.860518762022541850e-01
-3.812396746516317769e-01
-1.323073346045167131e-01
-6.600355133596644830e-01
-5.240770009048403288e-01
-5.464115675361205238e-01
2.110232090281715100e-01
-3.217854389143549598e-01
7.502067116157795645e-01
-5.941794673669537064e-02
-6.490571741812321827e-02
8.152035629808783712e-01
-8.077165564002387610e-01
6.255290573220179812e-03
-4.928960400494689087e-01
-6.328081139754275775e-01
4.767821305036595847e-01
2.292794641564258051e-02
3.613828344224663258e-01
-7.683923743636741910e-02
-3.457498293917634080e-01
-1.926979801653513347e-01
-7.606667928682798729e-01
-5.404919195660555786e-01
-5.139181586598284834e-01
-4.771710343276699962e-02
9.662714423452878343e-01
-7.019510718510756364e-01
6.811391263526775930e-01
-1.055310964479789920e-01
-1.242781427569681074e-01
6.867546753122431014e-01
-8.596491714674722173e-01
-1.101779007347594291e-01
-5.703386839085518023e-01
-5.846959773289392981e-01
2.612564430202265475e-01
-7.902177996452318387e-02
4.916076051769073807e-01
1.062277111779473815e-01
-1.479955958522321258e-01
-2.318167756641278388e-01
-5.154095699566274558e-01
-5.777177404879895173e-01
-6.532845076448771104e-01
4.720657107810427577e-02
8.773486145678103254e-01
-4.270165812014675710e-01
7.373292811015255133e-01
-8.996706797803442901e-02
-1.052722213926111511e-01
6.191519431745856616e-02
1.961304563994139272e-01
8.172194324582217062e-01
6.868529870435589046e-01
-8.788764276075115844e-02
-4.441977249983387610e-01
-6.703010383760471536e-01
3.147411649397831579e-01
9.169387710520689183e-02
2.260994827389860018e-01
4.992536466163382397e-02
6.564584315269601511e-01
-2.454774577615068398e-01
-9.548632063028097972e-02
-6.929152250386613199e-01
-3.475862872819650562e-01
-5.993788514840723280e-01
5.656208021398603618e-03
-7.933430869768944849e-01
-5.684811463670973453e-01
7.856161645558693563e-01
4.383970525452314526e-02
-1.221381246937773141e-01
-9.864297732212151670e-02
7.832996532789284760e-01
-8.267670020345444515e-01
3.098620621048895143e-02
-5.379345105280968209e-01
-5.379667473054593474e-01
2.375953603874161602e-01
3.218619017842017094e-02
1.270610234233271983e-02
-2.490451868270870395e-01
-1.211452864250655986e-01
-6.377172700393872740e-01
-5.520415758836131337e-01
-6.317296329049523207e-01
1.484496440794793592e-01
-5.484435344643691090e-01
7.256542226192663758e-01
8.864799368683326519e-02
1.344507798876241333e-01
-2.886202279123316061e-01
1.308239545770335244e-01
8.515415232633904985e-01
-6.565480190214394440e-01
-8.241221612176913291e-03
-6.970055616427850431e-01
-6.158616482228440603e-01
1.039406811796610847e-01
3.051978393200872799e-03
-8.866797179372795309e-03
6.471293465064756889e-01
-4.457929324806974569e-01
-6.921814355989032441e-02
-4.058033312241572932e-01
-6.477291525598370958e-01
-4.815562231996617926e-01
-1.500467285658471372e-01
-3.440578380579771833e-01
7.229646564244900375e-01
4.417976030251166697e-02
3.213499857037578622e-02
5.061790183681992294e-01
8.087329171988134613e-01
8.210651746729848988e-01
5.768503388312769264e-02
-5.065392809156783471e-01
-4.998579089942615239e-01
8.226418120482746621e-02
2.664333461226135735e-02
-7.512546520597913613e-01
-9.542627218741751849e-03
-2.082643421763264169e-01
1.173444074054041802e-01
-7.473785542086827105e-01
-7.677765821400935886e-01
-5.409278847250305056e-01
1.678643372418901214e-01
-7.825641384418640101e-01
7.856615054618791838e-01
-1.352013960636948009e-01
-1.895257390114671869e-01
-2.406204213415470972e-01
8.999952819521472858e-01
-6.921087508012849776e-01
4.584231376556351101e-02
-6.020294771599367101e-01
-5.716187048169454332e-01
-3.544765192891288774e-01
9.197149136981802586e-02
2.418833821605402556e-01
9.838588274806656098e-02
6.296965439457500313e-01
-2.297912757290306307e-01
-2.210184307246922386e-01
-4.637234254877931061e-01
-5.610970562909364245e-01
-4.193803079825364488e-01
-3.285417855846054641e-02
-4.617035711507264106e-01
5.757064858872132929e-01
6.719414223128680752e-02
-2.062330103825220917e-01
-1.530232132342652374e-01
8.924186713895897460e-01
-6.315792096221312102e-01
6.224448666891864435e-02
-5.982973614287094843e-01
-5.166115462439685446e-01
4.058194846362392916e-01
3.239371740981489278e-02
9.439182728135624145e-02
-2.488474817941573325e-01
5.745918538680307858e-02
-4.272313633059145466e-01
-5.834782718419856407e-01
-5.072699572958951908e-01
8.089361843916291483e-02
-3.064029947732054282e-01
7.303060273783590350e-01
1.716717925981011972e-01
-2.636765539791822155e-01
7.156357730131322759e-02
7.894033846694277212e-01
-8.433182561220181617e-01
-3.130222023649938817e-02
-5.447673251674886030e-01
-6.639972327218980341e-01
3.961704485278556009e-01
6.277835267816982145e-02
-2.402182754158540406e-02
-2.779822104908312719e-01
-6.723764714000665665e-02
-6.596659815883807454e-01
-4.602722523990481762e-01
-4.939921465758153607e-01
-5.687927909750502969e-02
-2.130680133381155639e-01
7.897345219738608479e-01
4.187190055769809266e-03
1.390696433856053738e-01
5.011819020970936789e-02
7.456054695380425201e-01
7.420872687628692344e-01
1.107070816114754802e-01
-4.359436724110986039e-01
-5.471116230717838480e-01
2.633271591882920259e-01
1.252089600417146675e-01
5.119717889150605938e-02
-1.533743310270708204e-01
-4.985004407740920018e-02
-5.083361986259775644e-01
-6.541838124244521158e-01
-2.658279959472116816e-01
1.391546287342076138e-01
-5.401006392975093995e-01
6.879407562542803056e-01
3.847790617854374151e-02
-1.206702768663201197e-01
-1.137516880428564858e-01
7.261816167503343245e-01
-7.956706062971050653e-01
-2.600058718029983704e-03
-4.811890810784459904e-01
-5.402626997763355643e-01
3.992285564454717273e-01
9.936134016151921058e-03
4.863863932345009744e-02
5.172628515430063301e-01
-3.759630429948800368e-01
-3.466398578654891066e-02
-5.828898219864376840e-01
-3.945326696475325856e-01
-5.820135736010471073e-01
-4.826321213661713405e-02
-5.403319602267301347e-01
7.550529156037704137e-01
-8.250508285749823256e-02
-2.203553342458931530e-01
-8.887628380031649400e-02
3.547936911584312347e-01
8.248756683381113231e-01
-5.705870262324880260e-01
-7.391345961126139300e-04
-4.886271113858202120e-01
-5.419521158646489756e-01
3.968658359724990259e-01
-5.738914322190220851e-02
-7.182000892285097526e-01
2.027252424134429187e-02
5.653176856144740414e-01
-3.496176580775267051e-01
-9.589525876189704257e-02
-3.522764889783976949e-01
-6.854707177908885285e-01
-5.815331320291069472e-01
2.256572918761582114e-01
-4.170627599545436159e-01
6.911602893518229429e-01
-1.351572508963886088e-01
-2.326507742675183177e-01
-1.190311700414462132e-01
3.452164643466617555e-01
-7.722342472318470818e-01
7.210720827111991027e-02
-4.730648676650822115e-01
-5.812586249958936468e-01
3.571014164981811123e-01
-1.836588422103978269e-01
3.825462759401603852e-01
-3.307115663058412536e-01
-5.111712374488595889e-02
-6.383433800708672445e-02
-2.252650542398213773e-01
-3.199749312678564217e-01
-5.949959689539469077e-01
-7.080636241607702885e-01
7.552066326008555208e-02
-1.257689329369109932e-01
8.437862754109690666e-01
1.240925700502924361e-01
-1.753961635072779635e-01
-2.181243551165275851e-01
7.534767055560533944e-01
9.101657631311040886e-01
7.592632659426705732e-01
3.633249441020994230e-02
-3.952336109094888861e-01
-5.621570490176852619e-01
2.969775881790058247e-01
-1.405169915516228836e-02
2.851088761147642717e-02
-6.670860130632920090e-03
4.283932301917184882e-01
-2.170969034597195757e-01
-1.518635398782234025e-01
-7.465815292937738601e-01
-5.708815286571026215e-01
-5.397405538614551412e-01
-7.883576585783301505e-02
-4.527249145432956090e-01
6.984046075150037725e-01
5.707610976032190253e-02
-1.156512027367014306e-01
-4.333258876667429177e-02
8.331823700603646632e-01
7.164867877539784491e-01
-7.800648158563842083e-01
-2.422289913743921885e-02
-5.679699765935265487e-01
-5.211954117870504222e-01
9.380282227207623058e-02
-4.988841410598585796e-02
-1.244963141997871281e-01
-2.263812105995204882e-01
-3.461261861443640231e-01
-7.597392130731196735e-02
-7.623417562796077629e-01
-4.691404299635638098e-01
-3.420124812550300319e-01
-7.871819556964396863e-03
-4.409320836810197708e-01
6.148118964591899882e-01
1.648889846618805388e-01
5.998019163572930468e-02
-2.566598604406037376e-01
8.428420907501406045e-01
-7.711501710547393751e-01
-2.558028143833698462e-02
-6.173782903007698497e-01
2.746977552222787389e-01
2.398485266680475125e-01
1.913789930855814558e-01
-1.726029629737515780e-01
-3.059548160036731565e-02
-5.315010777594239011e-01
-5.318819910389419592e-01
-6.564490085840094524e-01
1.707621409852913830e-01
-9.004363716364397474e-01
-3.508607773866997959e-01
6.934283907167155814e-01
4.326297536983993164e-02
1.431451002916531157e-01
1.313500311894124153e-02
4.899110665047651803e-01
9.486385798989350748e-01
-8.628872045708276817e-01
1.438654074528031681e-03
-5.378912802142864491e-01
-4.523588648316603789e-01
4.019073917641183824e-01
2.896085547672442098e-02
3.829845899600676229e-01
-5.672552309102738693e-02
5.423985253025450648e-01
-3.280236156669225078e-01
-3.738471285358300200e-01
-5.914970476901069141e-01
-5.565819081636236287e-01
-3.855081827724016197e-01
-3.330487352572035487e-02
9.694204009455016369e-01
-5.453973574849467765e-01
6.070139732176198510e-01
1.723348828352855022e-01
7.202870558217331839e-03
-1.471529202716567453e-01
7.395892624808712013e-01
9.189499870180419805e-01
8.714124403299510213e-01
-6.422222929564440352e-02
-3.747392309152408063e-01
-5.645936382569629597e-01
8.793295344055662710e-02
-4.975844854041502202e-02
3.595865248927646585e-01
7.067254765044010956e-01
1.817204719820370018e-01
-3.537424940041973276e-01
-5.431392807718344630e-03
-8.903525758499498677e-01
-5.619876233412482991e-01
-7.665551803587554724e-01
-2.754854676198962293e-01
9.346518854415323263e-01
-2.465512796489256753e-01
7.148613587808713143e-01
1.186168374812186926e-01
2.294220974650515721e-01
-2.445936362859663094e-01
4.836725173118539001e-01
8.505881712724192578e-01
8.132392513892416908e-01
-1.233461995087871237e-02
-6.173223735605876117e-01
-5.702122361933767980e-01
3.190650479315423893e-01
7.138988129881460032e-02
-6.852719554533028834e-01
1.149421932560202968e-02
-3.042363472258393653e-01
-3.445910904405150021e-01
-2.611449813243916784e-01
-5.922815712570300706e-01
-7.334275494542279450e-01
-7.434185902969270288e-01
3.267287405262889188e-02
-6.134057894878719441e-01
5.383504955847197015e-01
1.365932600138848318e-01
1.407808748000455024e-01
1.596801108045134421e-02
7.287802232606364061e-01
-6.182343601910837982e-01
2.088544021612109489e-02
-5.042329441626000053e-01
-6.199644949798897020e-01
4.154313048384806195e-01
6.285482372371013760e-02
3.661891754507167196e-01
-6.705091640319038593e-02
-2.768188410816296297e-01
-9.533326822329475647e-02
-8.594289513292222571e-01
-5.905056566808171148e-01
-1.972505565709639641e-01
-4.186629207695519161e-01
9.513553892075482521e-01
-7.823683442153394063e-01
7.670055783093618906e-01
5.934256067077418872e-02
-1.889054918933049942e-01
9.267579260243485884e-01
8.803191087281609928e-01
5.957824333053985955e-01
2.773967164659705761e-02
-2.930494116232733037e-01
-5.620794229400905007e-01
5.359875691800233266e-01
-4.921650704240848606e-02
-2.347795370766823375e-01
-1.816197447291281464e-01
-5.451086071688107104e-01
-5.005878483238296317e-01
-3.846116213272641748e-01
1.115046784312161143e-01
9.518025060213499700e-01
-8.070280500990126837e-01
5.233404869906816970e-01
4.643492568831575351e-02
1.083076146979632531e-01
-1.965065920225515239e-01
4.028129586625331937e-01
6.917146384261732006e-01
-8.840519138778860642e-01
-6.113042950603252840e-02
-4.388396671425645601e-01
-5.909218177564787844e-01
2.776358073943170357e-01
-2.101693305502394249e-01
7.187376064133735865e-01
3.293528848912130689e-03
4.561104765510721193e-01
-3.034204359145630803e-01
-1.740779758892463114e-01
-8.844503652989695874e-01
-4.926584309368821080e-01
-6.870486566922219263e-01
1.088614775204635038e-01
-3.566709446054727728e-01
-3.010683918647542694e-03
1.043385940914805243e-01
-1.201195682000193721e-01
2.846239178433037087e-01
8.470870258113738505e-01
-7.596597673253574490e-01
3.633253533430869098e-02
-3.952316603680604556e-01
-5.621552542515715345e-01
2.969760561708052471e-01
-1.405120233471715725e-02
2.851250148999601858e-02
-6.668362005240508275e-03
4.283933347844000039e-01
-2.170958686686454975e-01
-1.518650269470135095e-01
-7.465821582279060786e-01
-5.708820189701172554e-01
-5.397395543733810586e-01
-7.883831334254723378e-02
-4.527249199325646956e-01
6.984048494398003015e-01
5.707588412252281168e-02
-1.156511753647795765e-01
-4.333243459039645695e-02
8.331813831030919770e-01
7.164865183750692701e-01
-7.800650983372823255e-01
-2.411467508619218741e-02
-5.679225257656717041e-01
-5.212060968699372410e-01
9.394190143478764465e-02
-4.985682621555488636e-02
-1.243077232307397556e-01
-2.263585189582893731e-01
-3.460869051986285583e-01
-7.570926936569652432e-02
-7.623934428647789474e-01
-4.692275184502820995e-01
-3.419691460787306903e-01
-7.997098144947718118e-03
-4.412288083581675235e-01
6.147838983918421096e-01
1.648894124198015954e-01
5.999037493455530029e-02
-2.566614409234451166e-01
8.428446915937569672e-01
-7.711688068448654398e-01
-2.133368651791708176e-02
-6.051520128792007291e-01
2.423584718414697747e-01
2.188164116402691872e-01
-1.481398690921771066e-01
1.589504270730184854e-01
-1.520041800439901891e-01
-4.519017605677275173e-02
-5.482253014596272234e-01
-5.331207074254301626e-01
-6.691230366777026761e-01
1.862638454252789066e-01
-8.828226162594964288e-01
-3.229686890368353991e-01
6.644287682635640069e-01
1.919266802268385641e-01
2.153452666077863148e-02
9.592113696618834728e-01
-8.513611889031081903e-01
2.168313988336298057e-02
-5.502727744387787556e-01
-7.236382089781052684e-01
2.593069742683517392e-02
7.118046105849167304e-01
6.247077175839355762e-02
-3.376691034486514753e-01
-6.993720398835963359e-02
-4.688761488457462434e-01
-5.654395331532904301e-01
-7.355924518003289503e-01
-2.267927644846377266e-01
-9.347256499876699376e-01
-7.586199754092192160e-01
7.393601713721322799e-01
9.730446527760759634e-02
7.982724831644197327e-02
2.092436553826101109e-01
7.219105903961193782e-01
7.367783022834637485e-01
8.604232151295991560e-02
-4.171614007783346900e-01
-5.886324502506763423e-01
3.305314030207092690e-01
7.688900335986589840e-02
2.134707327953271616e-01
-1.899394571205347271e-01
-3.697558610363638198e-01
-4.717255861413848228e-01
-5.504839100034917276e-01
-1.045251719982115413e-01
-4.976554381043741815e-01
8.380331637567837166e-01
2.341784603149628941e-01
-1.180395372675952653e-01
8.320755401808379581e-01
5.638495705889885468e-01
-2.736103924997381268e-02
-6.531988558025894065e-01
-6.307159573511387229e-01
4.221258038856852135e-01
-2.910247490831778354e-04
4.089667509200354267e-01
1.672134237672593671e-01
3.343162501923925278e-01
-5.367126715286949512e-01
-1.033617389866336583e-01
6.326737464233030128e-02
-5.788284214277096273e-01
-6.738146414575172383e-01
-1.113719629132282757e-01
-8.660008365340255976e-01
-3.557737558867418159e-01
7.459385497852633051e-01
-8.170586814539343434e-02
2.022860797210563888e-01
8.023616213452433588e-01
8.684014841884493130e-01
-5.714727846630263119e-01
8.076672190469607118e-03
-5.980200675719408165e-01
-5.596747536261068579e-01
3.664167505687396242e-01
-2.024114743996103475e-03
-1.226978994080020480e-01
-6.008540172660211676e-01
-2.343778575506721973e-02
-1.563742296761826966e-01
-5.210812197292387093e-01
-6.187210093837458569e-01
-2.504446563631100298e-01
-5.761560320045419070e-01
7.031995874393842660e-01
-1.065711796981308468e-01
1.234529817023173742e-01
9.108304548510534060e-01
6.619309729654769825e-01
7.152325827270664127e-02
-4.370411038393455794e-01
-5.161550173292488441e-01
1.782479715657285801e-01
-1.339077310361448392e-01
9.386166382553332022e-02
5.298174378785844851e-01
-7.130969372018583496e-02
-4.572983809742525163e-01
-3.650694980490753472e-01
-6.109104439673000986e-01
-6.194852420269718607e-01
-1.800144887367953195e-01
-3.414600689904510045e-01
4.397787683617205290e-01
-1.226288438665741748e-01
-1.465385716098490387e-01
7.252153093007746021e-01
7.738147289448604749e-01
-1.008674443131579168e-01
-5.971080799397926464e-01
-4.750504017831294057e-01
4.392853093783178897e-01
5.765868802909120648e-03
4.573979744722310448e-02
-2.031071933469308366e-01
-1.372787015476214512e-01
-6.107960273236956450e-01
-5.500616756124818707e-01
-6.176427668587994857e-01
4.207971071871456914e-01
9.864744689779684217e-01
-3.797278795131664997e-01
7.090473571018003351e-01
-1.341127689919232972e-02
1.597696240485274241e-02
-1.363963584028351217e-01
8.186578503749275537e-01
-8.514384386520915671e-01
-4.856242810937975996e-02
-4.871025465295991674e-01
-6.446472671970149282e-01
1.046149972432670744e-01
-7.306957608963002629e-03
4.415623267370896166e-01
-7.752680349218876721e-01
-1.195644470270148044e-02
-1.404215768059387248e-01
-2.448448631296654132e-01
-8.641425122819303972e-01
-6.217209141317184828e-01
-4.693444341927025532e-01
1.768691030370088402e-01
-9.688024805491882718e-01
-6.941623761823656480e-01
6.883987476015857032e-01
-7.697883630624051399e-02
2.037117305523529487e-01
1.252937119233540376e-02
7.969589864068409302e-01
7.860146968327356154e-01
-7.752967941473007940e-01
1.732829174908781175e-02
-4.227620890177036239e-01
-6.880715375991416360e-01
4.959737454045509697e-01
6.579634895105518355e-02
-1.146079418068212952e-01
-2.352689854680115877e-01
-4.109220895112185579e-01
-2.529794270867516959e-01
-4.824006650144270769e-01
-8.128126845952746704e-01
2.841742403808830142e-01
9.724010909419072979e-01
-3.376026512669206836e-01
6.929204857569012388e-01
-1.062995892371320916e-01
4.043284150947391853e-02
1.340769259328298546e-01
7.902734963451543138e-01
7.794606445269448569e-01
-5.048081895387666052e-01
-5.597924251665289258e-02
-6.132067784476700201e-01
-6.461474066517619574e-01
3.296932960650300060e-01
-9.911378511673425706e-02
3.242270983332875001e-01
5.685942606841060815e-02
-3.557971661052504175e-01
-2.061811623154955198e-01
-5.656249515410447515e-01
-3.854210579495370714e-01
-2.128753316273343243e-01
-1.400117104922744826e-01
-5.591311523528704752e-01
5.368369755894430995e-01
-1.053200824079756903e-01
-2.253786205957027944e-01
-6.950144486446545311e-02
6.346103175918014205e-01
-7.754109084274115604e-01
1.814180227277163715e-02
-5.073276750685528080e-01
-6.082796177783635905e-01
3.477473809926761028e-01
-2.355156444856258344e-02
5.477350898880491981e-01
4.322748299109849257e-01
2.386007984543562013e-02
-2.570265867836412088e-01
-1.085204372855164690e-01
-4.136993860474775797e-01
-6.245072080332408904e-01
-3.991164164177155582e-01
-6.873008496695381768e-03
-9.331403058634840653e-01
-5.797750574794501288e-01
7.534204887173114873e-01
1.297736646826375996e-02
-2.345808586069693114e-01
-9.822774770391276555e-02
7.490740029368035957e-01
9.434166502255703080e-02
-6.057091505505768358e-01
-6.034645440676587036e-01
3.951738817359305989e-01
8.326780706473382865e-02
-2.773614361850142429e-01
-2.679811844776630592e-01
-1.206240438910789053e-01
-6.262948632197549159e-01
-3.965618716367351193e-01
-2.678615170183137884e-01
-6.329998909530762941e-01
7.187458232798508151e-01
-4.607325007298337938e-02
4.185335135230771469e-02
-2.734299999373641654e-01
3.435546331745755189e-01
8.111511408699160208e-01
9.591839924016705154e-01
7.080328396283732673e-01
-1.494255430400124873e-01
-5.123317858518386947e-01
-2.947759013625355085e-01
4.478114610217664993e-01
-1.641379389162866617e-02
6.349508792545480729e-01
1.924036608754618738e-01
5.268837450039682846e-01
-2.552284014864318884e-01
-2.280056041212882301e-01
-5.060759931919397436e-01
-5.721305659010038625e-01
-6.002832751538295097e-01
-2.674788328773941570e-01
9.839919996031848415e-01
-6.274313526592110168e-01
7.454851330359465456e-01
-8.688247097761606086e-02
-1.768566011022782991e-01
-2.553421697200181084e-01
8.385464589227000776e-01
7.246389101295587221e-01
6.941017696010085558e-01
-7.176072468377291125e-02
-4.300975143371044140e-01
-3.073093198223227906e-01
4.008573494189920927e-01
-4.075641542867819780e-03
-1.543105105894528317e-01
-2.660620975582006498e-01
-8.031214122855151460e-02
-6.200720637637552324e-01
-6.893682619657285349e-01
-2.555582335193242738e-01
3.275974771222172066e-01
-5.568977069442211381e-01
8.190322461667702836e-01
6.934682444712517158e-02
-1.245190049157811341e-01
-3.163079475220567094e-01
4.341701072799829531e-01
8.034684782181574780e-01
5.339759686593305021e-01
5.551425782819817412e-02
-5.055850323628897636e-01
-5.724214731419526858e-01
3.777707536055243676e-01
-1.686717239532115184e-03
3.738501905649198598e-01
2.491146114728859037e-02
5.303909003471913852e-01
-3.022871275070842523e-01
-2.280026812753234433e-01
-5.045794923799634679e-01
-4.095582504530519419e-01
-4.137283933591175966e-01
2.442204370007944048e-01
-6.430446650083818660e-01
7.689688114392330132e-01
5.652604057254018849e-02
-2.586724684622994652e-01
-1.959937002028550729e-02
9.334454790242536770e-01
3.930321167145767181e-01
-8.694780663638821405e-01
-3.477025493930017280e-02
-3.575242460448463389e-01
-4.259304214956773915e-01
4.511110110623781089e-01
8.842629067141871690e-02
-1.971583738404888639e-02
-2.016429910614229437e-01
-1.602285443853241897e-01
-4.035588681740253647e-01
-6.038430323670764821e-01
-4.653902722120427660e-01
-3.550359094920552683e-01
-7.253282032247090338e-01
8.445977859045487035e-01
-2.696175290134328328e-02
-2.355675764559897745e-01
-1.373626042099121702e-01
6.384583658924929406e-01
4.419795867395275857e-01
-3.084250380999672414e-01
-1.371194722992374604e-01
-4.059373453810555255e-01
-4.686912877884422124e-01
4.092514371266680051e-01
2.557414705984529038e-02
2.008579817946151702e-01
4.209119758018532442e-01
-2.662546618305697277e-01
-2.379391177402359892e-01
1.034315597584024304e-01
-6.538279494771779277e-01
-3.467611654327413251e-01
1.535866283621709072e-01
-5.679522013997562180e-01
7.173631283825201432e-01
-5.786887461839519686e-02
-1.685368068062783609e-01
4.885172859591825345e-01
4.718594368086096447e-01
9.503237211073121971e-03
-4.389206393959502184e-01
-6.386772565361519272e-01
3.285869787792310148e-02
-2.074065229117982509e-02
2.856499333933457674e-01
-1.362433861152780867e-01
6.770836617383696465e-01
-2.402066374521923953e-01
-2.747687615557996010e-01
-3.341008829274295100e-01
-6.257673307489387549e-01
-4.508208121175906746e-01
4.194568775815495365e-01
-5.855777955356452624e-01
4.787843099169405425e-01
-6.593988930192608289e-02
6.969436062734915560e-02
5.591223722402467455e-01
-1.025287149791286739e-01
-6.468595280753448584e-01
-5.727421462452123579e-01
3.061873212520703769e-01
-7.040188904032310124e-02
5.137234531369272439e-01
1.790903237268133899e-02
5.993323622001889284e-01
-2.533441731447704237e-01
-2.732289339277373386e-01
-1.207496596534460565e-01
-5.503020325140685065e-01
-2.251288509908103419e-01
5.815851221449058750e-02
-4.116160940881474772e-01
4.086332255161531091e-01
-1.659558753371127016e-01
2.262360793200340336e-01
9.070114704877803025e-01
8.066249740966184856e-01
7.605098838711701337e-01
6.525029922096715895e-02
-6.510059852307603645e-01
-5.652904053341288870e-01
4.083233590443569039e-01
1.833702348487876999e-01
6.455092067686787338e-01
7.966689942877791530e-02
7.109105805340425466e-01
-6.909533932578156012e-02
2.853580728714003034e-02
-1.568306060232882992e-01
-4.546368574250860828e-01
-3.965158811319026699e-01
-2.215249079368948881e-01
-5.217099160634307564e-01
8.082194904323596329e-01
-1.167277860437605924e-01
-7.481422439824544912e-02
3.297844207783415943e-02
4.759644268148750523e-01
9.175210547471319630e-03
-2.832084878442623910e-01
-5.170519023449912099e-01
2.696006523792300880e-01
3.553580306337602440e-02
-1.938486015481145353e-01
3.537455946644871979e-02
6.583522029057532476e-01
-2.974500316482858175e-01
-7.102505533865437204e-02
-4.598505759040554253e-01
-7.448773714465826146e-01
-5.263604076642734997e-01
-6.979149889663328610e-01
-7.270542910085816546e-01
7.448932203738691804e-01
-1.158213210023785883e-01
-2.714849543245337338e-02
1.562078004369142070e-01
4.715170279005474474e-01
-2.662249643748365244e-02
-4.211220268156512514e-01
-5.253368802347894162e-01
4.349294207097457177e-01
-6.150472672619902020e-02
1.652967449111121256e-01
1.087398381426907812e-01
8.459276585897193002e-01
-2.239792054537041999e-01
1.353784679629138621e-01
-1.367465852113878069e-02
-6.327892965678342252e-01
-2.958098088623857813e-01
1.511287378819629601e-01
-5.305117714921635530e-01
5.256250278661693809e-01
6.450806685518592487e-02
1.518962080166247064e-01
4.512154421805043836e-02
-6.729971712139449780e-01
3.659145550180881862e-02
-4.300224082754654509e-01
-6.022634632584950021e-01
2.308507173110056210e-01
-8.743703203824464490e-03
5.058331548699692704e-01
1.276333034732443361e-01
-2.063170446413241654e-01
-1.108291876145644228e-01
-6.695557127759870220e-01
-6.044899690914623536e-01
1.971138385451961031e-02
-6.714863469979100996e-01
8.027590857970982041e-01
-1.366565333635340329e-01
-1.948903454361314846e-01
4.481978791246676308e-01
4.371749043947403823e-01
8.675011155928863404e-03
-4.866655817921801686e-01
-3.534255226266519445e-01
3.198704474598876302e-01
-1.656442944299718655e-03
-6.398693139182770606e-02
-2.087611474864738692e-01
-1.528647783895573653e-01
-7.293509366717041420e-01
-5.774817746562878051e-01
-4.686067524253200722e-01
1.756971365209836211e-01
-5.717502354172890877e-01
6.922223029798270089e-01
-2.533197133299937009e-01
-1.010773661845019433e-01
8.445637961354786061e-01
5.483238356447283079e-01
-9.002528963766055770e-02
-4.072912587106328752e-01
-4.061980355730566150e-01
1.653562016461874173e-01
4.194926682311736488e-02
-2.675421949495666585e-01
-9.091709047117750575e-02
-2.496433440358528377e-01
-6.350852143415102180e-01
-6.502080355572967818e-01
-3.500387075831871281e-02
-5.692651650405804453e-01
7.428043753277546735e-01
1.382943223580675174e-01
1.237871218080355412e-01
9.189570089017774779e-02
2.831099448972136390e-01
9.856491075438952310e-01
-7.880747933523620796e-01
5.375347032668245650e-02
-4.504961121516239952e-01
-6.622363315490362723e-01
1.983343062725794193e-01
-3.333565064256939769e-01
2.290469346531563699e-03
-7.755452263992037576e-01
2.888032715488925151e-02
5.225314242348659821e-01
-1.864472956184521912e-01
2.550709742411381292e-02
-5.621089857436100123e-01
-4.580808593599386414e-01
-5.560722363140307989e-01
2.016523646817722504e-01
-4.374083793413496291e-01
4.452178264979012590e-01
6.256532666027249112e-01
-1.540338789348841275e-01
-1.941448106855725442e-01
8.636728130017354843e-01
-7.403462658348620717e-01
6.092244968020391754e-02
-5.235026114942832320e-01
-4.189598740774102548e-01
2.229898050122194886e-01
1.741073065797039965e-01
-8.681582030937381456e-01
6.856114873867732995e-02
4.527163197193181388e-01
-1.969772453057589134e-01
-9.656694438607821285e-02
-5.369361599876167901e-01
-5.205732870014893043e-01
-1.058796358678756877e-01
2.324283614824098343e-01
-6.682531534302810217e-01
8.035588251275560534e-01
-6.433432648806611254e-02
-1.337839650424929028e-01
-2.081453362184476075e-01
8.642468699809120469e-01
9.910541107933831251e-01
-5.834912398903816522e-01
-2.899440311343180060e-02
-4.607058165177592701e-01
-5.795214358490733408e-01
-6.246338559170347415e-02
1.435420667294368818e-02
1.734686533631493721e-01
-2.348915871490737384e-01
-1.511939959117035437e-02
-5.311747638856356701e-01
-5.499401407489384885e-01
-1.630970208112423880e-01
-8.427804904752939086e-01
7.077726865590787675e-01
-1.313391473529142706e-01
7.960874293583541927e-02
-1.619309706735263810e-01
6.966895649396560586e-01
9.628431103494985432e-01
6.645676841943194413e-01
6.856121386797629780e-02
-4.929391349442527881e-01
-6.261566879587643353e-01
2.716016952812314034e-01
2.489580642723402543e-02
1.244551155235831992e-02
-2.247357343490056780e-01
6.517149688445390832e-02
-3.813609910060051789e-01
-6.582859980886325291e-01
-4.124362555734579772e-01
-1.400804715064882799e-01
-3.988033706894315022e-01
7.343894501541778919e-01
7.938661406693969802e-02
1.981208455098102533e-02
7.158977509106427550e-02
9.009261019747428767e-01
6.024802129811626106e-01
5.599165626434495641e-02
-5.366829589722380556e-01
-5.255666651428361202e-01
3.444064231650103003e-01
3.042906495732254635e-02
4.757706494118599250e-01
4.320044456528808474e-02
4.763026947805583111e-01
-2.287813557452161861e-01
-1.520075983181612411e-01
-4.427146870285074698e-01
-6.373759004318038102e-01
-7.327641413351025923e-01
6.128325175155829169e-02
-9.977701906235066920e-01
-9.964280636829888627e-01
8.320355620510093697e-01
7.245853567170354448e-02
-1.096052743529270651e-01
3.231862749863090301e-02
-6.871533562564335895e-01
-7.619870462322007876e-02
-4.665482905633339117e-01
-5.397528095263423031e-01
-1.181497568880161275e-01
5.416486689895099182e-01
-1.284772854357149260e-02
7.371329883792844262e-01
-2.978543788270486825e-01
-2.141920094539251085e-01
-6.007059592647107094e-01
-7.731356191813130163e-01
-5.605134197529086926e-01
-4.813469078900602383e-01
-9.373209850709000035e-01
-6.791796050060441292e-01
8.024812191335130018e-01
7.255057656428368085e-02
1.211741617004188504e-01
2.052775865463600802e-01
8.837854078790083889e-01
8.851412176063758741e-01
2.093729168304792054e-01
-2.195591261299604385e-02
-3.104012592804286652e-01
-5.286837837942774954e-01
1.188120412890751772e-02
-8.189428612397479101e-01
-7.213480331100209295e-03
-3.174526082410586425e-01
-3.194570878352116505e-01
-5.863368631819529941e-01
-6.081782200971205254e-01
-6.759572215146564256e-01
-5.047954894192729219e-02
-7.272617342906801952e-01
2.527422149588858802e-01
7.614234472968024470e-01
4.669986679066428191e-03
-1.359592694642157984e-01
3.762554241969179314e-02
4.755313781198349798e-01
-9.018647580001060149e-02
-4.447081010107190036e-01
-5.411940340790949433e-01
2.464386665086493455e-01
-3.355215640550893719e-01
1.024554735425983604e-01
8.362120760238758298e-05
-3.273706577715972954e-01
-4.278564037270610187e-01
-5.079794344123143013e-01
-6.361310682535226135e-01
-2.498136371539951828e-01
1.114898502247892165e-01
-4.756849122717569101e-01
7.350927285655159960e-01
2.501410074032514239e-02
-2.888871022474508443e-01
-1.038140502255066877e-01
5.795359581646333247e-01
6.756428249500142647e-01
7.635423670585323071e-03
-4.793885111852397296e-01
-5.549383769678806200e-01
2.977744687814590785e-01
5.311841513582834379e-02
4.561084017923800471e-01
3.727052707374364088e-02
4.734078709304633259e-01
-3.838800931101962188e-01
-3.075317381813830186e-01
-6.362251109105576674e-01
-5.741750125385185477e-01
-3.599072551923994112e-01
-2.370032467217595140e-01
-3.422717778927708565e-01
7.009803608876525871e-01
1.474328396644633901e-02
-3.619971968446811239e-02
-1.439597645867620457e-01
8.934163342796694884e-01
6.975108526604275605e-01
-6.692762657523572134e-01
3.406896112022130690e-02
-3.869729962637647458e-01
-6.256863850747449440e-01
3.425932274241959563e-01
-3.362722682173769143e-03
4.933851501514194826e-01
-2.584092468185005594e-03
-1.954674355166065580e-01
-1.809593686492266262e-01
-6.426189787384123386e-01
-5.883732151197387239e-01
-2.377537728927683336e-01
3.276825075142285049e-01
-6.261235237923359342e-01
7.784837127693580161e-01
-3.785835535564259155e-03
-1.525500097280666212e-01
9.672249603162476339e-02
8.951766074353028069e-01
3.430837054081384285e-01
-4.400505520213791183e-03
-5.751482194118715530e-01
-6.586664055972186738e-01
7.966867302357273639e-03
4.518873699631097973e-01
-8.381768937566320687e-01
9.299312237519762048e-02
5.626797308450078861e-01
-2.577449463011711739e-01
-6.840412078841769106e-02
-4.050833523613057707e-01
-4.651686208455881877e-01
-3.102666402986272720e-01
2.826136935470647486e-04
-5.303872272749123873e-01
6.758461091360616901e-01
-1.042337985069039380e-01
5.604017407394294714e-02
9.556588560835285739e-02
8.975394813577109998e-01
5.610320231807227609e-01
-5.171168355167504206e-03
-4.023203078069814143e-01
-6.443377139964748812e-01
3.773554212792890605e-01
-1.090591510516076938e-02
3.082238640294326926e-01
6.340610434303199927e-01
-1.467021861556685181e-01
-3.757071052882162143e-01
-5.009011043945146291e-01
-4.498572078914155892e-01
-3.517104086095828031e-01
-1.414413134290171681e-01
-4.251847263231036123e-01
6.763134644628099323e-01
7.508728486578403194e-02
-1.825277780317304255e-01
-2.878349663893325361e-01
9.139890041340742455e-01
1.143168748104314014e-01
-4.069241393902199855e-01
5.380610923953151048e-02
-5.057060633095478153e-01
-5.246883726650648505e-01
4.103740318369458046e-02
4.783876033377802983e-01
2.226626522314430756e-01
6.986587189233395279e-01
-1.198128633090097955e-01
-2.097797716938455126e-01
-2.847725530620174861e-01
-5.028559587961127786e-01
-3.842419083507850885e-01
9.091131985330476450e-02
-9.663559703280060198e-01
-5.653895815390850288e-01
6.035005255065624130e-01
2.979875970028099397e-02
-1.594937705586999543e-01
4.370871971723851168e-02
8.438554678442609092e-01
8.701244939395158529e-01
-1.976855801623130515e-01
-4.760208880135080589e-02
-4.999892061769645735e-01
-6.632215424229405132e-01
2.284612761976836937e-01
3.020097304100179819e-02
1.217721076829056115e-01
6.006648787584402127e-01
-3.554111526342199623e-01
-1.560989890930596646e-01
-5.871727599155254218e-01
-3.982939129239766451e-01
4.032087829076348995e-01
-4.930414986058070381e-01
7.625735862577042168e-01
3.525196359960743042e-02
-1.904439435766580868e-01
-2.807198913170722565e-01
3.409957817631317778e-01
8.021271847547668532e-01
9.050777753542411652e-01
5.556915213308227797e-01
-2.931771345124817990e-02
-6.607749646799662147e-01
-5.626130863784529756e-01
-1.749446054011994656e-01
7.045181201780675861e-02
1.564022909650315818e-01
5.146759751499158098e-01
-3.648373583605563075e-02
-2.695203109841726730e-01
-2.519160583425998357e-01
-1.549548683792240367e-01
-4.688475861631449804e-01
-4.035926364427361301e-01
-4.233588603178643495e-01
2.048899634694797411e-01
-8.995329539378714712e-01
-6.032754185419049175e-01
8.428636206157523736e-01
-2.318300004443823170e-01
-3.077203524910807064e-01
8.900801186788999120e-01
2.721865311446236557e-01
7.406648199905313534e-02
-4.560304926059488562e-01
-6.316594285904117978e-01
2.169280291170986308e-01
-4.312873346462284957e-02
7.530959858276777830e-01
-1.749051480986854312e-01
-1.126520874564698182e-01
-1.479951107494469620e-01
-5.736861492972707977e-01
-3.649270969089694061e-01
8.834811177872113619e-02
-3.152475532313856466e-01
7.779396167642682602e-01
-5.809589115788548613e-02
-2.355030907211033420e-01
-3.716273030270193511e-01
3.949003949203824804e-01
6.767204938023725358e-01
4.199248566961596985e-01
6.592080842880415625e-02
-4.405190236350223221e-01
-4.906258776058014526e-01
1.667206029079881802e-02
4.162208979783310614e-01
7.975447847876734331e-01
-3.002260200321774791e-02
6.720539678784571702e-01
-1.705873855753060053e-01
-2.853993491632802471e-01
-7.065613578167639908e-01
-4.314716410882128428e-01
-6.186049625517329176e-01
-5.304267216380972316e-01
9.451385263715497143e-01
-6.432837586749359238e-01
8.004027674141386273e-01
-8.414344056056881349e-02
9.425424555381271829e-02
-1.513947780213086569e-01
8.665220930161432467e-01
-3.299255944033456789e-01
6.362260938088976081e-02
-5.205443615906023558e-01
-6.030850609332512047e-01
2.050827235149722261e-01
3.381387823562522627e-02
1.915737872102786510e-01
6.821119620120015270e-01
-1.484750610980834218e-01
3.271545837876241314e-01
-3.297403734959889476e-01
-3.332170217430829862e-01
-1.462716135820107677e-01
-6.522114078180361041e-01
-4.620279300231696085e-01
-5.758720910581307528e-01
-1.830055021120908787e-01
-9.281529443573776073e-01
-4.610464423577387838e-01
6.388749394356983968e-01
-1.529202228116243456e-01
2.903199485752687783e-02
8.618660261156340097e-01
2.798374230186527756e-01
4.656875098709142846e-01
-2.510409117464786934e-03
-5.910175097279103396e-01
-4.486327340464140168e-01
3.810483182232644594e-01
6.592447269750957572e-02
-7.495590844307189471e-01
-1.516113723989490625e-01
7.916391494728097777e-01
-2.378712603852241037e-01
5.100887127209512845e-02
-1.299817660716933165e-01
-4.720409710737479281e-01
-6.228599758323213331e-01
1.889144175778691981e-01
-6.170378152926057069e-01
6.195617019892851740e-01
-6.111212762368446738e-02
-6.143823838909626134e-02
-5.327627441031999034e-01
4.247606946647412562e-01
2.749085833083631525e-01
-2.537178686912352349e-02
-5.123839749453219516e-01
-6.926701584237417997e-01
5.187447285751888015e-02
-1.299242810023976819e-02
5.529080231287321068e-01
1.149693949091098455e-01
5.687760977845729427e-01
-2.501712018570079743e-01
-2.593978322879282317e-01
-7.230568541642923286e-01
-6.293486053599799401e-01
-3.839423807497473473e-01
-6.921222734946992639e-02
-6.588287504035301723e-01
3.519345444937425071e-01
1.507309193681687920e-01
-2.163290414467852196e-01
-2.397292631545373531e-01
9.257608223477129528e-01
8.439005499274306876e-01
1.865503964411648896e-01
5.355812901579145580e-01
1.565791357979590473e-02
-3.802802879326017682e-01
-6.191822531125682483e-01
2.521902659015419768e-01
-3.685019347018815838e-01
9.705929370659353850e-02
-8.063353543458646744e-01
1.897235441401915745e-01
6.485073121920199579e-01
-2.216099988929244591e-01
-1.823406278058710139e-01
-1.453648485123444078e-01
-5.576085667022278036e-01
-3.855204296269246211e-01
2.926972304680798900e-02
-9.762153995411199103e-01
-5.374702085872906654e-01
6.698191591843352111e-01
-2.676307755379963432e-02
-1.552977630773344220e-01
-9.002062626586951333e-02
7.800986487166627903e-01
4.354371189878394888e-01
-7.914537314592381967e-02
-4.767849205753529884e-01
-6.121464305204270540e-01
2.877112367231349777e-01
-1.208824559896509859e-01
7.078564105746324442e-01
6.941387727397611840e-02
6.315738443753668996e-01
-3.532266543560730887e-01
-1.432308235273257735e-01
-2.225742390620273903e-01
-4.384789813424176952e-01
-6.475064645340258274e-01
2.375264294176803459e-01
-7.753921975153275081e-01
8.881577369681146195e-01
-4.611514957870790909e-02
-9.265452011166447344e-02
7.130174255736033972e-02
7.908373911964211578e-02
7.669092525753560263e-01
2.478942130125728893e-01
5.030581414793560135e-01
-1.268157161447764913e-01
-3.340172815967435982e-01
-6.573037678575601728e-01
3.951726324736963281e-01
6.577513250484576766e-03
6.229405008220468831e-01
5.271196153130441875e-01
9.224344174292299636e-02
6.798005944639685660e-01
-2.376066155492879972e-01
-2.998771612483216442e-01
-7.185287201208843122e-01
-5.595821036481870570e-01
-3.863178466452559801e-01
1.317087104570268188e-02
-7.433778357654673430e-01
8.232655970489295427e-01
-1.191913590141200768e-01
-1.523894825331119640e-01
1.016302301762498916e-01
6.625939887394142191e-01
3.125405461167279908e-01
-6.528668356743058121e-01
-7.486621413849071927e-02
-4.578862651572600528e-01
-6.698018516677595180e-01
1.583411775487250650e-01
5.959944150218052933e-02
-1.476325995538655678e-01
4.078448051198274582e-01
-1.440061963399688338e-01
-7.211570585843969650e-02
-8.950997686863120251e-01
-5.658016272575200345e-01
-5.879036359812166435e-01
3.145196244339744651e-01
-4.261597367236078515e-01
8.895788195212661620e-01
-9.307788840161616839e-02
1.668000639052696354e-01
7.438480125614668204e-01
-7.951428149045722815e-01
-1.028526667111596959e-01
-5.101130189938921644e-01
-6.937107118079328671e-01
4.164571334645569278e-01
4.917763770604093032e-02
4.971405755523083947e-01
-7.958724520524187440e-01
5.724567839158520993e-02
3.470259945810650337e-01
-1.418120916119427199e-01
1.884419124083725958e-02
-3.021540834690029653e-01
-6.873685352179136343e-01
-3.218059972643885214e-01
-3.197369402809055461e-01
9.971463719677039483e-01
-7.715954910302994518e-01
7.714791998868020251e-01
-1.781864960188497479e-03
8.703145628241518161e-02
-9.418241807791975784e-02
1.042265458986436216e-01
7.676695710095616798e-01
5.665287818971818101e-01
-8.913758276458340346e-02
-6.561967435508896385e-01
-5.427623485337629283e-01
-2.189285650078407197e-01
2.552191449969467771e-02
4.057582599003176638e-01
-6.993018188960256447e-03
4.594974699970525989e-01
-3.089259735060394252e-02
-1.676303108027724365e-01
-1.498917605413724874e-01
-2.603978381856541513e-01
-4.957290971864646845e-01
-5.925237284304981644e-01
1.744319359249126566e-01
-9.928876219637787770e-01
-6.813826070063095930e-01
8.361862971580220627e-01
-6.405255170420358357e-02
1.559153755902577820e-01
-1.206214805105198379e-01
6.752087872377315891e-01
4.574642593595311668e-01
-1.012850513547958881e-01
-5.709677243496926735e-01
-6.132251386281772909e-01
3.135413651030082294e-01
-1.915324740753589911e-02
3.734865215893368173e-01
-1.339984705555979927e-01
4.447880189863121503e-01
-3.630054605791132594e-01
-1.274330692965938983e-01
-2.344019743733573857e-01
-4.694749620194630935e-01
-6.793696512231658380e-01
-7.730203994419608537e-02
-9.638024315661052333e-01
-5.899328614906320656e-01
8.779170948265924146e-01
7.121434338772894557e-02
-1.069625344000161016e-01
3.692181753424421398e-02
3.633674108315398388e-01
7.557909805733368236e-01
-8.155614155683740263e-01
-1.392272721010257841e-01
-5.819233999718587125e-01
-6.022012420107277775e-01
3.663871604850648112e-01
9.931494487494389733e-02
2.293404409920916098e-01
7.543721725047193571e-02
4.611899591975710533e-01
-3.234349705071572489e-01
-1.977049492292817096e-02
-2.574406764314134399e-01
-5.595557522041054721e-01
-3.169143541986943480e-01
-4.398811960938260601e-02
9.884645179674916848e-01
-8.185851355424522691e-01
7.913232716340203865e-01
5.162327149133712906e-02
-1.048195293959140462e-01
-2.565687838863698646e-03
7.778531005873423609e-01
7.140682372154490976e-01
-2.373482628749948049e-03
-4.171395029943283927e-01
-7.602818446076781145e-01
-3.593132264222138883e-02
-1.499826143805745027e-01
4.249491820910652473e-01
4.024750345492873471e-01
5.215331299949643729e-01
-2.915940984270832259e-01
-6.751496739145755599e-02
-4.150109840946694106e-01
-5.554587065114756639e-01
-3.535883079997447775e-01
1.174808369201208041e-01
-9.421895468614309710e-01
-7.518204915900350560e-01
8.611813954727552956e-01
-2.628658648235555374e-03
-1.831822931582271774e-01
5.100498185939635748e-02
1.731064644786369788e-01
8.120785965435854958e-01
-2.780109088299131392e-01
-6.762863625200232764e-02
-3.049750300534850855e-01
-6.897489079816288005e-01
5.083650361085061409e-01
8.511752920620131724e-02
1.243098116774964818e-01
6.726484149099688503e-01
-3.911982029116015114e-01
-2.430055056669209179e-01
-6.267767313374730254e-01
-4.390461800509462553e-01
1.838856627880511019e-01
-9.857962541844332849e-01
-3.438216819219485632e-01
7.959214315096231340e-01
-1.433409691101073143e-02
-2.078337060582829132e-01
-1.014454756417619008e-01
7.694773055998131994e-01
-6.733320394888415716e-01
-4.408698376852647483e-02
-5.302120923035089639e-01
-5.395644833619280822e-01
5.103540602742381339e-03
1.344397685130647446e-01
2.359392482001842484e-01
6.550765263332076760e-01
-1.568143824381368900e-01
-3.885296623110148784e-02
-1.427606208306890501e-01
-4.549673151980455632e-01
-4.872425210512441041e-01
-1.638168609944721799e-01
-9.707676580763239249e-01
-4.972169030227985287e-01
7.598371435236859206e-01
-1.515790252322992138e-01
-1.448225125920285794e-01
4.018456593460427440e-02
8.392900701196460700e-01
7.747927476168304795e-01
-4.783219579664910737e-01
4.939383819246984803e-02
-5.226945682614841937e-01
-6.074077543398741508e-01
3.108702823976833840e-01
5.353164975515475182e-02
4.192408412380959626e-01
7.971887589443378552e-02
4.253909743658805254e-01
-1.246151866460342289e-01
-3.058501923903496067e-01
-2.041840978373184456e-01
-5.612593885327461507e-01
-4.964089373381155301e-01
-3.624413112231731487e-02
-5.373727124768080676e-01
8.252603300279647280e-01
-2.238385086225717219e-02
-3.320817221644305206e-02
8.815718672295638769e-02
2.267196637752550148e-01
6.259530717406918132e-01
-7.963488809362840870e-01
-2.281126751876589101e-02
-3.329493911644954007e-01
-5.151913965119011563e-01
1.773579604588287617e-01
-1.916881968507270747e-03
1.658665225724181291e-01
-5.553445064000686049e-01
-2.623004690506793302e-01
1.474745033834074515e-01
-4.847305516820596405e-01
-6.116329985185616769e-01
1.983074728191357161e-01
-6.234533108420778902e-01
9.005249928548753058e-01
-1.082778000505228710e-01
-2.719456622171748800e-02
-1.052824839655069483e-01
6.972252690916640461e-01
4.874583465589090170e-01
-5.231790507611530638e-02
-5.797817985912369076e-01
-5.021167841335135718e-01
4.007988255577548120e-01
8.887943309965852523e-02
5.088922769301581495e-01
-2.190602459747741648e-01
1.631970083609110000e-01
5.412890176020442867e-01
-2.541538182982004956e-01
1.573870591817790390e-02
-2.929695094259560095e-01
-5.215522444133369184e-01
-4.726648846736826726e-01
1.092120325772600285e-02
-4.078698467465546873e-01
8.793385085076369512e-01
-1.685076870044527053e-01
2.275033728075585293e-01
5.188234447356683543e-02
1.594641365763179441e-01
-6.455138172016749998e-01
-3.799193407107841203e-02
-3.724319651778318918e-01
-7.455931218650091452e-01
2.002689291082916934e-01
1.118358351284809149e-01
3.269930364689544455e-01
1.820760475977016291e-01
7.348665422003444192e-01
-3.266069398649443234e-01
-2.518602340961330066e-01
-6.902870511531936093e-02
3.404339200130544058e-02
-6.025560066977733165e-01
-4.282264436656049167e-01
-5.495178340767430114e-02
9.482076013109411727e-01
-4.605512003497053697e-01
8.360908996594332843e-01
1.027480580517336622e-01
-1.419895315855370932e-01
-6.951930319783273908e-03
8.935178583458045498e-01
-5.782942977059916112e-01
-7.902203333991678069e-02
-4.289992717649481757e-01
-6.795513634769664302e-01
2.595100149697420200e-01
4.098171822281562737e-02
2.789427273957865716e-01
7.327880325336466605e-01
-3.550823275727475470e-01
-3.346167452358145278e-02
-1.220873422670630815e-01
-6.497407786376924177e-01
-2.600038076774411899e-01
-4.924847940345044583e-01
-9.627425265389129017e-01
-5.233207202866676511e-01
7.971269946833279274e-01
5.051922795974519292e-02
-1.878816599868968554e-02
-1.938394042037507314e-01
8.385319159907276276e-01
5.725817396090021605e-01
3.978983727879693844e-02
-4.291563968717234667e-01
-3.935238670426927099e-01
2.636602092417041909e-01
2.436049365491838731e-02
3.847082501986834879e-01
-8.576243430940402313e-01
-1.688168839791497414e-02
5.960821486734173558e-01
-3.136541325268817348e-01
-3.627580323857060307e-02
-4.140511153223572216e-01
-5.589951868131125545e-01
-5.505923362138307464e-01
3.033707839586087252e-01
-9.808354455240647640e-01
-3.229816696833232581e-01
7.365044240249651875e-01
5.604495232810284555e-02
-1.831626926874896644e-01
-1.286341431324260765e-01
7.603185168317558862e-01
-5.447924683328538853e-01
-1.166287090724580366e-01
-3.674137849907040398e-01
-5.860379897685954464e-01
9.739283480171977148e-02
7.391360882778747268e-03
3.005558359815842517e-01
-9.480831576472158184e-02
3.982583957502197070e-01
-1.397508000814317586e-01
-1.388311368353526143e-01
-1.744801066046468008e-01
-6.047547255514362785e-01
-3.616560696839946631e-01
-1.640356064772423017e-01
-5.163889741977599757e-01
7.380403988280952454e-01
1.646873637027920501e-01
-1.101829796118840993e-01
1.248859972657913181e-01
1.993444311123750701e-01
8.432988737254774048e-01
6.459860860459895049e-01
8.317544365381260851e-01
-5.710437425592095745e-02
-4.167724801263086865e-01
-5.441436321383317232e-01
2.404359534997119185e-01
-2.238981114018012142e-01
-5.028095465836779354e-02
3.818559202781366957e-01
7.754454386569605007e-02
6.100663859431568747e-01
-2.070941698667780884e-01
-1.819079305911222022e-01
-3.382738159615998330e-01
-5.909720392784733045e-01
-4.521922818259475618e-01
-4.835161262277085613e-03
-9.930521709041043588e-01
-5.909511260323784265e-01
8.590247222943623306e-01
6.603518372245351098e-02
-2.894644759067492301e-01
-9.735272572118286449e-02
1.201357840567891522e-01
7.719011029541759106e-01
7.540008763025969341e-01
2.184603712708354378e-02
-4.170720370059143312e-01
-5.135184817177848027e-01
3.201348538631637042e-01
9.229496520389898762e-02
2.238467148168963028e-01
-4.291694321812442037e-01
1.416419389593319769e-02
-5.667296337895407765e-01
-3.313792493858327970e-01
-6.724942179368824380e-02
-7.520199515729486528e-01
7.424307412303223774e-01
-2.048437505849138307e-01
6.882403766539646472e-02
1.716372219876761696e-01
1.943440224897273472e-01
7.063042672564505686e-01
6.775263903217660921e-01
7.627078153538166538e-02
-6.066900651421666124e-01
-5.160409030975492417e-01
2.828633440587157155e-01
-8.332641006713215493e-05
1.828520782126206723e-01
-2.868100630472721346e-01
-1.199465283723959719e-01
-2.777771186634684364e-01
-4.757558955770362363e-01
-6.297606261701025332e-01
-1.440528716661244879e-01
-3.723531969088775817e-01
8.503107963771400213e-01
-2.202913215559359206e-01
6.398188753972539056e-02
-1.436213767743146907e-01
2.598539760830436141e-01
8.137818959188539703e-01
4.385560949844609646e-01
-5.922662098296840316e-01
9.378162058038168325e-02
-5.375322328330083277e-01
-5.894543386994407497e-01
4.615815824753549124e-01
1.862321911791668672e-01
2.870139977240503404e-01
1.391518579507804859e-02
3.030357183439688629e-01
-3.301603097757400129e-01
-1.161069801107531968e-01
-4.622603558722935269e-01
-1.864390222131877273e-01
-1.820753987916644556e-01
-6.839400757449680679e-01
8.946178329065417323e-01
9.460839084204809846e-02
5.088518044965265053e-02
-2.400513957738175108e-01
8.283647256440193063e-01
-7.343259309788222611e-01
-6.349289742028851879e-02
-4.857636465718815355e-01
-5.860640086442551189e-01
4.466059126611795493e-01
4.059869575760297056e-02
8.686312356754029018e-01
2.543295043446482384e-01
-2.032398414572151590e-01
8.346531507727975030e-03
-3.964936845818955446e-01
-6.853743632468169977e-01
-7.902483293498354655e-01
-1.418840796025769291e-01
-4.648075989052368739e-01
8.270915825995588389e-01
-1.103258242633165659e-02
-1.213148690523706136e-01
-5.062969838170137959e-02
9.157724189254156100e-01
6.571223452976510115e-01
-3.662262020698646425e-02
-4.402915191276574047e-01
-4.889544148994914297e-01
3.048753455221276387e-01
2.776538043787174156e-02
2.417865540351901710e-01
1.784763584573473005e-01
5.848545789314300025e-01
-3.138492375115697897e-01
-2.942086084757281061e-01
-8.385064267807418315e-02
-7.113925302841994647e-01
-4.616660888520773831e-01
-2.685720701090613116e-01
9.972290708380230351e-01
-4.410803372614906515e-01
8.313016613987054271e-01
-1.921249074945537150e-02
-9.780890292691696297e-02
-8.706647490787314259e-02
8.984805374643680675e-01
6.585110391052934053e-01
1.031640217011014632e-01
-2.912994720429506468e-01
-5.726599393600140253e-01
1.897203195960963651e-01
3.215795312166697117e-02
2.470117394409593603e-01
1.319235020867921271e-01
5.297451946377972343e-01
-2.613877764528682035e-01
-1.664914827183197055e-01
-3.726667090944418836e-01
-5.393362608904040956e-01
-4.428346141593549334e-01
-7.403525626384115099e-02
-7.328306506335150461e-01
7.501331298208733234e-01
1.014830343483426045e-01
-1.431974592337937058e-01
2.526058074351985039e-01
8.284243293563844368e-01
5.635320557027052590e-01
-5.847438337811411424e-02
-4.419865295973627872e-01
-5.164476006760261306e-01
4.340403008363801773e-01
1.142247437030242535e-01
5.860096073447144116e-01
1.610157566699495224e-01
-1.225203807311009419e-01
1.923108354961620969e-02
-3.275915294814382150e-01
-5.894627101614798859e-01
-2.893962275675818763e-01
1.038709693555605884e-01
-4.490140616847895227e-01
7.949770897726557983e-01
-7.555969122902057508e-03
1.311764295635860222e-01
-2.833304920058886678e-01
8.861273515562997360e-01
-6.880928039054026168e-01
-1.400133588735489876e-01
-4.805593497783390289e-01
-6.142078367813379458e-01
1.889597134902281164e-02
-3.978819206857013291e-01
1.126116690865679171e-01
3.946125776046804368e-01
7.208564120582490464e-02
-3.713401057972594566e-01
-2.935154439602709053e-01
-2.079903324632309813e-01
-1.072691287281894446e-01
-4.779792308878564322e-01
-5.694314241621667438e-01
-1.867946581695021091e-01
-9.839665796530261410e-01
-7.161456638542943454e-01
4.852761816840738263e-01
8.795173222286650772e-01
-1.065561505956098692e-01
-9.613889177915158069e-02
-1.452196341778521638e-01
6.071526247870511206e-01
5.542388606565828990e-01
3.962500703976336996e-02
-4.062068108346723050e-01
-5.743280821962785110e-01
3.398550719568632639e-01
1.247461925288875645e-01
1.949389090179601269e-02
-3.924069006147181682e-01
7.550394268979983281e-02
-3.499375426929517974e-01
-5.278788801620005744e-01
-5.535116210421119343e-01
2.145060876650752013e-01
-5.600103714860362736e-01
8.381139048821217852e-01
-4.703257630469007133e-02
2.162219201757061091e-03
-1.295411565668264930e-01
8.940296416455573159e-01
-7.481474573561768260e-01
-7.089299282722950901e-02
-5.370760785171350138e-01
-6.042023713304182087e-01
5.068302186331464787e-01
6.170637875410374396e-02
4.561539584605760478e-01
-2.281997252521010891e-02
-3.101762380138352038e-01
-1.810159116527593759e-01
-4.868984297711905218e-01
-3.597868805773040135e-01
-8.155779467743065614e-02
-5.556412617385524388e-01
8.988796085009655989e-01
-9.106175141368719195e-02
-2.211970030374352802e-01
-2.692862376674099584e-02
7.417872378952230505e-01
9.719115520103659422e-01
5.998793223914148376e-01
-7.706420606882423419e-02
-3.131050596213146853e-01
-5.076354163938877617e-01
3.221634595539978330e-01
-3.252702948857874032e-01
1.160524469408740766e-01
-7.297119770341773393e-01
1.152573444714571384e-02
4.980183665913435753e-01
-5.031897462613147409e-01
-2.471338365796746928e-01
-1.877612763563944465e-01
-7.064710369910257581e-01
-6.343329880124179976e-01
3.114074411760985317e-01
-6.770279789160942308e-01
7.246111701093709279e-01
6.743185643923024775e-02
3.906134290736928277e-02
-4.756420817547521440e-02
2.223942010844329464e-01
9.185358522218323163e-01
7.056868813221042203e-01
3.367555963788775031e-02
-5.640852784107246443e-01
-5.803703628060279396e-01
3.278620304985420675e-01
1.486395033029110635e-01
4.472402182974959950e-01
-1.173407862926393805e-02
2.434255571133504270e-01
-2.614388012648454218e-01
-1.239802319311667095e-01
-7.329177835822366927e-01
-7.830736005725562610e-01
3.984489664238071716e-01
-4.700137078245558708e-01
8.573955816541197761e-01
1.748477205104395915e-01
1.104056536411139877e-01
-7.704204541072687262e-02
4.866781899606771322e-01
7.239734711344464335e-01
8.971288228625737826e-01
-7.569854634211858890e-01
8.993181370345514070e-03
-6.086981156940863835e-01
-6.570169483569069380e-01
3.361648939264184621e-01
-2.122385806354403631e-02
-5.380131899391746991e-02
-3.403670762841662367e-01
2.552493998384078398e-03
-2.638981233781445002e-01
-6.149680005679443173e-01
-6.727024153295459996e-01
-1.044231594124551965e-01
9.879141617639717321e-01
-8.139777254776047188e-01
8.491675210731385315e-01
1.243989515557439723e-01
1.821664415603291287e-01
-2.684267425705094134e-01
2.456873257592444015e-01
6.690906893449409809e-01
-6.579922564938519569e-01
4.412668987758232297e-02
-5.013181604918091061e-01
-5.156714413494852822e-01
2.827251197873049682e-01
-5.016862731940500142e-01
3.402829304659537452e-02
-5.705200780291868994e-03
-2.970527724077595688e-01
2.951224304019906593e-03
-8.746654221213957803e-02
-6.293204554073378310e-01
-4.142440058883640197e-01
1.531246123831390624e-02
-8.347142368591107253e-01
7.846819206314904482e-01
-9.445738006558805633e-02
-2.574163566751397347e-01
-3.630146340242366709e-01
7.320246704015506145e-01
-4.438676201195006499e-01
6.355454737663008835e-01
-9.841375198484058479e-03
-4.731998454992121239e-01
-4.879239617532414308e-01
5.205268950216614954e-01
4.444934795450937171e-01
1.648772259502759019e-01
-1.955416448410066121e-01
-1.302029679141084584e-01
-3.143150277770133116e-01
-6.077323924977995340e-01
-7.344080188161657974e-01
-3.070703510968681924e-02
-5.483963596171672616e-01
7.579762754489158816e-01
1.106843014883577558e-01
-1.358478136468364017e-01
7.062784936595249696e-02
4.653350502057673199e-01
-4.141161771373593758e-01
3.091166187704670262e-02
-5.638743740026695983e-01
-5.495711704989914015e-01
1.181674563526339955e-01
4.244576232927590453e-01
1.428260042586168010e-01
4.112117017328151825e-01
-4.120711952011678614e-01
-2.493312405200585058e-01
-1.056339145557671916e-01
-4.530457023890995805e-01
-5.622496891259964880e-01
-1.081577347475372666e-02
-9.440206456127798740e-01
-6.095277364441401557e-01
7.726419210552131212e-01
1.046340278547636810e-01
2.212403884852602309e-01
-2.301400129897712976e-01
8.589636401707225755e-01
-6.773446881451081758e-01
-3.039593787584502285e-02
-3.421233315564209398e-01
-6.815302014801498665e-01
3.731028668872048426e-01
-2.524958074611164532e-02
-8.322928746278356049e-02
-2.726084578053502017e-01
-5.059753157342678637e-02
-7.854369550622255503e-01
-6.030010699324125367e-01
-3.153543706655531631e-01
-4.527346012276902143e-01
5.419204804610817661e-01
-3.367383602363861472e-01
1.977855614462809553e-01
5.500258271482426874e-03
6.672367156496232798e-01
-1.722694218394512505e-02
-5.193747561230026566e-01
-5.513048805270797104e-01
4.631206397590913459e-01
4.092238847083412567e-02
2.485297055170027636e-01
-2.508438384766981111e-01
-3.333995336474446791e-01
-3.200913984060749784e-01
-7.087565842486200918e-01
-5.769291614660556622e-01
1.393199331317178102e-01
-7.069801079940875033e-01
7.958110693298243721e-01
3.526702615540622948e-02
3.130558107813262714e-01
5.380382052536113457e-01
-6.658954491220467897e-01
3.083194858133432581e-02
-4.610327724388647019e-01
-4.991321089779583442e-01
4.273626331353865826e-01
3.187414631706230739e-01
1.129896525742277308e-01
-3.351599388366856003e-01
-1.057795639685994993e-01
-4.827917370573861500e-01
-6.007713257588964684e-01
-3.506384805337298682e-01
1.368873775856983832e-01
-8.483844325996909852e-01
-5.187152184269386845e-01
8.898199563168252002e-01
-1.171170295838410390e-02
-9.007383061955084869e-02
-1.431882712890386600e-01
6.723201107808843835e-01
-4.898612357230558434e-01
-5.115680569209670736e-01
-6.902534212667432723e-02
-6.728878090277727875e-01
-6.105917129072522265e-01
4.322965687493288134e-01
5.362879603047675525e-01
1.813868246649341653e-01
-2.540547410055778998e-01
-1.386082691316442572e-01
-1.823008981582023846e-01
-6.908539308472305684e-01
-6.048138196275512080e-01
-1.586996950734408107e-02
-9.234580962371626844e-01
-3.242708626231319280e-01
8.653000532976804493e-01
2.478426139003009621e-01
-8.442230670272957149e-02
7.737511281064557433e-01
9.665752274322900739e-01
-1.931209108260175944e-01
6.764621280091887012e-01
4.389625593618669275e-02
-4.848396644958548052e-01
-5.186732896815647864e-01
5.592357003589695230e-01
-3.263026435642124579e-02
1.644701326465377034e-01
-3.162934707855203365e-01
7.541361496260905184e-02
-7.168839330110017283e-01
-5.888660330057615688e-01
-8.266206477558221133e-01
-2.486753459632415619e-01
-6.055666442706225672e-01
8.752053156292183278e-01
2.162271433987384694e-01
-1.558037759629187224e-01
8.356041474526150203e-01
-4.773844159296869449e-01
1.115820180116013222e-01
-4.418677072295253971e-01
-4.262013977596728620e-01
4.828363798951779695e-01
1.389486171504339673e-01
-2.629025184877873886e-02
-3.111047498188921900e-01
-2.956570917542858390e-02
-5.792104289267692163e-01
-5.030878395452661467e-01
-3.784620841663492025e-02
-1.449150528826703699e-01
7.898357829822520992e-01
-1.004754517371504036e-01
-1.325128458237153639e-01
-2.328576922199308494e-02
2.051310634914753073e-01
5.443753131386586119e-01
-5.420611057337293426e-01
-8.994348524355165742e-01
-1.484508873147665983e-02
-4.937091567809553938e-01
-5.974157390105242493e-01
5.192408548993945328e-01
7.879605114234157492e-02
8.763778295349934633e-02
-1.353957632996757587e-01
1.461392263191117931e-02
-1.262103007448252545e-01
-4.769464170913542134e-01
-6.492697992547131758e-01
2.418371889077128023e-01
-5.128896161114118168e-01
8.830134844172773390e-01
2.615722584055597821e-02
-8.199473944859174412e-02
-4.549858997031823449e-02
5.872877814749760672e-01
6.003892508477861600e-01
-4.449514742578021265e-01
-6.846052316769180024e-01
2.530383812465284050e-03
-5.948797299837805808e-01
-5.475555558477046558e-01
3.502526051959191644e-01
5.048994767333157309e-03
5.409188742963634278e-01
-3.811259843284137694e-01
-2.058699179923572931e-01
-7.622597327333098249e-01
-6.707840731827887648e-01
-4.947524152950665832e-01
7.456044978414654023e-02
-5.002829889735523894e-01
8.987550789368077275e-01
-1.580105083894920992e-01
-6.690928547947803950e-02
8.205164052037778877e-01
-4.058810560634895648e-01
8.095815645471486910e-01
4.077295031188103019e-02
-6.026562854591097640e-01
-6.238213563764553049e-01
4.152317264217747494e-01
-1.103302618647006156e-01
-1.500125387394482014e-02
-2.395286576484862151e-01
4.423072583319317269e-02
-4.905441163289053219e-01
-4.933611370764812709e-01
-6.796529745037398484e-01
-2.253500515559930528e-01
-1.398202175282192428e-01
8.068420384522418942e-01
-1.448001827806985609e-01
-1.490814737417410496e-01
6.283432131167561163e-01
8.134723417469111872e-01
5.877390619094855495e-01
2.645179791682868500e-02
-5.233654292250707885e-01
-6.291532554876384520e-01
5.591301492408439211e-01
-3.395497909967210709e-02
-8.841398405342824063e-01
4.050148325208877825e-02
5.255614049351944872e-02
9.654283573188211787e-02
-4.046652277974282508e-01
-5.190552362774630835e-01
-7.193383089649406648e-01
2.017109000124319429e-01
-2.854443086812751829e-01
7.417433046352777115e-01
8.352129462311920494e-02
-3.077680884544401474e-01
4.482695717901815091e-01
-8.488603619712530302e-01
1.082344325428506553e-02
-5.523930355549273585e-01
-5.086251218523574202e-01
4.869698194209324260e-01
-5.588681202827903635e-03
-7.238269957140254229e-01
1.554689952477089909e-01
-2.556146011744345192e-01
-1.124466983860045455e-01
-7.173665413312586558e-01
-6.060179914530348100e-01
-6.656144866263101756e-01
1.877580034405941511e-01
-5.242735096885712265e-01
8.219345044122605692e-01
-4.348630387219008797e-02
-1.951128896521755751e-01
-4.315153020333681311e-02
4.925543970438129859e-01
-8.913545375821484429e-01
7.823373418067212925e-02
-4.776670570613861244e-01
-5.895519841525718174e-01
2.980974141971461377e-01
2.419205050382724695e-02
6.164773386408717304e-01
3.756257459053539138e-01
1.312525103360183132e-01
-3.364154974133804488e-01
1.568132414187101975e-01
-3.950996849698364954e-01
-6.776666219079131581e-01
-1.990809594676541117e-01
-5.725848868442692113e-02
-7.248056980482229239e-01
8.203118683243728615e-01
9.736687626603279799e-02
-1.570895585479626932e-01
2.537684510132021676e-01
5.908380779367817803e-01
7.660648466646808874e-01
6.193238793569327133e-02
-4.266426312910703844e-01
-5.954167732740841545e-01
-3.775383507491517771e-02
1.680608559340020791e-01
-1.769558596860103250e-01
-2.243585167529646776e-02
-4.423818328190468052e-01
-5.536928337402556854e-01
-2.847236371835425439e-01
5.231363882776476903e-02
-5.624546921442584724e-01
6.726974519116079021e-01
-3.551202760645187362e-01
-5.602097394907019218e-02
7.493232544648469329e-01
-7.234624346377855897e-01
-1.194572371039620134e-01
-3.510662651793017286e-01
-6.261132706665126779e-01
4.647508979606531643e-01
-2.263926176915541932e-01
1.483259118693506795e-01
-2.221000661845388968e-01
8.570341711230361481e-02
-5.264341798798323202e-01
-5.877024539229495081e-01
-6.572825169767634312e-01
-5.625685991279951725e-01
-4.762384807782413798e-01
4.499720504013691169e-01
-5.897315268418237139e-02
-1.870449745872338476e-01
2.255662812127717243e-01
8.258511396473170452e-01
8.025192940919764206e-01
2.936644158001235419e-02
-5.319037174177209115e-01
-5.638798603221428785e-01
3.832136840163896108e-01
3.389991012555739619e-02
4.860996821553246194e-01
6.245131286402257065e-02
-2.647852026933478764e-01
-1.078795663297312801e-01
-5.673742786154888362e-01
-1.144523800379581568e-01
-2.608643736207718056e-01
-5.845706755036347291e-01
6.910914327062186446e-01
1.135484896744815009e-01
-5.362636638335657041e-02
5.695533590908290200e-02
8.061977621788947168e-01
-1.240595256777600464e-02
-5.390341420835922381e-01
-6.690596185989954314e-01
3.875261369923920785e-01
8.838484262741123920e-02
3.501760963989545283e-01
-2.596380302122279216e-01
-2.606440503335260561e-01
1.899737298136889782e-02
-4.272438778587023811e-01
-6.515906971383714774e-01
-4.806982009285163948e-01
-1.421933554596777616e-01
-6.195283542707283875e-01
7.594094106278451717e-01
-8.574278831138762436e-02
-1.563789937981194256e-01
7.895606471367737633e-01
-8.103507924968367249e-01
-5.942402200552639180e-02
-4.152972464649097306e-01
-5.586041694441034045e-01
4.094014327102626360e-01
5.482304309308639878e-01
7.805756026757106891e-01
2.635944775904381920e-01
-2.224481591045736895e-01
6.941758822090014769e-02
-4.313017204715767217e-01
-6.495929839742393685e-01
-2.166511556628325230e-01
-3.592206220156736740e-01
-6.096889430007667032e-01
7.457383283820175901e-01
-6.833233159796672611e-03
-1.957506480038559982e-01
-1.731559191526491626e-01
8.251816939606791967e-01
-6.803059409351250864e-01
-3.590180756893541353e-02
-6.640053235588172509e-01
-5.867610359987215363e-01
3.735847940281156188e-01
-1.252222783160197514e-02
5.343644722345423925e-02
-1.675670131781530348e-01
-1.321407129318292462e-01
-4.778903948588511530e-01
-5.261876573084701691e-01
-2.610533820377481384e-01
2.994049363710634681e-01
-6.750185423002377227e-01
5.409429515334682748e-01
-1.282343294926188530e-02
1.507435713926911364e-02
-1.272203003385256187e-02
5.728285288134423586e-02
8.291284999852392978e-01
8.166560708440521177e-01
-6.650558291058145111e-02
-4.469096479537984501e-01
-5.413293219094362785e-01
4.490756041081240268e-01
-1.357832436955318418e-02
5.357944398033654965e-01
1.299407117015027591e-01
-2.519133937798585521e-01
-1.506174998539425991e-01
-3.251043256609683074e-01
-4.712081916461575704e-01
-4.764685866102935652e-01
-4.942264109412273371e-02
-6.160204995895591784e-01
6.068836809468456384e-01
3.585494898477081110e-02
1.535506686105957697e-01
1.748802890961559386e-02
8.715807778777662218e-01
-6.233950152327937255e-01
-4.060301351803612818e-02
-6.026237716878765083e-01
-6.435935322074600728e-01
3.571939433317228851e-01
6.174387186352566642e-02
5.074620726159684292e-01
1.100788455712344571e-01
-1.815334284119964059e-01
1.442725515675482295e-01
-2.237977076581623703e-01
-4.245709194226728878e-01
-6.329771535397507032e-01
-5.528707612795892568e-02
-8.725983062979989491e-01
-6.754114139180624754e-01
4.852458471686241226e-01
5.045330387890294421e-01
-1.626126135296489250e-01
2.584666506494991967e-01
9.133447032862589132e-02
8.945248479317942092e-01
-7.298941374996288367e-01
1.053772318972853589e-01
-6.119446923152356277e-01
-4.315289581123073481e-01
4.570598069284061427e-01
1.383489397931361720e-01
4.474867048458658347e-01
1.830747991484573400e-01
-2.562530879476352386e-01
-5.620707972628478932e-02
-1.686225756989038205e-01
-6.686300347343768768e-01
-4.608432153766792716e-01
-4.421002603410216780e-01
-5.924801513658909391e-01
7.721880904572732129e-01
6.663186151618455400e-02
2.429016646617841446e-01
1.549349629914126558e-01
8.921744231224175703e-01
6.321549479131854943e-01
-3.614202955236332088e-02
-4.916362697739574683e-01
-5.402447728157774298e-01
-3.067053295064488538e-01
-1.324193632749889327e-01
-3.875719502090456681e-01
-1.662068687212236995e-01
-7.355541200244863909e-01
-2.493422674288381102e-01
3.673769226176842786e-03
-8.809378599541306532e-01
7.404135054926668236e-01
-1.745066422053906385e-02
7.038735277987860639e-02
-1.617042267967465918e-01
7.080648378404552634e-01
8.521689155078265854e-01
9.072999245809855173e-01
-8.925797053705537484e-03
-5.187882519315298868e-01
-5.394245102165249328e-01
2.975009074861209024e-01
7.320980189959036544e-02
2.379091252593742434e-01
-1.989055756658648921e-02
4.610678342564658028e-01
-2.718466118755484828e-01
-5.525235686668726609e-02
-3.578385646688980182e-01
-4.554101356091426189e-01
-1.760164361322091586e-01
-3.018419690256194388e-01
-9.541088743874417410e-01
3.030882703573141157e-01
-2.259575781060416400e-01
-1.168679647720254622e-01
8.813087983105687417e-01
6.300462040549009712e-01
5.176306810657353707e-02
-5.372652363482260940e-01
-4.240128399505064261e-01
4.591785117579891273e-01
5.957505602896697589e-02
6.055300273300117109e-01
-3.788610116353186008e-01
2.118819770724386931e-01
5.862364294903301687e-01
-1.809416901460317306e-01
-1.009904603161436848e-01
-4.486326573807605800e-01
-6.099966292309462190e-01
-2.186856190691350565e-01
1.175373473628194554e-01
-5.499975594970372139e-01
3.521482588972308370e-01
-2.442097668602282931e-02
1.211193206552224760e-01
-1.813552301292238253e-02
7.734627370080112696e-01
7.667256073252622928e-01
-6.611726438263536287e-02
-4.780606986797573676e-01
-4.837108349295766163e-01
2.750695819621114535e-01
2.066952293944127050e-01
-8.017308960198610279e-01
-1.844114682917333548e-01
-2.437422955127001856e-01
-7.716832273596532787e-02
-2.743696616572902647e-01
-6.339575787462722323e-01
-6.610663206361251376e-01
4.715472418667954885e-02
-4.437874319343045326e-01
5.728227428334885518e-01
-1.508778500159870146e-02
2.002792683058768342e-01
9.195638957750336406e-02
1.115238809317160677e-02
9.141741984967287626e-01
9.186573758609215545e-01
8.250310254729331660e-01
-7.217673001596854043e-02
-4.798300035311991452e-01
-5.297179224542164500e-01
5.459670513606247333e-01
-3.884135200975521313e-02
-8.517638930452191559e-01
-3.028670340517320217e-02
6.065479216128439877e-01
-2.136376388656923142e-01
-1.808750340656699318e-01
1.378826905846967932e-01
-6.155980613796214751e-01
-7.710520259441344670e-01
-3.121275244204211805e-02
-3.100128705405267859e-01
7.143080297368691323e-01
-4.554459228714485830e-02
5.585129691543418845e-02
-7.530159786958722824e-04
6.961445990784544957e-01
-8.044363800231505435e-01
-5.260442566009473214e-02
-3.201899147351934816e-01
-5.499303150042891275e-01
5.649096900884790218e-01
2.213020269417065658e-02
5.560830915173488043e-01
-5.681541075611065000e-02
4.447733359993438773e-01
-2.425925507409287529e-01
4.554225712467442101e-03
-4.990331440578785194e-01
-4.744700921720515496e-01
-7.040017750108236161e-01
-7.154402161990854048e-02
-5.954180146256519146e-01
7.236136444914289534e-01
4.685427846178824574e-02
1.460529477962989597e-01
1.479186754952477312e-01
9.191489657634039911e-01
6.608608306258415555e-01
7.876164280001248796e-01
-9.234890314425793501e-02
-6.069553115820626177e-01
-5.200920766464584011e-01
2.948760540919891371e-01
1.358802854742234001e-01
6.489767254142100317e-01
-2.699379630932122187e-01
-9.721966892625499845e-02
-1.572398835157805541e-01
-6.313407085425283283e-01
-6.616644331856655903e-01
-6.987493808059193345e-02
-6.978346604410110565e-01
6.448301985714751661e-01
2.079230919627587104e-01
-3.662414053849889772e-02
2.653741623070025035e-01
7.699720294150389499e-01
-4.912943173671884822e-01
-4.918924797816290329e-02
-4.553787319785347898e-01
-4.747075195891892752e-01
5.059368349875532633e-01
-5.780816276288149730e-02
9.662776744020216621e-03
-4.578660086093016002e-01
-4.316168869530218749e-02
-5.927664658871276693e-01
-6.711200668171127814e-01
2.657998897245982678e-02
-5.007264444646425394e-01
6.555672919416476452e-01
-1.273485375463997982e-01
-2.465331129116141995e-01
8.117225595730809262e-01
-8.077875577031049525e-01
7.565638611420986981e-02
-3.593469025399549932e-01
-4.865179805891053921e-01
3.823220392704644310e-01
8.233863545537936646e-02
-1.451769632635227514e-01
-2.023600763087527454e-01
-8.366834545840392059e-03
-6.218624862527170061e-01
-4.614728514751949007e-01
3.662716616997377383e-02
-6.722219599561480852e-01
5.394316762978733637e-01
8.478183724211114936e-02
1.597932026129388061e-01
7.675331093825970008e-01
5.925066558260130289e-01
2.428994388337090901e-02
-5.030844500222424465e-01
-4.854995673009634416e-01
5.477281340953767952e-01
3.102108848633686449e-03
-1.597844228722327883e-02
-2.471952889379570306e-01
-2.177854167574252292e-02
-4.671025233513090291e-01
-6.944211652816070224e-01
-5.201882017260445884e-02
-6.176276452640312442e-01
7.280033641700651703e-01
8.604853848038361563e-02
-1.379365615588276084e-01
-2.342179124858071726e-01
8.937409386348840398e-03
6.933881353532994618e-01
9.050453133485130142e-01
-7.875140728105987087e-01
2.858878298472555118e-02
-6.341871198775006491e-01
-5.245077751858091553e-01
3.800678443002923901e-01
1.761508899501537939e-01
5.724410113275911760e-01
-1.065004449762425170e-01
1.853729218208173546e-01
-2.682140819535883125e-01
-2.805225071548885299e-02
-3.131476243805971227e-01
-5.095163605728871836e-01
-6.884592599828124326e-01
7.074393800253068673e-03
-4.874095021700429187e-01
7.625114184974869369e-01
-1.648321369179411300e-01
-8.510813288879637284e-02
-2.633769740751243926e-01
7.435268862112835997e-01
9.344508737483802063e-01
7.697256556199989497e-01
3.768993352603514091e-02
-7.455464659566013452e-01
-5.911132471634035213e-01
4.735821640771351038e-01
-3.045155119691596649e-02
-1.139817138594938356e-01
-2.228551034435611866e-01
-2.603861644323522961e-01
-5.808338288649625980e-01
-3.276090457085362173e-01
-4.718247045807974493e-01
1.149706317461413468e-01
-5.553545055067677927e-01
8.008213157160819495e-01
-1.181902015972132319e-01
5.662810709428866413e-02
-1.167356500430078436e-01
5.706506190404435630e-01
8.778432810672663900e-01
-7.705280344171319129e-01
-1.026752313408662159e-01
-4.326170424971793604e-01
-2.369012306751429875e-01
4.445639085980510607e-01
1.775196082394862318e-01
6.168287477259176699e-01
5.115122768585045158e-03
-2.305569505500996708e-01
-3.347028598986139247e-01
-1.813710521989321534e-02
-1.948114292356513955e-01
-6.963577900872401916e-01
-6.947056319760922527e-01
-7.478373172939191404e-02
-3.776798039721609990e-01
7.223982738349005173e-01
-9.249778306112121928e-02
5.778826702104512825e-02
-6.068984710613115063e-02
4.071345524040588248e-01
-7.258850383321582278e-01
-1.008843664708011095e-01
-7.020882941813330058e-01
-5.883494617498050694e-01
2.987148761232849559e-01
5.447874684900292364e-01
2.282134121965877505e-01
-1.394744504224671444e-01
-2.358578717629283283e-01
-7.351447867106148948e-01
-6.168476811347971545e-01
-8.153648252737398794e-01
-5.505299650602824696e-02
-6.931719156183518971e-01
6.985655148365008671e-01
2.785648037443970784e-02
-1.167308082665487051e-01
5.929510302636361446e-02
5.920912517191819768e-01
5.686651513313110140e-01
-3.021846918239039920e-02
-5.397900243574367263e-01
-4.778691774781526069e-01
4.810944760239128648e-01
9.890612230541744043e-02
3.226756169463891877e-01
-1.788552588484027331e-02
-2.763845953637640296e-01
-5.964863537049229503e-02
-2.470895998404739613e-01
-5.492718143042316647e-01
-4.196657286338919546e-01
-1.311315546248409403e-01
-5.052769503600677004e-01
5.169193894292204439e-01
1.250631653481314998e-01
5.744802668138523916e-02
2.619821067917854629e-01
7.017240263664614730e-01
8.114599806264458648e-01
4.953440040850376480e-02
-5.994146904342269044e-01
-6.493254760931987946e-01
3.655959661672706362e-01
1.248049847109952981e-01
4.558649675531346035e-01
-2.350023665665170736e-01
1.955420490219390572e-01
-2.910976820296785617e-01
1.262562844638386583e-01
-2.860688735468143173e-01
-5.106649989398851508e-01
-4.638108380396519514e-01
5.081770371505926753e-02
-7.973197425181545173e-01
7.471206087426729425e-01
-1.049134495527233356e-03
-1.659102233786338976e-01
-2.121854714552205423e-01
5.847263624296638040e-01
8.048991284903038723e-01
-1.849012212667283661e-02
-5.354107658074483966e-01
-5.594731222350506350e-01
4.059715805935897870e-01
-3.202483237096451912e-02
6.755632854534647791e-01
-4.027253101638901267e-01
-3.405661146632459890e-01
9.766851994151604793e-03
-6.691941158662334521e-01
-6.084143388858886947e-01
9.540163404005501391e-02
-2.372439794336181629e-01
7.926330978010852624e-01
-1.921829951532361700e-03
9.300005183839060718e-02
-3.516553684055242490e-01
6.184194100455535359e-02
5.350478160118599114e-01
-5.471122391940127505e-01
-7.704666731096845855e-02
-4.599149927125855131e-01
-6.447773146565538571e-01
4.217288415465008100e-01
4.004014579704423538e-01
3.799576183389766215e-01
2.415767177644308206e-01
-3.228592557106286787e-01
7.847139588707376101e-02
-1.620749761699020741e-01
-6.338978434822580832e-01
-8.720400875883552727e-01
-1.138568733128368787e-01
-8.990690775613869867e-01
-2.936973130462157133e-01
6.318723237134655779e-01
2.793331950912677358e-02
-1.874840504453646403e-02
-3.359693990228283106e-02
6.936457128074486889e-01
5.918591542920702553e-01
-1.244673884385655120e-02
-6.670185336009351040e-01
-5.942824408747297005e-01
5.947519215978218643e-01
4.623333912087956299e-01
8.214403869655351187e-02
-3.467283235817276155e-01
-2.320286883824168034e-01
-5.931601758525651968e-01
-4.558074626020501841e-01
-7.652374993589737828e-01
-1.544322932424748995e-01
-3.432464894448644666e-01
4.230961725570335785e-01
-4.046389661203558114e-03
2.331365618172974441e-01
7.644683813642719206e-02
7.518525854508921746e-01
5.354987781309548112e-01
-7.889873538289556842e-01
9.386523610186188471e-02
-3.835499795207792939e-01
-3.444593390140154310e-01
4.946018411819572691e-01
4.929821935857463533e-01
7.280457694748890263e-02
7.066197659216654214e-01
1.509988772786819700e-01
3.437178047275104009e-01
-4.250024008236114037e-01
-2.229144893895027846e-01
-6.066229384564549854e-01
-4.174856986169300788e-01
6.669857865758664628e-02
-4.068263078548976508e-01
8.045146523692675578e-01
-2.740154049161144627e-03
-7.176386634024256583e-02
-1.568603816817379648e-01
5.425064755640267578e-01
9.243905462386814431e-01
6.927574248653657341e-01
6.993745300960353684e-02
-5.941475174701174033e-01
-5.780115761381450223e-01
1.994531250271839307e-01
5.620446460332998578e-02
-3.389007969960508015e-01
-1.060959000371485411e-01
-7.629326603721263422e-02
-3.806151891829563372e-01
-5.109921804499146791e-01
-7.532092637554376191e-01
-2.308839714358885409e-01
-3.277127100535681681e-01
8.712595196681263143e-01
-1.271974745336813539e-01
-6.673306205023307736e-02
-3.399264320915150184e-01
1.993852965508901842e-01
4.719459858322012091e-01
9.338515760773569152e-01
6.998000305432496848e-01
-6.796488163832599405e-02
-4.800984292970152945e-01
4.126505107981911502e-01
4.930683042651603371e-02
-2.079334424961942415e-02
4.706998134598284200e-01
-2.133661799876579168e-01
-1.657230840776290348e-01
-1.894087446796485497e-01
-6.218343701616235730e-01
-7.882897105247057556e-01
1.901206943825379247e-01
-5.162392068264690659e-01
7.069277044107242780e-01
-6.183426169924807064e-02
-3.716716971113404044e-01
8.237190404598228044e-01
9.330882972039569179e-01
6.974326852421568468e-01
-1.668465580621067978e-01
-6.120871179809928009e-01
-5.308828628732130683e-01
4.021137091291325794e-01
1.152788086582685473e-01
7.348302592909725095e-02
5.470674775251288535e-01
-3.534052797474539487e-01
-3.904962857225431905e-01
-3.768653777037132002e-01
-5.161086506568014487e-01
-7.745288357655757405e-01
-1.958482112273228493e-01
-4.375078040479696284e-01
6.335471070793060600e-01
-1.405635057579543712e-01
-3.190100430552798572e-01
3.520766713592116126e-01
6.280667803991863973e-01
-6.296873068929610406e-01
3.831075948921826985e-02
-4.204982500521701749e-01
-5.537207909417067864e-01
4.481288489233866690e-01
-3.242802000932557549e-01
9.903109338875210055e-01
9.742353561167761689e-02
4.890476599808886160e-01
-3.399367725843471799e-01
-2.961853354573628083e-01
-6.420363794106040967e-01
-6.912452194147714613e-01
-3.738554787921321565e-01
-4.895379207193857884e-01
8.728720477168273595e-01
-7.167318325968340120e-02
1.468240357537600183e-01
-4.449581277799413703e-02
4.671670446913331887e-01
7.267871924107831560e-01
6.651707741240124871e-01
5.378521573765319141e-01
3.902478553061488470e-02
-6.281506610282084901e-01
-3.612112611235048232e-01
3.727749250024900984e-01
7.701224774062798151e-02
-6.270908654993072318e-02
6.145203744241036770e-01
-2.037693260804213924e-01
-1.234106920246879192e-04
-5.783106165412565947e-01
-4.476897423613006022e-01
-3.363062026689370154e-01
-2.003749075524080825e-01
-4.209649096098334597e-01
3.990915803474951590e-02
-4.643337400813361826e-02
-1.826409031964725260e-01
9.006684848667612098e-01
-5.406674054609575952e-01
3.357500243258332295e-02
-3.688044335184010314e-01
-6.293252704544041176e-01
3.478003843084115365e-01
-3.350485091503902640e-02
4.789156583652596777e-01
-5.671750201937540183e-03
4.730642718768209298e-01
-2.008479992285996107e-01
-2.192561670480486224e-01
-1.369880068657260141e-01
-5.016006829070663864e-01
-3.442975057754207174e-02
-3.077777800446660494e-01
-9.366528753495205750e-01
-5.593313020592534102e-01
5.417827679654327877e-01
-1.175425244515590079e-01
-1.117182582540083291e-01
3.745661161042533327e-01
3.917042662262038011e-01
5.484708047801080122e-01
5.045243993644039637e-01
1.137128969422418999e-02
-5.973508460295916533e-01
-3.681947745053814058e-01
4.375826478414406306e-01
1.789599993884919901e-02
6.459989218148681767e-01
8.961343992495440780e-01
4.875885230108761154e-02
-3.179292737583327977e-01
4.590961722554143948e-02
-4.759425425955383648e-01
-2.781802405327520322e-01
-4.247576590878943681e-01
-8.573407064785377729e-01
-3.749813097766386272e-01
5.088487767641826087e-01
-2.619316807172309414e-01
-4.865393738564773723e-02
-1.016521069027798013e-01
-8.080138075468482617e-01
3.497928694297169905e-02
-4.340499252931978025e-01
-4.333282253937443818e-01
5.687547775905796854e-01
9.056321576692981379e-02
5.744419766721097220e-01
-3.577304170583931464e-01
-1.228105446184208499e-01
-7.468034347122611827e-01
-6.815829689508272615e-01
-2.298608316802799034e-01
-4.072476268761438672e-02
-5.765043595726618841e-01
8.095396719751234427e-01
6.568958943175556842e-02
-1.098012579359065356e-02
-3.411147999395671149e-01
8.054569156464739255e-01
-8.438725440080925289e-01
-1.118213126065018687e-01
-6.641057592707412249e-01
-6.364029276026752502e-01
4.943977141037061429e-01
1.544487656654976726e-01
-2.863159950092264983e-01
-8.383847951446526947e-02
-6.390399477016791563e-01
-4.567152508422117063e-01
-7.426565588476372604e-01
-1.131027380269606919e-01
-5.338629277348623248e-01
6.960663641291975345e-01
1.241686694366126997e-01
1.886211380680927752e-01
3.267703024689101454e-01
6.076448120282992305e-01
-7.971246137740738424e-01
4.862912814385327714e-02
-1.772430450988234651e-01
-5.687326167971731294e-01
5.084872326661166175e-01
3.724128158422671669e-02
2.225137547645604230e-01
8.262500925197976270e-03
5.056678549708233383e-01
-3.390573099301267268e-01
-6.712168700091084017e-02
-4.594051701344703531e-01
-5.875839212669256018e-01
-4.536402056973390384e-01
1.106129494672727920e-01
-4.183509197680854719e-01
5.113745796630828622e-01
-5.267204892314011205e-02
-1.485474780501291336e-01
2.210990450898323023e-01
7.320487634341517058e-01
9.261435755083874399e-01
6.968551766499941902e-01
-9.426406530699238048e-03
-5.450728052569934201e-01
-3.787086685359736804e-01
3.888918868666536022e-01
8.911053207544943067e-02
4.337879295898161569e-01
-7.060109506537652901e-01
1.460714422171008608e-01
6.990959901035546098e-01
-1.601849509916868919e-01
2.074263261731095487e-01
-4.912573003452808812e-02
-6.219829822995419644e-01
-6.317291922379109081e-01
1.466140717346458566e-01
-3.641998843432828203e-01
5.694081910070240005e-01
-5.974068453646389637e-02
-1.401167853008531416e-01
3.244746979220922700e-01
8.077873564120420236e-01
-9.098006267019026483e-01
6.585355728193961929e-03
-5.202919402287959905e-01
-4.868383630398654960e-01
5.385365008362217321e-01
2.920430698222663962e-02
5.680356408737040619e-01
2.599210410884491562e-01
5.375746988485204936e-01
-2.880150776393431422e-01
-1.255406024625888017e-01
-3.173517813868881876e-01
-5.601938852197153595e-01
-6.596041725803007960e-01
-4.259308587342643948e-01
-6.473696016036646350e-01
2.597907243872575878e-01
-1.253518458806628447e-02
-1.409999559930384394e-01
-1.640442489153524364e-01
8.004445480170159222e-01
8.593298061495804330e-01
7.724301329191530785e-01
9.564770580779011211e-02
-3.635811826195221030e-01
-6.181286691031243619e-01
3.782284054242867066e-01
-5.019190895211363135e-03
4.641370147012989777e-01
1.659787450952668053e-01
5.007310547326226935e-01
-4.786254707312586065e-01
-8.098926821636083517e-02
-3.421204257542576621e-01
-6.501812977510561531e-01
-5.023449601052306646e-01
1.368134442315884214e-01
9.844020440013298012e-01
-2.288605942042372943e-01
3.336473415854169788e-01
-7.699479089489601191e-02
1.599225791196727808e-01
7.654444681762474778e-02
5.155101290623796961e-01
7.344030385981483722e-01
7.657737105557066437e-01
1.995516764912469779e-02
-4.065094714819589283e-01
-5.908730635509745754e-01
4.502179631888925671e-01
-6.725945268746680306e-02
4.970189725080992327e-01
-3.895956094970633166e-02
4.434424438616127451e-01
-2.898981831648808627e-01
-2.875173882252066160e-01
-5.137489173470106696e-01
-4.649176554573590803e-01
3.628564381062491795e-01
9.020142677959684940e-01
-5.854406061175654319e-01
1.941765410422824079e-01
-2.372619489852525673e-02
-2.249986922040475013e-01
-2.795048500802164559e-03
8.008933881471524963e-01
7.826652241821273615e-01
-1.072552198610310370e-01
-5.104487307539806729e-01
-6.195230361531106622e-01
4.293066585191315787e-01
5.058041872068284039e-01
-2.572397527578889828e-02
1.443531576445588327e-01
5.070833892027636347e-01
-1.712788549168410002e-01
-1.799064257054715232e-01
-5.635760362782130661e-01
-5.072216922696571872e-01
-5.768394502207562224e-01
8.959527755305794761e-02
-5.790151443811376586e-01
3.679095237691812903e-01
-1.394625832140596045e-01
1.276628907585742045e-01
1.219136157543657291e-02
3.397413869259883756e-01
7.365213693633846370e-01
-6.267714118763585418e-01
7.513324796012074876e-03
-4.197080746460432055e-01
-7.237451316345773211e-01
4.296749032747087527e-01
4.149332704411367034e-01
-1.525614343496029812e-01
5.400201148817076469e-01
-2.960101723443602784e-01
-2.106842379057139447e-01
-2.997777768655788821e-01
-4.571756435269372920e-01
-4.547096362313690077e-01
3.823324465765365332e-02
9.543862103019457033e-01
-9.199931747411429495e-01
3.233908857274420123e-01
-2.290263875843652486e-02
5.753987117692738185e-02
-1.984552919818191874e-01
4.287897586995781940e-01
5.830633976393613249e-01
1.197923359318480985e-01
-4.490030062084844342e-01
-6.323143941458427841e-01
4.787769849272444644e-01
-5.630665420122286761e-03
5.417395475660753412e-01
1.125687083539432670e-01
5.054934410229715569e-01
-2.433763833761954376e-01
-1.584165213126670704e-02
-3.009370753737662385e-01
-6.915081853047534421e-01
-7.098171483716821939e-01
-3.803378891911190496e-01
9.927786063956363094e-01
-4.915471141744898187e-01
1.279222539224159627e-01
2.216287350739279752e-02
-3.093416087916854296e-01
9.862461323816451575e-02
9.709284921089857134e-02
6.943075986036563174e-01
9.749931058258028971e-01
7.310562987837829763e-01
-1.420974157925733172e-01
-5.216997742104585445e-01
-6.853419018820371411e-01
4.542104045537179169e-01
-6.738177364171273054e-02
2.906279808965973599e-01
-5.181456284907644955e-02
-3.545770526624937302e-01
5.022879380877110639e-02
-2.412629298887204454e-01
-5.210892685115871004e-01
-4.132996495210412569e-01
3.985215115648670925e-01
-4.926592798896571868e-01
3.638816074487727370e-01
1.017930574471447025e-01
-5.421670612010920376e-02
1.833851057224371583e-01
2.098970576983021641e-01
8.070105665755736846e-01
6.982602776564181823e-01
-7.669645758032408445e-01
-1.238814715465055560e-01
-4.986874497642020954e-01
-6.603854261477395404e-01
3.388120164272879764e-01
6.047638086446171374e-02
-4.274882280825485076e-02
5.228242328410105388e-01
-2.952003869507092149e-01
-2.405411255745241172e-01
-3.483919437243812034e-01
-6.609671128223875147e-01
-5.515613457480608162e-01
2.263151462972739225e-01
-6.810771278872198575e-01
1.949177389324260046e-01
-6.096729840620943031e-03
1.426100306868841039e-01
2.621057577821296336e-01
8.863885027997864263e-02
7.234616253587768941e-01
7.761665808300137748e-01
-8.578944365447458420e-01
1.937583162464164011e-02
-4.288722593793483640e-01
-3.980984098854093989e-01
3.758584081333810611e-01
-4.733226294843614207e-02
4.130581975094048675e-01
-1.731847127038571021e-01
4.229865351342444457e-01
-3.534390225261586083e-01
-2.400233112278340186e-01
-4.560500111708375437e-01
-5.331652298880195096e-01
-6.358597448590369572e-01
2.549062149058400339e-01
-2.409800844031873557e-01
-1.349067693768238041e-01
8.986828144786400407e-02
1.828417306305886725e-01
5.498720907471773417e-02
2.123759413963383358e-01
7.915680910740774401e-01
7.468950666578679787e-01
8.650934909883303825e-02
-5.107007941285854891e-01
-5.395190829767017027e-01
3.315888461522510378e-01
7.630837550676049241e-02
4.780424663130699581e-01
6.460518767798441309e-02
4.441061997341533285e-01
-3.258066442614142022e-01
-1.881961569789953048e-01
-4.301706455031218401e-01
-5.083841219059158645e-01
-4.537191799985884622e-02
3.199486666796570455e-01
-2.431361444002089478e-01
3.344016775865206181e-01
8.185936005186220804e-03
-1.056595674944093011e-01
2.338012693359677874e-01
2.589786582572151108e-01
8.098106980547113976e-01
9.419871918744727735e-01
-6.430835633004827745e-01
1.144633713498667202e-03
-4.683722064662508289e-01
-6.806186705686650962e-01
3.020906228371260660e-01
1.328521046481108935e-02
6.073372584445283495e-01
-3.431772947450298927e-01
-2.687352897796144724e-01
-4.949056403239662227e-01
-4.391801114685327523e-01
-8.345287324714905086e-01
-4.846832164558627642e-01
-4.188622668142934491e-01
2.705247115815171965e-01
-2.432938377324164181e-01
1.802923452415956529e-01
1.433553561888511463e-01
9.092523580040207110e-01
-6.764896480598573403e-01
-3.912275063570316153e-02
-3.658196747007976257e-01
-5.578502203569521978e-01
3.690594526613650284e-01
3.127899414183990534e-02
4.450816293473078278e-01
6.384263368192026611e-02
5.707161707870499479e-01
-1.961089824710626484e-01
-1.350280917972282099e-02
-2.206539554955260218e-01
-6.297405822894934779e-01
-6.805810112099101028e-01
5.033907518560839511e-01
-5.296170893123974821e-01
4.251827213044741538e-01
5.676663133137216377e-02
8.924402624867976141e-02
1.306006124890916054e-01
1.717465182675829705e-01
8.331552136370812267e-01
8.058802887674835214e-01
7.780993131366505944e-01
-3.113527828675299522e-02
-6.607939700515153003e-01
-4.985889055347768051e-01
4.739832306434155762e-01
-1.934505582610577049e-02
-1.661096169588086729e-02
-1.989830696866180804e-01
6.119995676527482248e-02
-5.314264244739297371e-01
-6.578180712351577863e-01
-7.035059448487407385e-01
1.818939773736452936e-01
9.395864318985187591e-01
-5.583632248610673754e-01
2.576915723847430506e-01
9.123258867579749909e-01
1.752836606195173064e-01
-1.207362401072119701e-01
1.914295287749658014e-01
1.851083477239230668e-01
7.774708347115580898e-01
4.086782288480244607e-01
-7.225754560333100263e-02
-4.883745291608100891e-01
-6.228136371845252039e-01
3.627864052586556864e-01
-3.271977651320873669e-03
2.434224139294140915e-02
-2.742099888426242082e-01
8.878313992010708477e-02
-5.268139080278361197e-01
-5.422284520514230044e-01
-4.503329893010412088e-01
1.620475913579945970e-01
-3.648546323322983675e-01
5.822835008180284877e-01
6.560166521269825135e-02
6.115535912791883466e-02
1.166172384637633314e-01
2.716396790951499107e-01
8.245606550125317291e-01
-7.156562112055946390e-01
6.806914464867468151e-02
-4.123854673170438412e-01
-5.999316051057362875e-01
4.648647130298783625e-01
6.824019053322470940e-01
4.412918379473535629e-02
-3.790342028133093510e-01
-1.644996531978339394e-01
-2.484783106144625442e-01
-5.806313825300946085e-01
-4.154956379779773945e-01
3.538649870897594973e-02
9.924699791686301120e-01
-3.560743463559546962e-01
8.879546171066259319e-01
2.010455305005082530e-02
-9.713316961195611610e-02
1.020208103961577767e-01
2.392341001401558365e-01
8.460883185177353605e-01
9.228374232776285213e-01
7.626900222746982871e-01
5.370775245206228093e-02
-2.022108224163547130e-01
-4.834652751481344213e-01
3.979035596011963882e-01
-4.652100277257668615e-01
3.615232987177763313e-02
-8.156947168085315614e-02
-2.248382701936589012e-01
-1.577270010759923013e-01
-2.277779120602755614e-01
-4.808825256746405152e-01
-3.431929124257532271e-01
-6.879646201090229563e-02
-3.075342213630058441e-01
6.224540273604942664e-01
9.262413440064340420e-02
-7.274434331814055854e-02
2.281231956196520250e-01
7.032844965540876458e-01
7.329494599578496583e-01
1.118897207812962619e-02
-3.770322496067177731e-01
-5.269166851022671905e-01
3.967925968737518461e-01
1.056128172033384965e-01
4.965277785082053419e-01
1.784152599264433037e-01
-9.934703288836586876e-02
-3.339138258967270789e-01
-1.432444784002837868e-01
-3.679507652908705628e-01
-2.288980991267869358e-01
1.641645016136531743e-01
-6.905573073007011953e-01
6.858668678919026540e-01
-3.400314008270085425e-02
-1.698261423927356351e-01
7.891116059273858840e-02
7.701781874051686350e-01
6.104119879325974329e-01
-1.283720588813344089e-02
-4.859639651336720712e-01
-5.874755855031655871e-01
3.068596909472149914e-01
6.804806281110717392e-02
6.981673042176290978e-02
-3.363732115248812549e-01
-1.104896252114583588e-01
-6.336902991347642677e-01
-4.745584906262524938e-01
1.106608919963521787e-01
-6.960104652461299723e-01
7.627612823359540828e-01
-4.614858610549110729e-03
-1.972232138411564584e-01
5.897703106385099314e-03
8.202425794261044567e-01
5.987115304242264235e-01
-5.027369809771652792e-02
-4.524241825350608370e-01
-5.560560534220813089e-01
4.578872657040728988e-01
3.865865061354618881e-02
6.427670515898994963e-02
-3.131053626899314435e-01
-1.321011218262527764e-01
-5.693589556898485116e-01
-5.264103583424467603e-01
1.299825922608009443e-01
-6.106026388533462024e-01
1.390453556013628023e-01
6.796706430412976507e-01
-2.167344634342633358e-01
8.069054105765988139e-02
2.736606353284670168e-01
7.742660988858497406e-01
7.146931828541885912e-01
2.146284647158775913e-02
-5.390844151915287208e-01
-5.515704793150817409e-01
4.034481598073037523e-01
-5.151872402172647664e-02
6.376745807257643284e-01
1.459561628512921760e-01
-2.013090512071616101e-01
-1.662392627005175941e-02
-4.081515070440611681e-01
-6.209804406836375579e-01
-3.064452180957782379e-01
1.260947187888126764e-01
-5.890754430414082421e-01
7.123349161777456917e-01
1.348116935824251461e-01
-1.240855972893381426e-01
-2.043738860258745849e-01
3.378772593374991806e-01
7.920029891745566930e-01
7.355065970675011000e-01
-6.721695004025783800e-03
-3.612297395528441535e-01
-5.260895348329062138e-01
2.818953432318468399e-01
7.967603139693381353e-02
5.844957876570492372e-01
2.079157106090172846e-01
2.790727980321021651e-01
-2.193648560576649253e-01
-3.699501035617229483e-02
-6.666769028340279180e-01
-5.362634993886385981e-01
-6.357960848192195646e-01
1.327799445314453985e-01
-5.683278431339685577e-01
5.420807030416235905e-01
5.589398497261567622e-02
-5.305903512014148449e-02
-1.739241963543154135e-01
2.553861438550738550e-01
8.662744905832160391e-01
-8.105426256541404806e-01
2.044327021413168063e-02
-5.825098458313056060e-01
-5.556043944766799747e-01
4.320606517318501538e-01
-3.451861055808359141e-02
5.363556323159097694e-01
4.934088592060319883e-02
2.781247248000519035e-01
-3.316564882418205351e-01
-1.200473773437954611e-01
-4.616736886296896047e-01
-5.531861917606896162e-01
-4.638031000112832203e-01
3.450735121319202792e-01
9.672014478765765810e-01
-6.534087096330304378e-01
7.151641332714850918e-01
-3.648959655473565239e-02
1.020449235083614875e-01
-1.149884550730997101e-01
4.875423728940597168e-01
7.160384864607756139e-01
-6.727580746030920045e-01
-2.328494062879501308e-02
-5.435217391498569084e-01
-6.256793079641197464e-01
3.010323660998942552e-01
7.722969322137755721e-02
7.520664446342734122e-01
-1.678899754761349894e-01
-3.218274609831564548e-01
-1.048721215489576697e-01
-7.268984417900670181e-01
-6.484499565983906644e-01
1.516465825617794305e-01
-4.623852313651635182e-01
7.810039586988203331e-01
1.377945308453461803e-01
6.131134093078600272e-02
-2.655558544787856023e-01
7.769118326765016569e-01
7.865263571845154678e-02
-5.752606728512090761e-01
-5.767592381172479410e-01
4.981906761416368123e-01
4.371617947105069235e-01
-2.100086961878865760e-03
-1.919292638731829592e-01
-9.465178688963937770e-02
-3.974522799840216614e-01
-6.435377362137939539e-01
-5.936738151441847133e-01
-5.985197831184233680e-02
-7.991204329256841321e-01
5.793657831222157606e-01
-1.769680674411993337e-01
-2.346615414437394076e-01
8.440330655861796316e-01
6.346215850588338148e-01
4.420205519675179245e-02
-4.971729869692584902e-01
-6.661907421982981026e-01
4.386398244072452490e-01
1.205461959393646643e-01
6.256589264158566310e-01
8.563152883800234649e-02
-2.517327309828655824e-01
8.123506181127823633e-03
-2.096874036795401686e-01
-4.373765832702801726e-01
-4.663463210946023341e-01
-4.479511536406979855e-02
9.647862331015643056e-01
-3.542743498545578573e-01
8.634670148430517722e-01
-2.782493303586413003e-01
-8.176227687069960448e-02
8.904550813910530049e-01
8.314964794607134779e-01
-4.918351229863135443e-02
-2.473928581620505884e-01
-4.899590563674332544e-01
3.443068147518381639e-01
1.158117832929891761e-01
4.462577375209176300e-01
-7.915456765954995699e-01
8.133311635124557126e-02
-1.035738518564938704e-01
1.179382890528682115e-01
-2.834769252633712391e-02
-7.887597204195597733e-01
-3.359280901998571434e-01
3.268596655281450492e-01
-7.234883177473897531e-01
6.060834751102713858e-01
-1.499768046682069776e-02
2.770414347452039919e-02
1.091463160047622671e-01
7.188639317087919256e-01
-8.797142528651009652e-01
-8.091334347443718267e-03
-4.727745816792025546e-01
-4.114334012494519355e-01
3.704319137972668097e-01
4.045955150549228330e-02
-3.441677514968294327e-01
2.054095455095850675e-01
-3.355876764384218003e-01
-5.411410588923232234e-01
-6.228045148730616543e-01
2.074035208242487605e-01
-6.147687575318332431e-01
8.599833141688257854e-01
1.559040773583267592e-01
2.181790315383697748e-02
-2.053426903156586325e-01
8.075813023600357798e-01
7.721351327368285444e-01
5.727691208868213035e-01
7.251807617815539918e-03
-5.654949814973662114e-01
-6.286762586186187551e-01
4.813838133205516345e-01
5.360091422565324559e-02
5.633424346129574101e-01
9.768671170317418107e-02
-4.018411435168094958e-01
-2.200657314137828557e-01
-2.839892782368526603e-01
-4.613559453631672636e-01
-7.020596634588998075e-01
-1.703469906218916738e-02
9.992090363876837689e-01
-5.365546980737485594e-01
8.460797339835463005e-01
-1.419521992576550373e-01
-1.200119062306086587e-01
8.537877007072447455e-01
4.218829401876099672e-01
-8.066219822185022315e-01
2.541005205358034744e-02
-4.049336100479899447e-01
-7.620720981048940690e-01
4.937503556055740650e-01
-3.462944020339454171e-02
4.913790657150096663e-01
1.070645944471167177e-01
-3.566623175298175297e-01
3.261659556076035305e-02
9.664349758051755945e-02
-7.195939027816851130e-01
-5.444513074188888080e-01
3.046034345331585097e-02
-5.273681988520113606e-01
1.840849570155873027e-01
4.360608944516844443e-01
1.651370822859572485e-01
-1.971450048305805336e-01
4.038291171590769890e-01
1.169884276072178167e-02
8.702289402686684827e-01
-7.337835904620724214e-01
7.038621217951414044e-01
-8.688821046073226181e-03
-4.877040097229778937e-01
-6.023781799491214617e-01
4.989972297623259667e-01
1.837813268746315287e-01
5.679729685239880421e-01
2.129513028696013444e-01
-8.766698394726279292e-03
-1.402485716070459298e-01
1.363535481850563502e-01
-4.865914250158638321e-01
1.572460554879865080e-01
2.517159631582305268e-01
-3.329478632491774115e-01
6.086021234121704593e-01
-1.064165260241269756e-01
-3.581481429210043865e-01
7.347132572331671607e-01
-7.642083691298036108e-01
-1.838210640698353373e-03
-4.734052758803102834e-01
-6.778610102578346286e-01
3.121508702674822833e-01
2.025477262781342491e-01
-3.738790048073832861e-01
2.770586616235957284e-02
-2.812748064190021546e-01
-5.860591890502493406e-01
-6.744777453662623712e-01
2.183767328936355723e-01
-7.921752963405532810e-01
4.193773119412936845e-01
4.756362557360909182e-01
-1.687563900558498309e-01
-2.376200438058171660e-01
7.155642161705166870e-01
9.591672069385316357e-01
-9.102131060764200310e-01
-4.315206365156842166e-02
-5.851238288032628576e-01
-6.717130852860550005e-01
5.765077172035137920e-01
4.511346967734058272e-02
6.148028332879503788e-01
9.276276575722372519e-02
-4.147276398876456605e-01
-1.016857591683325707e-01
-5.537168215408897476e-01
-5.213895962633539050e-01
-5.044924647966723130e-01
7.562406661641268846e-02
-3.197419069522409729e-01
5.958601687908851030e-01
-1.223945712275220088e-01
-2.402493574514474872e-01
4.482396393274291624e-01
8.301868983480542585e-01
-7.328766725548947480e-01
-6.379976496059232630e-04
-5.159612894964153984e-01
-6.652665177050960388e-01
3.932799176454245815e-01
-1.099384338661689026e-01
1.726453319302606038e-01
-2.354928802014415179e-01
1.766280231559239078e-01
-7.641019880355787164e-01
-5.701356682535538845e-01
-7.346282059926680930e-01
-6.337693535680916090e-02
-4.742225442611580633e-01
8.899174141260521864e-01
-2.035213555611445069e-01
-1.878433791646807460e-01
9.644187343547320213e-01
7.181503744781546628e-01
-2.663777959730717626e-02
-4.938904411226692770e-01
-6.135086248990354596e-01
5.102146893703747299e-01
1.108545576831756196e-01
8.715414285607492317e-02
-2.037968518494909786e-01
-1.112786982245013954e-02
-5.050815586349242103e-01
-4.249953754615012347e-01
8.408689925949459909e-02
-6.118419289309795506e-01
2.129494659130256040e-01
2.206190911319577397e-01
3.937436272357820038e-02
-2.432846601287911789e-02
8.009234192385359385e-01
5.176521668447382485e-01
-8.404347122443400764e-01
1.335880592928464783e-01
-5.351531353341573150e-01
-6.855321397338542955e-01
4.324087352005694940e-01
-3.917885772706162228e-01
2.609148277254492304e-02
3.900137448512331351e-01
-6.708734648287751900e-01
1.175565270687779079e-01
-1.307206556281470256e-01
-1.066039249688432722e-01
9.493977847546386517e-02
-4.321256696996773061e-01
-5.950014009577235807e-01
9.215711368675831572e-02
-2.697950843600481763e-01
7.289035829025589663e-01
-2.302482319016924683e-01
-2.332511857520203624e-01
1.160328950990334312e-01
6.905900332289259813e-01
-5.322980753215489358e-01
1.015197984776041590e-01
-7.126504031475662249e-01
-6.950477251460193129e-01
4.440713409530707700e-01
1.101417222134229087e-02
5.356375941534952112e-01
3.598245637170981864e-02
-1.458119327972401125e-01
1.428515108868785161e-02
-1.831316874894644287e-01
-6.336738146490487056e-01
-5.167438934530486083e-01
3.053156395227851205e-01
-4.292756573198442394e-01
6.621653965307712220e-01
6.524850532628996558e-02
-3.101427528170536130e-01
3.139416989108635980e-01
-4.911189378110191600e-02
9.389410685836910853e-01
6.913273619080020360e-01
7.440494878074743745e-01
5.096882809345316262e-02
-4.177597657514045548e-01
-6.031670062184877334e-01
3.790825554553871601e-01
3.167091363940714027e-02
1.346387184921199742e-01
-2.201435762725395540e-02
7.614913243531749865e-02
1.194687778575725251e-01
-5.942911826726475777e-01
-6.606954776596597467e-01
-5.547381473378857480e-02
-2.492811815364035788e-01
4.697791181543097272e-01
-1.913973860830950335e-01
-1.258451530582428424e-01
-5.633267595979980780e-02
-1.135219128976918679e-01
8.437627674616976492e-01
7.200874442681768350e-01
2.900305862628450859e-02
-6.257554191483060135e-01
-6.637458516985434986e-01
4.332225630135018712e-01
6.878766829690966533e-01
-8.974944856410679295e-01
2.326195059740712723e-01
-1.109020047949413890e-01
6.151142396271908758e-02
-5.476013423994558274e-03
-5.575655615688264177e-01
-8.568628350267246674e-01
-8.519745684947090114e-02
9.893972003511255497e-01
-2.150783359848566501e-01
4.570031484923890441e-01
7.754583587902778852e-02
-3.962369707682421999e-02
8.389336383918570839e-01
-4.703042998695018406e-01
-1.148791963251043907e-01
-5.322721670804669847e-01
-5.410659581462472500e-01
4.916161521631877140e-01
1.172753692911676082e-01
1.157330079143198687e-01
-2.554751744146197545e-01
1.588101673811130043e-01
4.236786799738660736e-02
-6.144738210434763648e-01
-6.987290708112529058e-01
-1.397875480313671703e-01
9.178833631172328422e-01
-5.951508560508295131e-01
4.266097286092833119e-01
1.908013003250424444e-01
-1.204755587690104490e-01
7.892031621574888689e-01
5.288906294917694595e-01
1.814545608116703290e-01
-5.518959781787504681e-01
-9.405946124783370887e-02
-5.458428801159467270e-01
-6.913270310140464670e-01
5.847808169345022344e-01
-8.408291429395526873e-01
3.574624945731037784e-02
-1.135105396298242975e-02
-1.769231913131696365e-01
5.428692881492249572e-02
-4.425375745752431755e-01
-5.620860352644926339e-01
1.159569914307190808e-01
-4.120138840119850765e-01
-1.628996458762279470e-02
4.973228611299432278e-01
1.050830522018258856e-01
1.727540292825945623e-01
8.676687015760478072e-01
5.526236207500885289e-01
-5.394439134128583557e-01
1.771891919552740294e-02
-5.037014567273894183e-01
-5.689357906156573552e-01
4.270508398338927480e-01
-3.723504418154217205e-02
4.500983438373036827e-01
-8.350300223775702912e-01
5.350730785627032249e-02
-2.015402090231789012e-01
1.502111864101086380e-01
-1.892899253908652546e-01
-5.292637666714067324e-01
-6.358402459948359065e-01
3.011290841462745949e-01
9.965203578187379341e-01
-3.105885247627721557e-01
1.808673194552590791e-01
5.637047812481877918e-01
4.096147467482489368e-01
1.131621024215484911e-01
7.365425472065089130e-01
7.511756458619078813e-01
-6.052512986718198290e-02
-4.995307382187589851e-01
-6.258577702162352319e-01
4.364290642768832162e-01
-5.200561741589888485e-04
9.879051645013441074e-02
-2.721613045886126514e-01
9.036991106434033583e-02
-2.005424660943092297e-01
-4.642641920346434192e-01
-6.634166680702215935e-01
1.414909848220002320e-01
-5.879747353911694008e-01
2.518086147983135126e-01
5.334498536674240343e-01
1.346719940849029629e-01
5.814302879215779013e-02
2.509492259795242930e-01
8.275028994594078036e-01
-6.614179665342715397e-01
2.082327814568002422e-02
-5.031626415444633293e-01
-6.949146449481122811e-01
4.946449076282170010e-01
4.737540550996132555e-02
9.376142591450266003e-03
-3.680651536735660700e-01
1.672484219953798701e-01
-1.723910077847725653e-01
-5.870413326981106517e-01
-7.421314564676271264e-01
-5.038792714425220642e-02
-5.740780278891032262e-01
3.176240950511446254e-02
4.774155858483344339e-01
-1.250085805046909915e-01
-3.702718657414341696e-02
1.836669114942143105e-02
8.775565831449004817e-01
4.880823032281221274e-01
-5.383654258174054574e-02
-3.707407054047942019e-01
-5.979960691238696002e-01
6.472037457390968918e-01
5.518511384806952247e-01
-1.251900869275514652e-02
-1.532957420179871522e-01
1.623250666752212024e-01
-5.198458611711069821e-01
-5.913887936313079186e-01
1.995394657934865257e-01
-1.973332902674700129e-02
4.607972384558261525e-01
2.752138920491274243e-03
-1.925964686853842978e-01
-2.547206554113118915e-01
-2.027998316317067562e-01
8.960695066140749176e-01
6.028124720265833902e-01
-1.642785313672595615e-02
-3.710143520981700194e-01
-6.257624595479042151e-01
-6.514301844630284721e-01
-5.429570950878440799e-02
1.961329408502188523e-02
-1.386130369227970838e-01
1.895020633607055471e-01
-6.104044404103691202e-01
-4.049758587749324179e-01
2.623528507109055830e-01
-5.537343587641042619e-01
4.306879761181791472e-02
7.235838015701610004e-01
-1.303424175768464199e-01
-5.783328913566430224e-02
8.057918995480917168e-01
5.943758197203606874e-01
7.031042165614704853e-01
-7.522960548482194101e-03
-5.162198330664324875e-01
-6.233482737443757360e-01
5.589269150828612975e-01
6.202709211423719504e-02
-4.825853603426279170e-02
1.608679852418904155e-01
1.092367125117939680e-01
-6.141797221744286217e-01
-8.529092293055323681e-01
-1.710251835543896148e-01
-7.316452218986825295e-01
2.953185431937707106e-01
6.406090725764544969e-01
-4.200856634880636986e-02
-8.174894959183787169e-02
8.970183874762698295e-01
7.806001380525773303e-01
-4.069104025815415554e-02
-2.708313851151165630e-01
-6.314091728934868586e-01
5.329220218725302383e-01
-3.678697639284511656e-01
8.145470754190298202e-02
-2.137923827989536008e-01
2.322916648622064817e-01
-2.432693297234877865e-03
-4.624988154257819728e-01
-9.558124146957855949e-01
2.083295275694404813e-01
-5.351975158444678415e-01
7.173798683208476579e-01
-1.628997829736158198e-01
-8.369347068639133511e-03
-3.465962367548746509e-02
-1.719417698627350166e-01
-2.751237855187269599e-01
5.600882729325595832e-01
7.693680068573416353e-01
-7.710760179878951570e-01
3.642159629409735117e-02
-3.872377778286445471e-01
-4.954736503518020196e-01
4.734878601250873675e-01
5.284831499318197734e-01
-8.003551551483066920e-03
-3.117775939656394213e-01
1.759977010377710149e-01
-5.591506531922066925e-01
-5.866864554118331743e-01
1.589625812160698481e-01
-6.166203042412432556e-01
2.339080575836725295e-01
6.589482598419719173e-01
-1.102086895989667394e-02
3.423903461910926538e-01
-3.024659492954597240e-01
6.059705512041196895e-02
8.592772581414784838e-01
-6.877805406110806818e-02
-5.260180745729881036e-01
-6.657966933924343023e-01
4.331539217199460445e-01
-1.924805344445507105e-01
4.477706409865343518e-01
9.228922917745642218e-01
-2.065061102447377991e-02
-2.926943004704354867e-01
1.356576136768786744e-01
1.511011336777324209e-02
-5.551415310748188947e-01
-6.826308737112474212e-01
-5.418221580423951411e-02
9.838549919591690340e-01
-4.979412839827269122e-01
9.057029832679072134e-01
-2.013394991897694553e-01
-9.714330079875155288e-02
8.312003822079740145e-02
-2.107124222409704206e-01
7.781649290760637161e-01
6.330229299660586895e-01
3.038431593786155432e-02
-3.616358394910082485e-01
-5.601497369449576214e-01
5.214861391780046818e-01
1.260573309695399991e-01
3.060976661545261046e-01
5.439754675798855188e-02
-1.482468720473014423e-01
1.124192872351098688e-01
-8.568373624280604117e-01
-4.563272849725947822e-01
-7.397161045432887327e-01
2.775998509555939742e-01
-4.109320775264000414e-01
1.071085054031065964e-01
6.192646836218479445e-01
1.506541500832913050e-01
-1.847588673672433957e-01
-1.422362718850704311e-01
6.385672762681338099e-01
5.957823074319669177e-01
1.026489699346888190e-01
-5.549784132373000167e-01
-6.870925277357955441e-01
3.434103076213954053e-01
-3.680634348304346326e-01
1.687773364131857357e-02
1.462580719230437663e-02
-3.155594704356152747e-01
3.332598726794241406e-01
-1.604023625504786554e-01
-2.570269444764523570e-01
-4.096190639902566599e-01
-4.869964433974774409e-02
-2.462821800419878193e-01
6.771272768269560594e-01
2.394089471151824300e-01
-3.325356678816052125e-01
8.001373273116955120e-01
8.955541205640412672e-01
-5.220440027769652769e-01
-2.400581311378321980e-02
-3.462424974544139888e-01
-6.905721736901838659e-01
5.534934655761315492e-01
-1.735005308322224993e-01
2.120326522245193912e-01
6.003817518532537229e-02
-2.550350156542712243e-01
3.091276492886051996e-01
-5.315881135682780645e-01
-6.106923794679666173e-01
-8.019483446998090237e-01
-3.139584963943338469e-02
8.795829456358941756e-02
1.397787268362566671e-01
9.283893493508513783e-01
-2.257576568176530296e-01
-3.266988190954955296e-01
3.397889412848593138e-01
2.394039775700298467e-01
1.918444674680713780e-01
5.534724228272945579e-02
-5.226672766475751741e-01
-7.028727014362574632e-01
4.763092235435602562e-01
6.522688997712325909e-01
1.100500902903526479e-01
-2.130723038025169047e-01
9.645054646178292945e-02
-6.275230884923357344e-01
-4.816583585224757380e-01
1.661601751246890857e-01
-6.514523625344146307e-01
6.121059978663029311e-01
-3.630658285751842823e-02
-2.002791409831934655e-01
-4.047672976677371137e-01
2.799312543783915030e-01
7.495195178163184535e-02
7.516947809622012144e-01
5.461733315706041036e-01
-5.628092185957734861e-01
-1.108897256879098686e-03
-5.586271209617260647e-01
-4.589229325925183733e-01
4.542661365512056793e-01
2.791271203777300706e-03
6.593949767139961615e-01
-1.098602116066399320e-01
-3.122698408958394789e-01
2.320960660536339759e-01
2.302259947859806866e-02
-6.413900461152372001e-01
-5.805351034660585219e-01
6.063108912921601201e-02
-1.981999624324149722e-01
-3.216617333155425557e-02
2.567351551113945529e-01
-3.616421918395577584e-01
3.177042145250608685e-01
8.058325123667180456e-01
6.419432515987575361e-01
-6.023597525718422663e-01
-1.838760872352097342e-01
-5.676275318292985927e-01
-6.662361621083559005e-01
5.646919949517361648e-01
6.817378915024617791e-01
-1.900957365618341152e-02
-3.585509779682245490e-01
-7.384915137257186402e-02
-2.858343475283909307e-01
-6.891596373990187541e-01
5.512514815098962977e-05
-6.471892620881227742e-01
3.099699770667902476e-01
5.955405510380962220e-01
9.085188064530050345e-02
-7.532015452291550284e-02
2.512220550205050695e-02
-9.594200821465397044e-02
6.834806486861156882e-01
7.811206031014963358e-01
4.339870886150141160e-01
1.559906390753443457e-02
-4.001201004273392536e-01
-6.590565791562417175e-01
5.869347946274675598e-01
-2.005372690351022238e-02
7.408997323959969072e-02
-3.041149010987635459e-01
1.686433871360401571e-01
-2.397858132211586057e-01
-6.952510896463901524e-01
-8.713566728532506911e-01
7.783673708881609643e-02
-4.316726307786351580e-01
4.916998293676656528e-01
1.229723730044366969e-01
1.649676091352267060e-01
-1.717074867031293806e-01
4.523142315895062326e-02
4.016768725612655105e-02
6.544142832427324308e-01
3.663169639542363520e-01
-1.770007798113899800e-02
-4.061996389353910164e-01
-6.346260205340479299e-01
5.438521303649187510e-01
-3.108227267113245623e-02
5.873004646861189615e-01
1.461939757696023023e-01
-3.147109666180251675e-01
1.896077890386692610e-01
-6.640642121659112718e-01
-3.970805480801618548e-01
1.871122119103650616e-01
-5.448743230001446003e-01
1.085171334343761479e-01
4.898985395839386969e-01
-3.219178610850553790e-02
-1.721328152234624653e-01
-2.125905318781094733e-01
-4.819952951438017941e-01
-1.792259055203918594e-01
3.311140916811340928e-01
7.795621495659182942e-01
4.255214648936510025e-01
-4.737855064572793484e-02
-1.841803831883511988e-01
-5.256966987666196189e-01
5.023773516743734735e-01
-1.778015312308628415e-02
-4.328136890498054945e-01
2.221761798579095781e-01
-6.311598675159275640e-01
-8.592230806161531564e-01
7.008820883017030656e-02
-5.211291288441471936e-01
8.628678529184831414e-02
5.400542127066009224e-01
-4.500945682870913234e-02
2.091922125812233357e-01
-1.660723210421349016e-01
8.731291320675420575e-01
6.304952882481639209e-01
-3.962578139631078855e-01
-8.582871436705238888e-02
-4.032147084719492347e-01
-6.931047979177816787e-01
6.044474787087665835e-01
2.084588289608485176e-02
6.489184900459922245e-01
1.288032843860394683e-01
-4.449434510051771818e-01
6.918996202945620899e-02
-5.218235205051748871e-01
-5.535143676703797588e-01
-5.596047318286121453e-01
-1.912367030627481201e-01
-6.182137711637682997e-01
6.783546381173297668e-01
2.688409164661513251e-01
-1.601148806889082232e-01
-3.312023698185350695e-01
-4.070915553860271485e-02
8.306691828203112138e-01
6.685057583616559329e-01
-6.891682311218081392e-01
1.424131420000453174e-02
-4.534866165023056506e-01
-6.492526614576815680e-01
3.806425157975568685e-01
1.166421702168854435e-01
5.973356709864353631e-01
1.400250083783448896e-01
-2.992645508766013651e-01
2.756732402616553501e-01
-4.951773391592323992e-01
-5.752551569088468764e-01
-3.283845265471142527e-01
9.840599968296027678e-01
-4.074713510124498839e-02
7.963256845437158837e-01
1.086424044598786887e-01
-1.185918549949311063e-01
6.953937575925157599e-01
-5.815779176986367593e-01
5.396811206433133057e-02
-4.486806702997513385e-01
-6.577466340469283468e-01
4.441213448270870390e-01
8.839804770469540662e-02
7.155979946575266593e-02
-3.023948482670236748e-01
3.621604210149382275e-01
5.094744999801523178e-02
-6.457945715947009946e-01
-8.590941072783502275e-01
4.330597874149701154e-02
-3.113296005048661330e-01
8.143524864431886945e-01
1.601419725304728189e-02
-1.617543409107662922e-01
-2.209221585014351646e-02
-1.914758517834538529e-02
7.040561090596386684e-01
8.279136245790954529e-01
-1.871291106671775228e-01
-4.587722502390368939e-01
-5.988667662647917389e-01
6.587017398320437200e-01
3.686249149169554956e-02
1.888439739465615497e-01
-1.102234617182202697e-01
2.087676885479245736e-01
6.708296266336209908e-03
-7.771903537310296262e-01
-5.985833009419136985e-01
-3.706590215542798217e-01
-4.486978042762535535e-01
8.000565886281411077e-01
-3.511408911786224885e-02
2.148661746461384969e-01
-5.144335124535018462e-03
-3.091858239125215846e-01
9.114827371868662320e-01
4.773729187771902915e-01
5.757347389295978113e-01
6.466238999513265751e-02
-3.504360489054016981e-01
-6.312684950296629793e-01
4.949338929479286109e-01
1.864665286411951728e-01
3.690594708121600620e-01
-2.402091368929801796e-01
3.686811649855495920e-01
-4.169307348270984148e-01
-4.500790837077590645e-01
1.850370014697317878e-01
-2.278388934889380713e-01
3.021980190975034342e-01
7.722963691692368293e-01
-5.420637359751510204e-02
6.982514231582313824e-02
-1.845812327815064269e-01
9.281606127204407031e-01
6.613464749699972112e-01
-5.335689678705696215e-01
-1.765275531019904962e-02
-4.730219777733560282e-01
-4.814352721482338393e-01
4.197009738783590849e-01
-2.721059485973234895e-02
-1.334343419643610196e-01
3.011001395584403939e-01
-2.901732305669584844e-01
-5.902446390160230871e-01
-4.417206376352739161e-01
9.641600929110587248e-02
-1.078702736024174658e-01
3.321895752818757597e-01
1.165154305823165766e-02
-1.833691663015011852e-01
1.088738595441336443e-01
-6.012911705572873688e-02
9.477888513908938606e-01
5.663832955580089257e-01
-9.133045033493382148e-01
-5.451646691039623016e-02
-2.781900728079139684e-01
-5.009144618293905893e-01
5.425865713540392044e-01
-2.366713268768284514e-02
4.196699076227002334e-01
-8.102207937065113164e-02
-2.396462135771325330e-01
2.565982681412861677e-01
-4.276300910434563396e-01
-2.843356395678056647e-01
-7.204398341127442595e-01
2.847641888742207805e-01
-7.926595917014823967e-02
1.729384973114595769e-01
-8.714657483748690370e-02
-4.556500633263183553e-01
9.081821226618937981e-01
6.267374604189400733e-01
-1.534393328277930402e-01
-4.061773067491721706e-02
-5.045478413304357312e-01
-5.982070640748683443e-01
6.103203518144310058e-01
-6.188750233688586518e-03
6.868231213347028019e-01
-7.507180859743040058e-01
5.931570430944037992e-02
-3.124966355194034873e-01
4.319129372874676021e-01
-2.826807131319723082e-02
-5.326333806249543557e-01
-3.533107071263810184e-01
1.477560456039021114e-02
-2.014784462846366808e-01
3.136111178597326132e-01
-1.358082656821314183e-01
6.909641041809298778e-02
-2.641681951219157151e-03
-2.318471120616428377e-02
7.618662540287655105e-01
5.503388014689062357e-01
-5.651707357343434095e-03
-4.648643823156278776e-01
-5.872647170449890597e-01
4.988698246420832372e-01
1.220271210796151917e-01
-1.865763130054146762e-02
3.690431189866557604e-01
-4.266624105033964831e-01
-6.522898451709508993e-01
-3.408028913920550518e-01
4.206830431107459051e-02
3.471495622401544745e-01
-1.046262349613253512e-01
-1.393662672469510866e-01
-8.200214100102734549e-02
-5.677782105802096912e-02
8.212682083986238002e-01
2.506619530104014504e-01
-6.502479442018244127e-02
-6.407872696804843837e-01
-4.664217330109668436e-01
4.157830724645731890e-01
-1.942250401728840004e-02
3.987776226780291589e-02
-1.930304184682070656e-01
6.131849114726737465e-02
-4.427226135723044131e-01
-5.197697284583429056e-01
3.663624722589151061e-02
-3.539287715107686805e-01
3.858416054929995898e-02
1.698905984826222515e-02
-1.781705027377982198e-01
-1.098055872134787309e-01
-2.353378547242213348e-01
7.808548379447330934e-01
-3.313983728149078600e-01
-2.688723175261705303e-02
-6.173482689058936712e-01
-5.620730876627757500e-01
5.924161206502560617e-01
2.451966179435438598e-01
-1.968182440055903093e-01
1.957661292868009273e-01
-9.458280919041324453e-02
-5.548708677333119565e-01
-3.757950361796462135e-01
1.161172813745890292e-01
-5.037628846588628750e-01
8.611000854097253798e-01
-4.239199586687718985e-02
-1.615326262363503684e-01
-8.067328961183842240e-02
-3.385917622878807931e-01
8.218204190979343515e-01
7.625833284593749317e-01
-2.783856758551034871e-01
-2.969032593867904427e-02
-3.343688525619168961e-01
-5.897496617665740626e-01
4.327918969932335047e-01
1.001163733796226335e-01
4.950478934444044743e-01
-6.543240499089475123e-03
-2.314591646110862322e-01
1.697236299761687994e-01
-5.381414212175343881e-01
-5.784106373873711959e-01
-6.273039278831876731e-01
1.262954673127507088e-01
-4.620410165513583745e-01
5.037519444500362376e-01
6.109161161530792805e-01
-5.303792117676239815e-02
-1.720497666621119970e-01
-1.642752751199482164e-01
-3.848655974152465631e-01
-1.460274703319090484e-01
8.066413337994959853e-01
4.178645142499066156e-01
2.679858257558485543e-02
-4.521048888385514886e-01
-6.272877216598500283e-01
4.639805418460916653e-01
2.630082525822166270e-02
6.629453227177275476e-01
3.525877079932795977e-02
-2.734128830597510329e-01
2.050205189236160019e-01
-5.434624342518228346e-01
-6.656001554691577393e-01
1.236059519244327443e-01
9.865963180579777614e-01
-6.043352538707280619e-01
6.925736498618347836e-01
-2.361364474901864463e-01
-4.956851456529225847e-02
-1.786129380613277751e-01
-3.990453765269190711e-01
6.604272191408534498e-01
1.489974354195330863e-03
-2.398393008745042243e-01
-5.449335811803338592e-01
-5.515297662039770898e-01
4.162685045908108283e-01
-4.875439291310761612e-03
5.466341392574884939e-01
-3.731176690897373277e-02
-3.559780574295581257e-01
3.754989385211733310e-01
-9.254268780582172726e-02
-6.220526409817047631e-01
-2.500672389475577240e-01
-1.325310467130242087e-01
9.461115110856352928e-01
-7.823179576883806385e-01
5.968586824570732974e-01
3.964186359936370391e-02
-9.636490801798895667e-02
-1.169796400434042205e-01
-3.205445117911161490e-01
-1.709271491398192122e-01
9.812807938599497071e-01
5.465283212843253802e-01
-2.659421714092625316e-02
-4.820775541991321744e-01
-5.307854309691563133e-01
4.735401639110676242e-01
-1.241370110011122824e-01
2.153891000176174353e-01
-2.545206863454657076e-01
2.632091186122302862e-01
-4.060593686918761436e-01
-5.885839886543026145e-01
-3.784691327920028936e-01
8.660318509298216283e-02
-3.135181989252577850e-01
8.399375213863546907e-01
-1.371322403673411183e-02
-2.265444111049520204e-01
-4.555019533030292833e-01
9.088989617276709287e-01
-2.855203160099764603e-02
7.701042342086754366e-02
-4.758186761123879283e-01
-6.389736584187475366e-01
5.864012203798334433e-01
-8.632040230249955759e-02
7.191296261829832788e-03
-2.560563941050041925e-01
1.144569529503458721e-01
-5.579245781206398913e-01
-2.617756043269232613e-01
2.908273984301523174e-01
-4.050473774750567024e-01
-8.709269521431518835e-02
8.843072465675404503e-01
-9.150118391931885697e-02
-2.080188996040154281e-01
-2.384064354227719285e-01
8.000503983470190761e-01
8.942941560356374442e-01
2.912965949954639533e-01
-9.464788106323707151e-02
-5.223171697707122973e-01
-5.545747903112234756e-01
5.772975026663768050e-01
1.131497249238514746e-01
-1.298938297162640920e-01
-2.634998644993491457e-01
-1.718459116104807394e-01
-4.199279196992853902e-01
-6.393473153771748185e-01
-5.627922677901492365e-01
-2.098628144407259088e-01
-7.913119931519303485e-01
7.374046828060309977e-01
-1.751448596025446947e-02
-2.905233223242893459e-01
-3.676636715009147516e-02
-3.332543153583761297e-01
3.712338076802105258e-01
-2.297077061387133579e-01
1.517710655370255006e-02
-5.481766928850082543e-01
-6.086797818448544950e-01
4.713036253103302098e-01
1.088522471170647599e-01
1.147088693162437098e-02
-1.173121073730059027e-01
-9.231011142105119416e-02
-5.181437658867549256e-01
-4.371839407091944185e-01
1.021753944259983782e-01
-8.408050318827382519e-01
5.356594768126520245e-01
-2.369378610927576345e-01
-1.431285391113694683e-01
-4.548530621786775474e-02
-1.709638338409796565e-01
3.713702073221938349e-01
3.178842652014358672e-01
-3.118133987956778555e-02
-3.853485830106742616e-01
-6.725389157050525313e-01
5.913297441792091380e-01
-3.259623762924278301e-02
5.497568528121958564e-02
-1.823242855835287002e-01
1.386073701305884365e-01
7.278378782783012646e-01
-5.003584517085842842e-01
-5.195956459815503914e-01
-5.086223331997350439e-01
-2.366020495012248759e-01
9.415566585264448785e-01
-9.419613306411458997e-02
5.895296292999412380e-01
5.733146306753557353e-02
1.212214752326448985e-01
-5.785129367325481109e-02
-3.816522162961448195e-01
3.243564257451004296e-01
-1.486651466364984353e-01
2.973718037293253402e-02
-5.601925599588974958e-01
-6.563565167930539568e-01
5.588764009008995171e-01
-1.999998922608235349e-02
5.428313201004418831e-01
5.235829129429613038e-02
-3.076349307532334487e-01
-1.090053704313044200e-02
-6.563953331310825590e-01
-4.549729174179443225e-01
1.878703387849218476e-01
9.833158068366301130e-01
-3.018351108816201278e-01
7.140916195124160648e-01
1.274623090685617910e-01
2.238482364245014122e-01
1.109311466429055981e-01
5.109738618875898641e-01
4.812089672340156832e-01
9.211142572100521342e-01
-2.236676387057068283e-01
-4.551628734361686662e-02
-6.442176897769236188e-01
-5.953491208221107778e-01
5.582523785196060739e-01
1.074320252305655116e-01
3.140025681340237740e-01
4.262902709462775830e-01
-2.657469702949766255e-01
-1.595887741561175244e-01
-1.165762324967154345e-01
-5.295239107392160083e-01
-6.262845866576522980e-01
-6.476793034000796539e-04
-4.558674485624120698e-01
5.693698264340443238e-01
2.015475618607301400e-01
-2.049130957401978648e-01
-9.348343479914374143e-03
-2.217206542523454116e-01
2.172767244380282847e-01
7.879223369540455657e-01
-1.692111611651249403e-01
9.521095880765423347e-02
-3.057742922532692420e-01
-4.809993877865065270e-01
4.893433354001600066e-01
-4.162156118337845823e-01
1.063855955924058183e-01
2.998015701016196743e-01
2.588420042947042199e-01
5.690606938455688990e-01
-2.066108519381160691e-01
-2.054271317937050312e-01
-5.658948773557552769e-01
-4.788931696794296866e-01
2.675747859074200097e-01
9.658551701417761315e-01
-2.415320091517799139e-01
7.161096908210128342e-01
-1.816218915711500514e-01
-2.787603331715152177e-02
-1.661564869994849036e-01
-5.033506223111234856e-01
2.852165021785869059e-01
1.747882754082313306e-01
-5.140306008104847946e-01
7.027630522156734505e-02
-4.457595030502931044e-01
-5.434880935548754843e-01
4.342361589254196130e-01
4.138812496842802502e-01
1.401414243377858970e-01
-1.075282614644439277e-01
-1.683853210135620726e-01
-6.492186534671214870e-01
-3.713947864952307776e-01
3.367936157197690683e-01
-4.868385402396125383e-01
8.077011941681325746e-01
6.521325483981617321e-02
-1.998632943185965904e-01
-2.221142266128473264e-01
-1.792092185594456322e-01
5.124444278701074662e-01
2.984688908901000914e-01
-2.697178789530587095e-01
-2.774458219668418310e-02
-3.673426613498887994e-01
-6.184644735273542304e-01
4.266415496024076881e-01
2.810211729330709396e-01
1.156284363243540066e-02
3.617975660174022057e-02
-2.738091236636727710e-01
-8.201535571840987138e-02
-2.142550747381753717e-01
-6.015453721911651064e-01
-5.404202392121556509e-01
3.229338250223563050e-02
-2.478873709729737251e-01
6.514418187684111183e-01
7.793650867268062110e-02
-1.591762877092358919e-01
-3.769808050376956543e-01
4.125477997365368243e-01
-1.418889309818575917e-01
9.445510766298893107e-03
-4.420551376267873311e-01
-5.559368523009655672e-01
4.139661509482197577e-01
1.087625518896937343e-01
5.339135512972992964e-02
3.198479217321237855e-01
-3.838259408395791605e-01
6.997439340178185363e-02
-1.928631765575154200e-01
-7.407295251993635254e-01
-4.331007769028328847e-01
2.558140198810756050e-01
-5.664784740816710684e-01
3.806693681396526308e-01
-3.184024427555891268e-02
-1.607250631316450573e-01
-2.905490425353104977e-01
-3.943197669254811522e-01
1.931825016083253410e-01
-2.714116385441252555e-01
-3.115594269661658630e-02
-4.347317478271365832e-01
-5.805435816286901307e-01
5.816497699396864229e-01
-3.324486783549610025e-01
-4.952681607254620644e-02
2.611487444141023517e-01
2.439316854984784760e-02
-3.328998715853802026e-01
8.236986816581229678e-03
2.228094409293687461e-01
-5.888963841670562527e-01
-6.816396840543380575e-01
-1.476956421915852635e-01
9.771859409833467680e-01
-5.500768961011233138e-01
2.662736982902998428e-01
-3.511250466256101918e-03
4.270100560606795298e-02
-3.084140892452257310e-01
-9.233507109661852341e-02
-5.390965151740247929e-01
1.844866779067594331e-01
-1.946856856772362920e-01
2.569271804648541255e-02
-3.515541873191813660e-01
-5.753329400752313916e-01
5.016236527576054538e-01
1.044357987378454790e-02
4.561067156962892444e-01
2.762609797095401387e-02
-1.618688367556267715e-01
1.445157102847980934e-01
-8.118362813620202956e-02
-8.127942879117099340e-01
-5.186923892853781970e-01
-1.541526858842001968e-01
-4.863771019568641218e-01
6.109210160601342698e-01
-1.201569560133139425e-01
1.666789955614959851e-01
6.327978272424974668e-03
1.381834592198767364e-01
2.319365236755875637e-01
7.344038388123608208e-02
1.243854590476420677e-02
-4.289733006703019269e-01
-6.117095983717192320e-01
4.769690764817874906e-01
6.187756000483813495e-02
6.278421184056242055e-01
9.418237217153817287e-02
4.123895664236732483e-01
-1.600105976316095469e-01
2.925301227683274607e-01
-5.468953890989692868e-01
-4.172192223004046463e-01
-1.575661512999923797e-01
9.824861183468150960e-01
-5.237851808390264763e-01
4.460005762030295196e-01
3.530203778056909547e-01
-2.296055294530663093e-01
-2.003466419039434121e-01
-4.703316258367908342e-01
3.194122285248340853e-01
3.348730032371885490e-01
-6.814769367663063571e-02
-4.104327133276440831e-01
-5.632809953955520976e-01
4.906963877620063585e-01
-3.805717550848262097e-03
6.425566029755932496e-01
1.665563425637501538e-01
-1.523650892154560510e-01
2.102515485169709764e-01
3.435988126042700125e-02
-7.092831976333899835e-01
-6.100519203644503285e-01
1.081881674350289660e-02
-6.858065110250676222e-01
3.965376426573814506e-01
6.096446950970544343e-01
7.118505847185993551e-02
-1.095829276120938167e-01
-3.969663912156649044e-01
-1.263268820148760463e-01
-2.469472526086249897e-01
3.393517671811116521e-01
-1.405741194132677230e-01
-2.141934620325573052e-02
-3.327871583643622344e-01
-5.888189068213288691e-01
4.622212033721878055e-01
3.433490585102480508e-02
1.902584652673599067e-02
3.863563230324902897e-01
-2.645078248441373736e-01
1.062483697494278484e-01
-5.110925001240931298e-01
-5.207987776599941609e-01
6.295536644048078945e-02
-5.611468253756838331e-01
2.878417388417225387e-01
-1.027239899344171148e-01
-1.752494160246997612e-01
-2.093715995375078909e-01
-3.497033123436027457e-01
2.179221804588823419e-01
-2.047460759810844633e-01
5.001703031895571999e-02
-5.210905997127865952e-01
-5.738769710924876977e-01
6.140896061866467637e-01
5.640034832132165624e-03
7.156366463186177862e-01
-1.808736629873785792e-02
-4.418274766051841218e-01
3.144544443424049374e-02
-2.002595226487477731e-01
-4.112418573803860444e-01
-8.367421183180969724e-01
1.217546339231667142e-02
-3.872691434561856827e-01
6.288225361259778268e-01
-8.138547741521409695e-03
-2.193942018375027447e-01
-4.598264047793670928e-01
-4.771362827326326439e-01
3.248230109369177471e-02
-5.451012175566414264e-01
-7.373983743806480917e-02
-4.524557929375471743e-01
-5.325199916798472044e-01
5.268405569770243657e-01
6.723714237910573266e-02
1.450360756705548204e-01
-2.392919958725006901e-01
2.643896839094061341e-02
-2.008772897509141231e-01
-4.700367091495943339e-01
-5.498495819933294504e-01
-1.501310092798761320e-01
-4.635273691225597625e-01
6.783066861830714389e-01
-1.836416343624386544e-03
-1.762059356328963267e-01
1.233370137136713396e-01
3.621724432968481677e-01
2.369790713482136935e-01
4.361216738545023452e-02
-6.855376894562416057e-01
-5.363423616910772962e-01
4.023545323082056147e-01
1.006805781245388850e-03
3.854727320621009062e-02
-2.424918192690241892e-01
6.381718856201996914e-02
-1.830459902128342697e-01
-6.120623627764807395e-01
-6.601823770069841224e-01
1.446101483628310647e-01
-3.589330553395669865e-01
3.957863877956256382e-01
5.931657620720646312e-02
2.292076523031241209e-01
4.936543301518132171e-02
-4.199828914785494471e-01
4.127876832891212433e-01
9.300486696765427608e-01
2.210121503180630942e-01
-2.409610223850090424e-02
-4.210264056012912315e-01
-6.232607975245766374e-01
5.875238289097131084e-01
1.250721630738249879e-01
5.973335683704689147e-02
2.666625337184347910e-01
-4.027573036539477402e-01
1.002969359173265691e-02
5.117610031192841580e-02
-5.120442783055030311e-01
-5.773334626612052212e-01
-8.809944023564623972e-02
-4.371702324310273169e-01
6.532188597179039435e-01
7.786927697122299208e-02
-2.232835231219644778e-01
-6.497958663209844887e-02
5.117715459276098722e-01
2.361778989258383338e-02
5.546862012593974968e-03
-4.804646420020407538e-01
-6.816509712654998943e-01
5.381242748906824858e-01
-1.369577402059373068e-02
-2.098786275913185756e-02
4.112312954200219584e-01
-2.851024511581161658e-01
-9.308517460175574909e-02
-7.308256650836117418e-02
-5.177579295707698259e-01
-5.868256254337453903e-01
1.839842991870336841e-01
-4.768988914275295588e-01
-1.300746939231228472e-01
4.866390192558980310e-01
8.806963482999424428e-03
-3.148231305871314056e-01
-1.780249287776174139e-01
-2.181039936457184469e-01
1.274956015783334784e-01
-2.438675937020938211e-01
4.656450065946517863e-02
-2.029860452508156776e-01
-6.757366846077585976e-01
4.102160101006362414e-01
1.213576829881436170e-01
5.990416126388138640e-02
1.690649522409216621e-01
-3.457845965604999239e-01
-6.821681157904303794e-02
-6.236162015842942052e-01
-5.357247051310908281e-01
3.384459881405018234e-03
-3.528934756731528233e-01
2.628223355996145982e-01
-1.980691265045421146e-01
4.978711786523672134e-02
-2.165539337177966595e-01
-5.579612296911993230e-01
-2.824104151298163501e-01
2.308704169122707539e-01
9.735280444075599116e-01
-4.911431697707857591e-02
2.030087462346826660e-02
-5.093948177079468120e-01
-7.543069546872489539e-01
4.826788910961646861e-01
-3.627967490933317607e-02
1.055750954320515550e-01
4.989870561355149170e-01
-2.758055187987180634e-01
-9.656543381348925426e-02
2.246703513246799677e-01
-5.648699232590659314e-01
-2.630270604042103111e-01
-2.095791967858132241e-03
-3.831455408779432248e-01
5.733384978884612515e-01
-7.430211236759063677e-03
-1.868791347596717722e-01
-1.056648417264288153e-01
-2.794472801251222660e-01
-5.116193350489690872e-02
4.047203590979020493e-01
9.718823491973828110e-01
-1.353262913868212847e-01
4.520156085686902192e-02
-5.028667634197812042e-01
-5.052491789193532812e-01
4.435193590137325725e-01
-3.831398269507731991e-01
-6.056692755671840706e-02
5.953207502682209551e-01
3.238080739202959385e-02
4.005912532050572294e-01
-2.405558480679735323e-01
-1.611823737642603116e-01
-6.081820770611945370e-01
-5.270101856491170578e-01
-1.021575036548558330e-01
-6.859151021638305590e-01
8.192500266434450396e-01
-1.783213921313507588e-01
-1.234236898751086275e-01
-5.711245486601833621e-01
-1.809345188857637010e-01
-5.485449038666212473e-02
9.193280613648514565e-01
3.830566853278925543e-01
-8.772025723903595362e-02
-4.413901138893662202e-01
-5.136176379398108560e-01
-4.823570820804917170e-01
-3.861702424231850950e-01
3.693314562697915665e-02
8.341341413496772272e-02
2.939148030911288845e-01
-3.382684544522064907e-01
-1.111377172768576865e-01
-3.798292021997816126e-01
-4.594699317222460944e-01
1.266327014608447932e-01
-5.383689877966669757e-01
6.202087344914789524e-01
9.069102627058597821e-02
-2.662473890191047743e-01
-3.940411893723802517e-01
-3.020035510750092023e-01
-1.998968286283082374e-01
2.447024180169065644e-01
8.889875037119222556e-01
2.440473482308148645e-01
-1.882901346336045278e-02
-5.852102066705491268e-01
-5.057867736252766866e-01
4.554345410716933440e-01
-8.585974503156137971e-02
1.718258494883931897e-01
2.181727723594900914e-01
-3.448034191114326408e-01
-7.357950253217573899e-02
-5.751078200869754742e-01
-2.139991859314398781e-01
-4.124550830389334677e-01
-2.861429073113840316e-01
7.053134036089863113e-01
9.489227829393039743e-03
-1.460242385606448368e-01
-6.752822748644950190e-02
-6.281239774042571833e-01
-1.726306936063478070e-01
4.887351550830674740e-01
9.874278951129853432e-01
1.703188425208015666e-01
-7.500474547060699548e-02
-7.062842052913248514e-01
-5.988350798345880577e-01
-5.406280198199526765e-01
6.493399380215414407e-02
6.784842235007949862e-02
3.486262766608757002e-01
-3.816670554717582209e-01
-9.165463491049043177e-02
5.211199133041242992e-02
-6.826855284385870970e-01
-6.179978402738992571e-01
-1.008409257615403148e-01
-7.212281492098662206e-01
6.370487817646918183e-01
-1.173652486585404636e-01
-1.701679151327658845e-01
-3.811290985396199593e-01
-8.038211156473114294e-02
2.353302988771636406e-01
6.210818390750491025e-01
8.873670189730707702e-02
-3.899803232430758548e-01
-6.485743469986344767e-01
5.302274063234304613e-01
-2.917050275731022935e-01
-4.437570126683999805e-02
5.561857837805003202e-01
7.450816872946919300e-02
1.669200123741294561e-01
-4.499125737232809868e-02
-2.189723006985338366e-02
-6.081564964478378688e-01
-5.329476979281780880e-01
6.972312713495733283e-02
-6.638019852717563785e-01
4.659165476996929844e-01
7.198306249051541483e-01
-5.656270352625834136e-02
-2.399166488016334087e-01
-1.368243309965550825e-01
-2.249783385550219172e-01
-1.104840022122495075e-01
1.108235068327361739e-01
1.512776744624079461e-01
7.199005976495412296e-02
-3.819886990724432607e-01
-6.194740481709046787e-01
3.373592066046001148e-01
1.294884132383510543e-02
1.015854541454900145e-01
4.887309553788454219e-01
-4.098821692341911294e-01
1.076041818959079695e-02
-4.683017427212708417e-01
-7.390199499403760086e-01
-1.687654169569254847e-01
9.722234671546021723e-01
-5.843067802675627753e-01
4.662125348351083276e-01
2.794515017686441394e-01
-1.691809277569426284e-01
-2.791730616524034161e-02
-3.608117731428164832e-01
-2.729137890849966247e-02
2.292302504856914835e-01
-2.913568666741073732e-01
3.514350579217384585e-02
-4.247793226906555475e-01
-6.023409047608767608e-01
3.518482928040337909e-01
-2.336118698750627165e-01
2.171682504202754327e-01
3.048503454077793398e-02
3.892426601002170194e-01
-4.051403891678215796e-01
-1.596013946181129017e-01
-6.292566915126378557e-01
-5.788231860781046789e-01
-4.844317992247591520e-01
-3.133398759012715473e-01
6.528550377517854386e-01
7.233202754934067724e-02
-1.571288431330461199e-01
-2.666776470267744892e-01
-4.353394590728303926e-01
-3.254035919235114260e-01
4.450073685955302505e-02
-2.454042233595584988e-01
-1.149141238800093362e-01
-4.487463088381647425e-01
-5.396451852756882772e-01
4.638945335759092625e-01
-4.835694573040515143e-02
1.052148333391921542e-01
-3.320104635106763680e-01
9.486206398129050366e-02
-5.937254765634923936e-01
-4.933396780141813265e-01
-3.390406843260012071e-01
-5.675419068671588851e-01
7.138910392407080696e-01
2.408052758787490588e-01
-8.840473964788907180e-02
-3.468343662099424574e-01
-1.181907488712119897e-01
1.315002607963000614e-01
5.423667203652365876e-01
8.263007521305629210e-02
-4.249455407314285948e-01
-6.163103699857868101e-01
5.004968512619143439e-01
5.440572577306549182e-05
1.258830857645884815e-01
3.491483515973896057e-01
1.710917172788464502e-01
-2.777966742341037576e-01
-1.583530249946528690e-01
-6.330638081113068028e-01
-5.092114513509318208e-01
-1.796234143400283756e-01
-6.955098518056347379e-01
1.761964209871363096e-01
6.070920384066477160e-01
-1.869036563147821739e-01
-2.648869863241016809e-01
-3.465914346239886701e-01
-1.397898484882020842e-01
1.138810045976285379e-01
3.971860084298738380e-01
-9.358325487102713003e-02
-4.179062304686715912e-01
-6.544756948815848574e-01
5.202548330629299667e-01
1.861270490771257946e-02
-5.350980591101198863e-02
4.093857905487121585e-01
-3.445726063674930950e-01
-9.374562996673355131e-02
-2.751948372395431885e-01
-6.860026642538629149e-01
-4.240992193054267667e-01
-2.853683391808976566e-01
-5.454655925156725038e-01
7.649173495233863029e-01
-2.127361644820107700e-01
-4.048807066076736683e-01
-3.524988632197023630e-02
1.612218574996930054e-01
1.924595090197311290e-03
2.620732698034557162e-02
-4.027503754739349406e-01
-5.861022036229823762e-01
4.760805067713348437e-01
-2.117867239798405452e-02
-5.831157796815051447e-02
-4.224913789634111849e-03
-1.733102123680179130e-01
-4.953679692552386271e-01
-3.311556505616525259e-01
-4.047797977122372104e-01
-5.348841564472323062e-01
7.881551727363844684e-01
-9.863588824075687767e-02
-1.271735895099070646e-01
-1.316295196262852463e-01
-2.532519191424509875e-01
-3.812849753510553219e-01
4.189729042717909580e-01
3.311079638672540654e-02
-3.421108470087436820e-02
-4.071573340099591265e-01
-6.887885012091982118e-01
5.165649160050447275e-01
3.859872831211824673e-02
-7.966976824504772015e-02
5.702110023580897469e-01
-4.598165670881872863e-02
1.527449284132403103e-03
8.478912895230532321e-02
-4.612570865484864613e-01
-5.198370001610995716e-01
1.168888654975599045e-01
-6.065572071748995819e-01
5.116657501986014989e-01
-1.853504097765103775e-01
-2.193328750173964004e-01
-3.153598743063397158e-01
5.498609145668573728e-01
-2.027703046459800873e-01
2.245089590182788170e-02
-5.276284539624372938e-01
-6.232451804589788091e-01
4.734089251129655063e-01
1.310055079015846613e-01
7.183371923538843795e-01
4.235896818756726412e-02
-1.496334436312346805e-01
-1.490237360836559359e-03
-4.953616257097550601e-01
-5.007932255289383461e-01
-1.329061380351698185e-01
9.772970050552535204e-01
-6.123592201373341259e-01
4.939481343886428788e-01
4.797977869121402422e-02
-1.415425036367880807e-01
-1.175117527794763556e-01
5.442677864418178357e-01
4.129790661879832459e-01
2.610154266752586980e-02
-4.687057740694950958e-01
-5.480971380505363921e-01
3.669138206027057758e-01
-4.563035670927864107e-01
-1.020677061520789963e-01
-5.253514166442240646e-02
-2.111182789369022705e-01
-4.021770907337424844e-02
-7.394819033062008939e-01
-3.927816989851000695e-01
-5.201141970291103811e-02
-3.491537870072864425e-01
4.133298222167686720e-01
7.115286557607842788e-01
-1.140751076185409774e-01
-2.319770331467155278e-01
-2.987891059502566504e-01
-1.655773568788911354e-01
5.237311264787840315e-02
9.585754060590998549e-01
3.913479741257646083e-01
1.207336434558447941e-01
-4.703033189078719145e-01
-6.713414260733419070e-01
4.707353314150213852e-01
8.341955445085022514e-02
9.700996945654578874e-02
2.120254894046727234e-01
-2.346972630970581841e-01
-4.539678722171588965e-02
-6.699547304147955573e-02
-4.398885253466728318e-01
-2.630107297690858492e-01
-2.037191517597366219e-01
9.584998143010151628e-01
-4.492172342561712717e-01
4.663795463330864810e-01
-2.190002909181271162e-01
-1.152484399173920593e-01
-5.493787999889826468e-01
3.951265329749961142e-01
-3.669195125082831688e-02
-5.542906150687961636e-02
-5.279450592667866982e-01
-5.902604674058432588e-01
5.021404740453518922e-01
1.343548502444477655e-01
-2.848609946857435515e-01
-3.659580551403318616e-01
2.688638720419748301e-02
-5.490610069085154477e-01
-8.020415127019884238e-01
5.103737825228164132e-02
9.485989364530179602e-01
-5.750643773468382403e-01
2.965118675575218465e-01
1.887681120503032772e-01
-2.076840436445093474e-01
-3.487134555926891810e-01
-2.360155120817268026e-01
5.146282955866401387e-01
4.663000190943512591e-01
3.567125779002687791e-01
6.799832427447666250e-02
-6.541562467907352518e-01
-6.693858222684734294e-01
4.964958367458927047e-01
-7.910232504839384560e-02
4.800143159251395696e-03
4.626585388270585963e-01
-2.092975151941240120e-01
-1.814963627604609386e-01
-6.466058296082310974e-01
-4.549117302664186235e-01
-3.094188994199001397e-01
-6.013161411798375600e-01
-6.835004223167725490e-01
2.946932684245794909e-01
3.094730603057476714e-01
1.692882490423285868e-01
-1.357538336588354211e-01
-3.830804196486602420e-01
2.994859723707570809e-01
9.601536400197160370e-01
-4.172066100407382239e-01
-1.507085720347773328e-01
-5.349419295412953801e-01
-7.403258868873398013e-01
5.482293660543484659e-01
1.980210126037300622e-01
-2.650507325039834754e-03
3.428786157592364492e-01
-3.874852040281145937e-01
-3.244276076848796042e-01
-4.759967452839778540e-02
-7.782936746641402337e-01
-6.162468188547778336e-01
-5.523039038138312096e-01
-7.695092617580909788e-01
2.378005514764428563e-01
-2.724359872357909329e-02
-9.961459328125357726e-02
3.046039369284008619e-02
-4.832775770655399206e-01
4.534872909251072559e-01
4.730342839891847340e-01
-7.315327417672963517e-02
-5.655762031197654194e-01
-6.185880813752805407e-01
5.114619709937047176e-01
4.412732255913118795e-01
-6.527926016038940182e-02
3.265880525980536242e-01
-2.282363486842598488e-01
-3.204481256718712534e-01
-3.766387290486211681e-01
-6.118550320349710470e-01
-7.958236835503357254e-01
-2.879526488801212314e-01
-2.924230031777127481e-01
4.346661668033132697e-01
-1.462111675596241070e-02
-1.228891916190602424e-01
-3.003819434426516222e-01
-1.611504255946665798e-01
7.094306078913419356e-01
7.865962713275092000e-01
3.143213633687779174e-01
-3.861652363363660828e-02
-4.701895251347191773e-01
-5.369597108856974943e-01
4.509030933903790395e-01
1.271263334449815492e-02
3.788212043525492900e-01
-1.864487554368940148e-01
-6.249465718895531874e-02
-2.442823624320524245e-01
-5.291410981813619019e-01
-5.527343855141719775e-01
-7.048025613733666095e-01
-4.004958455633870207e-01
4.421621245718506676e-01
-1.367838214659823359e-01
-2.303116184571111502e-01
-4.444994379492274161e-01
5.647737416443230352e-01
6.303859895046224349e-01
1.492474592368146259e-02
-6.204985317690616675e-01
-4.741286512215449611e-01
3.858340623771216449e-01
2.451136243033024548e-02
2.828476149386352848e-02
3.784722868662926398e-01
-4.176032579971726832e-01
-4.586655336116889359e-01
-4.859374379227723306e-01
-7.071435194677293534e-01
2.635733486412672466e-01
-3.187177375400782608e-01
7.015214600724464233e-01
7.446459780303053833e-02
-1.692263915857923351e-01
1.386543528528104974e-01
-1.289105267151195167e-01
-1.359504306069949375e-01
3.347082719540545037e-01
9.669661663079981428e-01
1.921053010057933719e-01
1.622931175665913717e-01
-3.754947272841622219e-01
-6.006928212897145736e-01
4.527366434467522960e-01
-3.640842266676433958e-01
5.996357097692173871e-02
5.443506802401578692e-01
1.739038125582078043e-01
3.110387931517671345e-01
3.390259999187682921e-02
-6.760195402024032907e-02
-3.860632330038046151e-02
-6.554835304242797589e-01
-5.783226080047190187e-01
1.979968555742962211e-01
9.955192362602567346e-01
-4.630029382901110213e-01
7.827242995643959311e-01
4.455642796021117014e-02
-2.583925700189059205e-01
-3.745430953248306272e-02
-5.466780340135353189e-01
-3.145226418308131322e-01
2.803134700329260598e-01
-7.409211449383541481e-01
-1.150035923150670991e-01
-6.829591350110841841e-01
-5.370839253901448229e-01
4.598052562583461178e-01
-4.632976100022628829e-01
8.402829606682150898e-02
5.565443995812399125e-01
-8.312922749183695448e-01
2.871150823833279464e-01
5.167833456221743171e-01
-2.160366026791807892e-01
3.471606266356647152e-02
-5.358592553159385874e-01
-4.852622223815512004e-01
-5.945810680235747991e-01
-5.463761358462775330e-01
-1.388985019667283299e-02
4.459032100840103485e-01
-1.131478085193552557e-01
-2.712399704625348962e-01
-1.477573597136060679e-01
2.143671024043583007e-01
5.541026565087562306e-01
5.339259440593622369e-02
-4.809288413971205545e-01
-5.385076850969856554e-01
5.065378003787296413e-01
-1.243656074371019341e-02
-1.434990013382230443e-02
3.567431107782815247e-01
-2.686765489362609172e-01
-1.596146809238315478e-01
-4.564258623236753243e-01
-4.588554693162536502e-01
-6.073450489709401046e-01
-3.340622800749576404e-01
4.998013711961730166e-01
-1.812701632687275799e-01
8.582668577787390396e-02
-1.894290847174723291e-01
-2.587407799133561448e-01
4.553791060883576325e-01
-2.871292813988444714e-01
1.136181665508667095e-02
-3.223924939985369220e-01
-7.244517399099588140e-01
5.492970394643169607e-01
1.252108939090014472e-01
4.868659709283713055e-01
-3.945130366663551214e-01
3.327597126038143310e-02
-8.133215949829906144e-01
-6.262001703825432752e-01
-8.724484985939754411e-01
-1.468289377500752169e-01
-6.971437347638868021e-01
4.448928746062012496e-01
1.118523218803379321e-01
1.740161276043658903e-03
-9.212864969848962027e-02
-1.090148167993474498e-01
-4.647759736658605423e-01
-2.299524916878040726e-01
1.758318066485112519e-01
8.132135819677852595e-01
2.251116142361604493e-04
-4.874916744362584597e-01
-5.937963405725993349e-01
4.952077921707001007e-01
1.626662968546744724e-05
1.892793385951792307e-01
-1.221205955412608957e-01
-1.043800527699958597e-01
-5.404605880140976870e-01
-6.056909483580316111e-01
-2.237957751640770043e-01
-8.980705950776367297e-02
-6.877392506515346282e-01
4.566819526337855262e-01
-1.824112288211578170e-01
1.040540443477302596e-01
-5.250060083336569594e-01
-5.388268787083083655e-01
-2.375221913375436811e-01
4.714233641035491251e-01
-3.076286835163380418e-02
5.198076165542318827e-02
-4.699166611108396840e-01
4.896860083434617650e-01
-8.677080863140429479e-01
1.395505612725290168e-01
4.799080451803923730e-01
-9.245975254072183458e-02
-2.842242819396924580e-01
-4.660993611817038640e-01
-2.174385092506710970e-01
6.906716382682467903e-02
-3.726299474459747740e-01
2.508217753445132758e-01
6.567030194512836205e-01
1.941718392150633410e-01
-5.398777244789835228e-01
-4.342186667251071719e-01
6.899615002552332566e-02
6.878719504493775450e-01
9.374358355249576835e-01
4.831031457091232162e-01
2.915346304726741666e-02
-4.536962437867593789e-01
-5.072173368523659187e-01
2.938456901172677993e-01
-6.495391662682108158e-02
1.634866978191733267e-02
9.098270552026437030e-02
-2.161972029852633481e-01
-6.932578353792052672e-01
-5.156679549996252554e-01
6.591428517798585129e-02
-5.368391857838394898e-01
5.333401224241511862e-01
-6.725951748655621676e-02
1.479086588755931797e-01
-4.854941222565437586e-01
-3.248551896055685284e-01
-6.835991697186276188e-04
3.272807959395754307e-01
-5.971847500604433590e-01
2.180959808951574153e-02
-5.565743025070477579e-01
-6.485307330093337264e-01
5.021352619997517808e-01
8.923167374438463473e-02
1.968980484748140414e-01
-1.738256904856688989e-01
-2.321780377598088585e-01
-8.045584962328380385e-01
-5.126730457723404077e-01
-6.838844827522494452e-01
8.663029703130237236e-03
-4.355000551885933047e-01
4.871292358690636481e-01
4.289267286719928296e-01
-1.365821945617363420e-01
-2.499397980193303337e-01
-1.722247136224843711e-01
5.269616115403111811e-01
9.228328592123459240e-01
-1.468012496273672640e-01
2.774765528643901875e-03
-5.383217225202111544e-01
-5.791594130037703847e-01
4.926793442402988554e-01
1.295877522416245264e-01
6.403405613338791769e-02
-2.059368666704046447e-01
-1.447376143626220579e-01
-7.086228262058757998e-01
-6.337048643302489737e-01
-2.901155751465714916e-01
-5.494207612503082538e-01
-5.090510891129452764e-01
6.118316384466864211e-01
1.699108247230372293e-01
2.355791014125460381e-01
-1.189713710264542479e-01
-1.743096072785945416e-01
5.208632850663348357e-01
9.314854771606251305e-01
-1.146208652928848437e-02
2.507277024431511965e-03
-4.600622453901050957e-01
3.876090780050928664e-01
8.806973049374040852e-02
1.329603978217367144e-01
3.481767731641319807e-01
-1.761334163794012753e-01
-1.922396389512456560e-01
-6.636899426290182591e-01
-3.590185403265294117e-01
-1.419567233043540488e-01
-7.557737655119958209e-01
2.302178122734608867e-01
-2.014358985373103927e-01
-9.605529590891766223e-02
-2.722908617709590140e-01
8.367752977325109143e-01
8.863399488953763727e-01
6.271144603883727076e-01
8.615927834450781697e-02
-5.487395941390029730e-01
-6.684549058984549097e-01
4.261519825772904224e-01
-7.485853544492804268e-02
4.096076714042127392e-02
-2.337799691686975878e-01
-1.373650890381097334e-01
-2.756092336869322978e-01
-6.467518300713421819e-01
-7.036843462793059834e-01
2.134199562740762834e-01
-6.167761648835640154e-01
4.766155972909266181e-01
1.491822489861485690e-02
-4.050103227614375578e-01
7.992437553651630111e-01
9.123967001441944669e-02
3.325785451598275294e-02
-5.891164682787642937e-01
-5.511189029165218800e-01
5.144679085462471324e-01
8.416631810324491647e-02
-4.214910499726858273e-01
-1.277362246995641382e-01
-5.492031065040146043e-01
-6.641895195725017187e-01
-3.763052278220765934e-01
-5.346724309475419101e-01
-4.378785985704961581e-01
4.517002174883795740e-01
7.935323872076170959e-01
-1.861284124441864862e-01
-1.474929414370026726e-01
-5.370768612313330248e-01
9.308469286068973281e-01
9.258179995960102993e-01
1.234818192804132686e-01
4.266506096768842016e-02
-9.684326993228925540e-01
-6.147536540437593677e-01
4.196368866212805138e-01
6.644091079084844809e-02
-6.402586163182358847e-01
8.445152301533845329e-02
-3.344906410603212810e-01
1.353536044919143554e-02
-1.852363686999757841e-01
-6.231075619667080234e-01
-4.777526713979636797e-01
-6.537249548245021025e-01
-3.858106129513003690e-01
7.442044189296339596e-01
-1.184164380006406808e-01
-2.594114845288595372e-01
-1.385841411969612469e-01
-4.308629477081331038e-01
8.280272003616547805e-01
5.902237827790942637e-01
4.986073130356102889e-02
-5.542610166903029212e-01
-4.757437678395973757e-01
4.340757009538405153e-01
5.204430198565321852e-01
5.336783490121985857e-02
-5.398050531574614119e-01
4.226646835983071532e-02
-6.030603989380458607e-01
-5.540887910131629956e-01
-2.292649651061176297e-01
-3.984589412115402407e-01
4.786972789166107356e-01
4.850425168487273453e-01
-7.050354216705646826e-02
-2.951003079190699929e-01
-5.673437948034585482e-02
-3.518040616806815124e-01
7.539006484581731726e-01
-2.302602629919443256e-01
-1.034448888545689595e-02
-4.152359197324769213e-01
-6.109349880316525816e-01
4.840966991247513396e-01
-2.349705961515546199e-02
8.578800502311247078e-02
-3.810536980819654862e-01
-1.038822206325027732e-02
-6.814032598908459359e-01
-6.421484103784618203e-01
-8.681253783821651915e-01
-1.235250849687954088e-02
-5.591642116104522664e-01
5.000340248148322786e-01
-1.994267507604910797e-02
-1.040246714247895776e-01
-1.861306083091231189e-01
-5.285151542633552690e-01
-2.666835548360079189e-01
6.978249048811208111e-01
9.867768453126024575e-01
5.055995968740105706e-01
-1.233580183836036417e-02
-5.741194349625931004e-01
-6.022445579932144133e-01
4.625450925800987378e-01
5.879954186938473049e-01
8.884852006619067821e-02
-5.562544322528495400e-01
7.892921186764714769e-02
-4.604322720713668882e-01
-7.407096315291467059e-01
-4.140264155043340555e-01
-2.745795548982349898e-01
4.547288472147476557e-01
-2.479292449886773553e-01
2.766406269431691545e-01
7.173016476822218213e-01
-7.534528953773782511e-01
-3.865195246323809702e-02
-5.518449593367125150e-01
-4.317330578624402060e-01
5.916100029079447431e-01
1.198981506328752056e-01
-1.220128878043074683e-01
-5.515917853117461300e-01
1.088251043343543556e-01
1.855933051797899191e-02
-4.666621378532126441e-01
-5.989548230166451548e-01
-5.528211556212501154e-01
-2.084278981776728767e-01
3.336715810239569979e-01
-3.669680931688518166e-02
-9.359835956601893214e-02
-5.151117959272622643e-02
-4.267918776712454898e-01
9.066746856571012980e-01
-2.473309298856481708e-01
2.194020957889158269e-02
-4.623772182004204367e-01
-4.772325636482694922e-01
3.690396128993250757e-01
4.991368535948039198e-01
-4.916751648679424432e-04
-9.750310501345753333e-02
-3.068503511352315902e-02
-1.753764557031489424e-01
-6.801408134030945130e-01
-3.395341539835673994e-01
-3.978788742704466586e-01
-3.995448487271687776e-01
3.584114449882084830e-01
5.801144624177938941e-02
-1.169411018519701945e-01
-1.814653778223626335e-01
-7.058934686242469558e-01
-2.811050263169267982e-01
8.391264755611311799e-01
6.874790419092702276e-02
-3.948348585633356528e-02
-5.923962521845502760e-01
-5.358116526448294392e-01
4.383920057989516006e-01
7.524548317555249666e-01
5.857404320097520101e-02
-3.093084270690926174e-01
-6.142586252152370391e-02
-2.259670781688744301e-01
-7.306996091108736158e-01
-2.782536948952371025e-01
-3.025173679765370549e-01
-5.179662278885485138e-01
4.954965011512200146e-01
3.314741128183164021e-01
8.048003360838200393e-02
-2.785967984065649272e-01
1.205886674717474710e-02
8.190741998817681058e-01
9.671628743015581176e-01
-3.259125858020647248e-01
4.445402532981031912e-02
-4.528206546593885329e-01
-6.506696138614473934e-01
4.295486430530916500e-01
4.572961365397774647e-01
4.390266066939890049e-02
-2.728078680307396420e-01
-1.025262610714008649e-01
-1.716165055387778096e-02
-5.871671082620590898e-01
-2.532000845845873704e-01
-3.867389454768097035e-01
-6.481005139739638432e-01
3.441412188820697771e-01
5.645899585170605084e-02
2.090282798591417690e-01
-6.750755408785959720e-03
-2.399367067187280905e-02
9.484063945635086146e-01
9.283299313632380478e-01
-2.759311846776410504e-01
-7.897046850932534778e-02
-5.996212200301093143e-01
-5.820874628795515981e-01
4.520204718008986600e-01
1.140302084226047785e-01
1.163392612924233210e-01
-3.382592589226280921e-01
-1.881261884821902597e-01
-3.702624186503050696e-01
-4.043721154002984375e-01
-7.565528471987064130e-01
-1.149167585569571548e-01
-5.194018443474677227e-01
4.541743864595739200e-01
-9.997668926808996048e-02
-1.588303600970297769e-01
-6.245758718682793420e-01
-2.166876730338644086e-01
8.081842950344807486e-01
-8.575778160181955767e-02
-6.521901423898625316e-02
-3.774635995954585543e-01
-5.700412016367618628e-01
4.753400647871807161e-01
1.444656584735189153e-01
3.970380169222547107e-01
-2.425856343669197945e-01
-3.874827726510708756e-03
-6.576784797261483462e-01
-3.316825841904380012e-01
-3.044614562676306591e-01
3.873565619855084963e-02
-2.315654522856632203e-01
4.540829305376850034e-01
-5.957462667066026202e-02
-1.218675069787917564e-01
-1.161561000122047910e-01
-3.916920116039139810e-01
8.270280085350736332e-01
8.918996569576038702e-01
6.867559346293611311e-01
3.483786237746638176e-02
-5.582754906655735816e-01
-7.035006635548063381e-01
5.579861346668676392e-01
-8.740199917882764125e-02
-1.308411775907387768e-02
-2.443367576430646448e-01
-4.396533471533354415e-02
-6.536568111398581848e-01
-7.243838793968020440e-01
-6.707438054921717185e-01
-2.960274327312002463e-01
-4.692931680617902779e-01
3.252339541568575187e-01
2.386033889762436203e-02
-2.132628681398590631e-01
8.469269231210886650e-02
-4.886229138023786556e-01
-1.882760712410027903e-01
8.455268793126838878e-01
-5.731514991447436008e-02
8.422915908193000234e-02
-6.122796177901056458e-01
-5.076866657161649421e-01
5.421389344244379460e-01
4.377055311989636044e-01
9.144624434476439356e-02
-2.433723257167817455e-01
-2.247210834600622039e-03
-8.364166893173137218e-01
-6.554608212603235673e-01
-9.778290178957793621e-01
-1.717284883743966720e-02
-5.666932702868204830e-01
4.479538785784292210e-01
2.909624011766928642e-01
4.044638453011321910e-02
-4.747021735818216653e-02
-1.876657880069018680e-01
-5.814401016903252006e-02
8.390907497718965713e-01
-4.529879275206099010e-01
-4.236196258431598749e-02
-3.944015493354049440e-01
-5.960096295829844237e-01
5.104712963699793438e-01
2.206801810232066341e-01
2.396289998067058780e-01
-4.137313511230886753e-01
-7.224971400958377088e-02
-5.926895440888747535e-01
-6.032089609235388172e-01
-6.317057736019967562e-01
4.360512805134392211e-01
-8.777084123223782841e-01
3.184867758452935571e-01
4.438190751396613454e-01
1.262662392570408354e-01
1.209721422140275227e-01
2.331360050410624940e-01
7.722489882379836024e-01
4.094534663743109038e-01
-1.932589045136258177e-01
-4.789415100186895091e-01
-4.944189084173438720e-01
4.115051761631739469e-01
7.912687125540325550e-02
5.084612870705108589e-01
-4.149583180425803208e-02
-4.489500737122815166e-01
-1.673264630872678960e-01
-5.538935842714050040e-01
-5.893689233691040696e-01
-5.952687536430112392e-01
-1.916131799973292416e-01
-5.465029551566256139e-01
-9.648878236435745603e-02
4.095217519596711965e-03
3.357354783425694350e-02
8.648238926515868785e-01
9.652361940292142339e-01
2.993546163752453526e-01
2.663799614534697116e-02
-5.015117673631718231e-01
-6.440763683663049965e-01
4.693615199764257784e-01
6.517595837002886430e-03
1.587630288031023351e-01
2.574619877892689868e-01
-2.886460447776362792e-01
-9.821966210479000925e-02
-7.251292045549591059e-01
-6.831926610176515258e-01
-4.465389818476133144e-01
-5.865480388785065946e-01
9.273300647942046837e-02
-5.291651446184830743e-01
4.311702044129342437e-01
-1.646623268177237753e-01
1.044870568786797904e-01
-1.738985327360690891e-01
1.712130642123878277e-02
5.889329204957624020e-01
7.112976562093825672e-02
8.252132119539216937e-02
-6.178300071382816228e-01
-3.453635534708075494e-01
4.780557727657014366e-01
7.218028061661889427e-02
1.812534135347855513e-01
-2.204413218008999253e-01
3.661359994897548514e-02
-6.089730508966162414e-01
-7.067663790530238632e-01
-2.719381362326678264e-01
-5.762311372261252895e-01
1.809422898681732061e-01
1.105907809883820841e-01
-7.543803387744835165e-02
-5.104044968596624376e-02
7.109043911176868846e-01
9.354710800163670292e-01
-1.823272634862948827e-01
5.676181948232859181e-02
-5.768403673832978029e-01
-5.771270370635823710e-01
3.489153548190248033e-01
1.273635619312497858e-01
1.941450390487175492e-01
-3.524881857290576015e-01
-1.249382099430703108e-01
-8.270163814668344271e-01
-4.538325900328333273e-01
-9.296094520966131647e-01
-3.566114949909129916e-01
-5.021962695567289137e-01
4.638322460992314045e-01
-2.175919606252544047e-01
1.311234637048273033e-01
6.691841642190519135e-01
1.067900542627069904e-01
-1.682463469106745546e-01
-4.407775198798045135e-01
-4.388442277929803237e-01
5.273415620964037043e-01
-1.675008666181973527e-01
2.206728953790871028e-01
4.298184229505045417e-01
-1.665487080958794053e-01
-6.118556344866598468e-02
-7.187089316633934466e-01
-5.566970315122449220e-01
6.562594786597172880e-02
-7.900149946204655382e-01
6.617123878530408732e-01
-6.554029585978725370e-02
6.516718315259874272e-02
-1.608634471388664944e-01
-5.122209503071080139e-01
5.994154930631799827e-01
2.454000051880874667e-01
3.819278232886530455e-02
-4.424130349354820080e-01
-6.172877870210994322e-01
4.280381441420785249e-01
3.522615745381880992e-02
4.527280305861731136e-01
-1.967300462491837834e-02
-3.086877509328805336e-01
-4.148133174939621498e-02
-7.599175199784972135e-01
-7.162352203261856953e-01
-2.773033458466722667e-01
8.311567454718549186e-02
-5.318292759674522197e-01
4.608232958765379750e-01
-1.825005899663721398e-01
7.097074620836350822e-02
-5.877159529202801158e-01
9.227270176251022304e-01
-2.898407229176088173e-01
3.279170328716635857e-02
-5.160549257810439494e-01
-5.556135586798631731e-01
3.403898261091961586e-01
-2.427293788712603720e-02
5.249162329764940349e-01
8.600783094351963087e-02
-2.788319600981608581e-01
1.659125975776358508e-01
-2.656006664304932929e-01
-4.848913489649290254e-01
-5.399135511287931344e-01
5.241681961029562298e-02
-5.690837928725840378e-01
6.328103650763118315e-01
1.066360506217540749e-01
1.081848460367660775e-01
-1.988691096081672272e-01
-1.423815607130105299e-01
-1.873517655672762849e-02
8.840951167142359068e-01
3.266739390157971656e-01
-5.544986495189170583e-02
-5.463774568624922834e-01
-6.001169727313880875e-01
4.914994764934575433e-01
1.034073593128539137e-01
3.421159318825928164e-02
-3.014995577270681570e-01
-8.586807706051778795e-04
-1.012665720179674461e-01
-5.878307861419237446e-01
-6.286989517832759500e-01
-2.672596926426312400e-02
-4.984864986088729522e-01
4.828788762300978421e-01
6.091936485301282372e-02
1.336786641268600251e-01
-1.150049401799664583e-01
-4.868068625441775987e-01
8.413139656066294103e-01
9.783592741398112747e-01
2.569600281903218209e-01
-9.676880323031414322e-02
-6.348244191584095919e-01
-6.090245826197133727e-01
4.995876324251413148e-01
5.622032394848180958e-02
1.852462317924386814e-01
3.649729022441621229e-01
-3.142449245250144574e-01
-1.822913951390740459e-02
5.821578281362866925e-01
-6.344202290030451774e-01
-3.861710795264681195e-01
-2.217409087353375274e-01
-5.353782992666317186e-01
7.050043435864133956e-01
1.551430672134782862e-01
9.982831228817495850e-02
-1.010384687426009315e-01
8.993667304353283320e-01
2.550350085700221758e-02
-4.498711527129810143e-03
-4.147184657487927861e-01
-5.108400437939293326e-01
5.343785060106642781e-01
5.472907319968631917e-02
-1.939940848346393548e-02
1.832904535007463531e-01
-3.742075897575914412e-01
-1.480181595847658016e-01
-1.959794911423964892e-01
-6.784526193435643782e-01
-6.757015234940570991e-01
-5.658361118716188215e-02
-2.209800700043309252e-01
8.073373304358720803e-01
-2.898696408552676740e-01
-2.424529869537916937e-01
2.512082949926424530e-02
-2.681768483790913371e-01
7.603533205901487069e-01
1.886056411243667019e-01
1.230973802966073560e-01
-4.763740411134120278e-01
-5.508730537988506537e-01
5.112541216651702580e-01
1.276666031139282176e-01
-3.921507638088179148e-01
-3.878256915993797543e-02
-5.592346579754622349e-01
-3.532527047230439310e-01
2.914342467432519054e-02
-6.365355805269043432e-02
8.303089278716556665e-01
1.418624515177505929e-01
-3.868534402532364802e-01
8.160747182038279313e-01
-3.757013155102120194e-01
1.131679857874916609e-02
-4.395730068167923443e-01
-5.060670488601369810e-01
4.037247597723018777e-01
6.904786020194667029e-02
5.522033179667634739e-01
8.404471400605224851e-02
4.845951754554376767e-01
-1.986404961226136134e-01
-1.387502309823711311e-01
-6.176489138700461679e-01
-4.353240366479777523e-01
4.557237807730253332e-01
-4.329571940706669064e-01
4.026712917957334659e-01
8.130463524885648274e-01
-1.909590990727808458e-03
7.632770519241217910e-02
-4.690064396766948640e-01
2.523475965364680579e-02
6.262395548338683948e-01
-2.548899669436963666e-01
6.499081989531467485e-02
-4.576380218444460191e-01
-6.068279454799726524e-01
4.092548271178637620e-01
5.965206911849890714e-02
5.484582819930590158e-01
-3.386878104337354145e-01
-4.546526859191647035e-02
-6.626917987936838950e-01
-6.648307533149799831e-01
5.178370714571360889e-01
-5.953837570743967245e-01
8.182701610325853192e-01
1.452331468967151540e-01
-9.797206984058934309e-02
-1.695068353822502538e-01
-2.684668904824196178e-01
8.017239544420619035e-01
-3.678098596628572858e-01
-3.260527634317655910e-02
-5.144595054958998048e-01
-5.389395400840314432e-01
3.541746183304346207e-01
-1.735096027040231720e-02
-3.448519247467410342e-01
3.955865154887844987e-02
2.932637584410049403e-01
-4.216000219262523441e-01
-5.506926783347891874e-01
1.707570695214999379e-01
-3.631900089066988913e-01
8.369011469196121489e-01
3.216723601114715447e-01
-1.969714603399206621e-01
-6.611263781080026214e-02
-2.084846511979303596e-01
9.840094025385347221e-02
8.225157790861746809e-01
-1.221674553416972064e-01
4.939027157289533308e-03
-4.305368626892028261e-01
-6.572542329730903798e-01
5.224631908380605871e-01
-1.189994209811779877e-02
3.961982988832492558e-01
1.701098849651531686e-01
5.222525659534456022e-01
-1.032795627936034244e-01
-3.207554493496662246e-02
-4.622644678461362844e-01
-5.005246496430730829e-01
-1.767506246167906414e-01
-1.294281600063476589e-01
3.294481455511205081e-01
-1.230181952193101641e-01
-1.281283155375228522e-01
4.011663520679257799e-01
8.756138584607823239e-01
8.435121122746646050e-01
7.188259939648708463e-02
-4.525854534271239044e-02
-5.256587687388412089e-01
-6.077858426008692083e-01
4.089488493269820557e-01
1.835574519724928744e-01
5.936565258636417042e-01
1.056519693077137279e-01
-1.648554247104671855e-01
1.338393087008350225e-02
-9.216076703452115437e-02
-5.090575996295200190e-01
-4.508907875033715262e-01
-2.839065526935753980e-01
-9.842021732762105957e-02
1.517721896894640154e-01
6.261415070025655449e-01
2.016385653706179448e-01
1.426961879036274805e-01
1.186958519669089468e-01
2.469947552635134158e-01
7.261047745138067278e-01
6.638812112577470170e-01
-1.044511224040814250e-02
-5.859229475180534052e-01
-5.860243641766317291e-01
4.077941761277477650e-01
7.707430734953888418e-01
-4.732490846807806129e-02
4.579795912155286142e-01
-3.863252199735610626e-01
-1.286503570030799182e-01
-6.110142103091731336e-01
-5.630207995480626115e-01
1.440841350658873116e-02
-5.625197049101575697e-01
2.672360575284843387e-01
8.280549111254391637e-01
-2.017037209814691312e-01
1.597796659454077117e-01
-1.185701479037755413e-01
-2.741834890358401111e-01
5.558642747729696243e-01
-2.466955857128861479e-02
-6.538633201877823431e-02
2.266947016735637241e-02
-2.450356952778661446e-01
-6.288189433294630870e-01
5.628342380160451519e-01
-4.402922194702387632e-02
-2.312125460305060609e-01
2.872169628268127911e-02
-5.845361388011340864e-01
-3.133261989797057612e-01
-2.246920133831809274e-01
-5.493210480020106479e-01
3.715669499861801173e-01
7.819621641421168334e-01
-1.114136256638796341e-01
-1.708279909428873089e-01
-2.083178363647858189e-01
2.856536385482943974e-02
3.867735261549127279e-01
-1.658223215101893855e-01
-1.618210928862537368e-02
-5.822196951641679386e-01
-5.115770493429850907e-01
5.091683252394378911e-01
9.341637738053600731e-03
8.189691757270721462e-02
-1.773717137812389488e-01
-1.480126728630228594e-01
-1.425503759075988364e-01
-4.559953331297233459e-01
-4.705932962816321008e-01
-3.761581387102992668e-02
-6.200981576051799449e-01
4.462576163511285943e-01
8.033489288225390546e-01
7.041490868341154785e-02
2.011039394947670700e-01
-1.121756623702559186e-01
-4.593657584581386510e-01
-5.266986777667738776e-03
5.903293319968083708e-01
8.122708302653207646e-01
-5.952393049740122705e-02
-4.457738432898002978e-01
-7.387648768798995569e-01
3.763240706707113858e-01
5.955057436043525304e-02
4.034897379466396150e-01
1.645162086527275080e-01
-3.040692380237043912e-01
-1.446101752638389581e-01
1.595607609152310535e-01
-6.165898530276485712e-01
-7.107575566461776795e-01
-3.324985873151839466e-01
9.977084890692138330e-01
-5.786740601596176425e-01
7.661610777081528934e-01
2.245379795111683841e-01
1.174882410859976467e-01
-1.030159860001657463e-01
3.469953956936084882e-01
4.916717485966407009e-01
5.212287014892026671e-02
-4.087160138992362857e-01
-4.909844298289550157e-01
4.851152493149693545e-01
-3.120672257265387495e-03
-5.955310711862715767e-01
6.279732115072736431e-02
-2.236013556828431725e-01
-1.110858421179630462e-01
-1.444257946900558698e-01
-5.513763235425351850e-01
-4.053683814095753180e-01
-5.039614482954412472e-02
-4.692406790321965726e-01
4.573226569611876791e-01
7.044590924311898705e-01
-2.646572307660786105e-01
9.250414640314542913e-02
-1.620100937175283640e-01
5.567904115771417084e-01
-5.658232697492986407e-01
2.444097821402098011e-02
-5.049118980900731968e-01
-4.871147959451690435e-01
6.511035988660696106e-01
4.944795877846686061e-02
-6.381445642412286734e-02
-2.535491578534082024e-01
5.126889474765144311e-02
1.413154765598517160e-01
-4.787832829744397278e-01
-6.669496120540127082e-01
3.908877598414477877e-02
-4.806411922944152648e-01
7.090437937768290233e-01
8.032376993443321673e-04
-1.912227692366516851e-01
3.136643041541713889e-02
3.793549521619378750e-01
9.451316998449645901e-01
4.293652071257961916e-02
1.813894529163426542e-02
-4.805379611938558893e-01
-5.086662229776983679e-01
5.704961556843294312e-01
1.425777000617821366e-01
5.999010308753377485e-01
-1.438680766953342460e-01
-1.977527199041360373e-01
2.003657422190242010e-01
4.226883493565009586e-01
-6.975431528211849530e-01
-4.862456589683606945e-01
-2.193268894867442254e-01
-8.567171936906254892e-01
8.030510597017689323e-01
7.041927346091000905e-02
1.846350474149087428e-01
1.796846790069476230e-01
-1.276943260940895941e-01
9.338269662658946757e-01
-1.689785972795720681e-01
3.305549098145470210e-02
-4.397838732933840866e-01
-6.074978749272463840e-01
5.230864992405338532e-01
7.871550164341628575e-02
3.751572379021242964e-01
-3.149612490389342434e-01
5.024899824575594642e-02
-5.705666405446407907e-01
-8.549477251777490849e-01
-5.203174072935776717e-01
-2.830958257081942486e-01
3.623267961341490317e-01
7.766433347293499878e-01
-1.594086989545266952e-01
-1.205089155431303405e-01
-4.334036895661067534e-01
7.349182127642133189e-01
9.446759743637189732e-01
2.840231694122339334e-01
-4.716412208481523399e-02
-2.949674135580324652e-01
-4.972147435600573484e-01
6.463358911782031146e-01
1.203004634421176305e-01
9.824674244763034747e-02
-1.038159624888779081e-01
4.668448118361800264e-02
-6.598062568415749007e-01
-1.740595405073214752e-01
-3.899120800613182780e-01
-4.664949408517728990e-01
6.856052033862757300e-01
-1.120147952540280316e-02
2.083840329244635303e-01
-1.307512970917849154e-02
-3.738785848357056296e-01
-1.035819558483425107e-01
7.748203474536354829e-01
6.293366367915605858e-03
1.964809352218800653e-02
-3.866725738965354209e-01
-5.605303450491683215e-01
4.345236361812286896e-01
-1.936996566741548131e-01
5.828676938157144605e-01
-1.319918941242916900e-02
-1.490169671498729753e-01
-3.749412269707729228e-01
-2.751381642216659817e-01
1.729848403991339767e-01
-5.256114165696536000e-01
-6.952065159360403257e-01
2.367237236891708563e-01
-5.912498798041541104e-01
4.998598047408265854e-01
8.134755291605367811e-01
1.179935350825490753e-01
7.587140096724846738e-02
4.257675979129345312e-02
-6.217162939308928937e-01
4.857400097393594907e-01
-1.007770159527419662e-01
4.152335337736224458e-02
-4.291031979009035102e-01
-5.307884598565504319e-01
5.137316100255736595e-01
-1.785936387077878551e-01
-2.121968686222845679e-02
-3.016006055054045176e-01
-9.488432416804190583e-02
-4.336094184706957289e-01
-7.338348047058225188e-01
-1.990250757079607968e-01
-5.043889994421282275e-01
8.461554146525211983e-01
3.267288992230853867e-02
-2.339211795642077429e-01
9.949185921792520482e-01
2.701870787529213613e-01
-9.234038440039663009e-02
-2.979830587839770173e-01
-5.335239658034960364e-01
5.192438479103026472e-01
6.879215596973389801e-02
6.611483877964099455e-03
-2.046182660575826817e-01
-9.404855392827365934e-02
-5.448685275137991058e-01
-5.467260485123107694e-01
9.997246566375694865e-02
-5.583545794299989984e-01
7.532937238030250615e-01
-5.298122361531728414e-02
-4.115055878786756383e-01
-8.134209370667287720e-02
-3.815856474055263625e-01
-6.687087574555393432e-02
-6.545912673700645668e-01
-8.393439994922198555e-02
5.836962494058927503e-02
-2.877027353425948841e-01
-6.241746737319352478e-01
3.609355321681691486e-01
1.203117415998354589e-02
5.530798233182304680e-01
-1.256988168059604109e-02
5.713217548246645183e-01
-2.011147009379209427e-01
-4.833792270839859517e-02
2.143733976440892475e-01
-6.380262651416969133e-01
-6.410418942847533330e-01
-4.359873720243368500e-01
-7.985170017670398801e-01
7.453602937939565187e-01
-1.347881861330275377e-01
1.467345695421439812e-02
4.187062108941595751e-02
-3.041433991565551387e-01
-8.691260526858604618e-02
5.947522418403835553e-01
4.965076734470054709e-01
5.934952706818370088e-02
-3.507320613373687279e-01
-4.412828713477578435e-01
5.592777732203754182e-01
8.343734869827177381e-01
-9.565650690387221544e-02
-3.181546664212784314e-01
-1.557082422972630269e-02
7.940743681352624428e-02
-4.400829034839823795e-01
-6.686419560553700236e-01
1.176648667276224136e-01
9.529942205175381265e-01
-6.946497507776757674e-01
8.290583048947268718e-01
1.020068973109881927e-02
1.367366520578045253e-01
7.898955563579088818e-03
-7.385499587716084502e-01
-3.180266355897496400e-01
9.276923352516239785e-01
8.765652563826147048e-02
-8.614857289905043791e-02
-3.351545317604776586e-01
-6.122178028827979235e-01
4.992988909601839831e-01
7.149854316759689243e-02
7.843065494691103812e-01
1.539336039615809559e-01
-3.805181858906276360e-01
-1.221503546939309466e-02
-3.520486529567941614e-01
-4.144906467927906846e-01
-6.041401322680021169e-01
-8.183749302181742014e-02
2.270401037109369066e-02
6.843435311512898744e-01
1.941023918118028879e-01
1.970823191116831963e-01
-1.907393440326973222e-01
-2.823668077287522782e-01
-2.052878370796644980e-01
5.039438241598125368e-01
9.941594219120081233e-01
8.369140525691899368e-01
-2.205500095683418996e-02
-2.275992095416198013e-01
-4.693672068275756004e-01
6.657703848056040208e-01
2.121168089224646225e-01
6.273799833647254465e-01
3.186860445159989813e-02
-1.793412355743873587e-01
6.902182449007732146e-02
3.538963029340895794e-01
-4.237738425628557182e-01
-5.402953079480922183e-01
-9.703036284957336499e-02
-2.622750343254638405e-01
3.800109254202713172e-01
7.436411546511250137e-01
8.356647999724656217e-02
-2.555098862495256418e-01
1.224450879003715215e-01
-4.269042649189527805e-01
-9.478966158747016701e-02
6.879812984907606177e-01
3.043768614106369119e-01
-1.328464113986893395e-02
-2.989935612966287959e-01
-5.901930105255975834e-01
3.057478993880633489e-01
8.466410895349164578e-01
6.936412240058774381e-02
-1.760534272375545162e-01
-5.051093072468285268e-03
9.794847422691019267e-02
-5.043677763737112185e-01
-5.687683400562282277e-01
9.401487091560911669e-02
-3.740726282954644488e-01
9.011077112506504783e-01
4.733247373727610596e-04
6.893899717972171159e-02
-3.075585963198944617e-01
4.948372124855885401e-01
9.655015902176501408e-01
5.164314596135703983e-01
2.199580948143296452e-02
-4.764095870787809495e-01
-6.945752023656266427e-01
5.771581345590479639e-01
-7.739558727541688554e-02
7.851120166493705810e-01
3.243136884217432542e-02
-2.705050820931252931e-01
-2.338897425912394856e-01
-3.651456769568042771e-01
-5.833988580831570570e-01
-2.164225574612648750e-01
-4.998986057292142959e-01
5.098893236129626860e-01
6.215292149433524482e-01
-2.545569580115933928e-01
-1.640662470026028885e-01
-6.296954065481530360e-01
-2.527425586710028149e-01
2.676599893539547970e-01
-1.105368469310412799e-01
-2.897071625558393475e-03
-3.958902365127607292e-01
-7.112841226501565028e-01
5.693847427981449938e-01
6.388555333056790408e-02
7.596426622530814132e-01
2.939603790575069653e-02
-1.984609434098959513e-01
1.083206689492629410e-01
-2.209000054306273220e-01
-6.750490653252656514e-01
-4.673053182058314325e-01
-2.609802836121120628e-01
-4.392505429278568130e-01
4.604856148444884112e-01
-5.790831916596876627e-02
1.653466617945981709e-01
-3.394230360596708351e-01
-7.175263122648944947e-01
3.732979760630263932e-01
7.030570892584609988e-01
9.571610982692765335e-01
-4.058474639376410259e-02
-5.189659464724178939e-01
-7.160759501481701594e-01
4.545389222253847228e-01
-7.848501378060487865e-02
6.317559916107607920e-01
1.043457929572342013e-01
-3.970873950691037324e-01
1.613945714604501230e-02
-2.426192976445047111e-01
-5.999561832621117530e-01
-8.421215244223205776e-01
1.088332075596288966e-02
-4.679473697806581511e-01
7.650366620756763325e-01
-1.764693336537192722e-02
1.921561520960765879e-01
-1.042033555744395629e-01
-5.044623135799710667e-01
-4.536981446604756441e-01
2.954889155044113092e-01
9.619648490843448752e-01
1.851179016195960980e-01
8.463908891595954553e-02
-6.063435815036470888e-01
1.851730969054932174e-01
5.936259026896660573e-02
6.738982520787648589e-01
1.835991714220209237e-01
-2.479822868754401610e-01
-1.379650318964884548e-01
-8.019688132993682550e-02
-5.933301259190776333e-01
-3.266904182513954980e-01
-3.030685773297430163e-01
-6.081593509263989450e-01
3.445782929695465069e-01
7.046946803176201701e-01
-6.226717365614507088e-02
-1.735908717069160057e-01
-2.597073054133844927e-01
-4.694178421093053721e-01
-2.323467632892525503e-01
3.413320325694987889e-01
3.111389999414329588e-01
4.496234185516898019e-02
-3.027990320271880531e-01
-4.803005068084933993e-01
4.582422973985087467e-01
-8.338218622348647635e-02
1.069914408383186161e-01
4.033836129236045842e-01
-1.560287597961274031e-01
1.536289285848840402e-03
-5.600194189117377874e-01
-3.369972425182689579e-01
-5.457246034799585477e-01
-7.078578123809207145e-01
8.005357388437952526e-01
-1.801748074208186223e-01
-1.905100717720134840e-01
-1.606274136481963266e-01
5.396604058345900734e-01
7.316243730743947626e-01
1.662726323229092931e-02
-4.940043596094484957e-01
-5.738807523915372411e-01
4.498313815814690142e-01
2.022512127575967419e-02
6.360561654187113501e-01
7.261002822177567428e-02
-2.568025252850683060e-01
7.393894996113871410e-02
-3.463890921003400236e-01
-6.139646909705993583e-01
-5.701156518377050730e-01
-3.413900370927631656e-01
9.693781031871838705e-01
-5.471794418289704920e-01
4.042897720134045469e-01
8.110095585318894962e-01
-5.752981317012636348e-02
-1.671801093282448136e-01
-1.967436365211257254e-01
-3.853043242036907623e-01
1.542313172010514044e-01
7.974868629693427913e-01
6.039386772087126376e-01
-7.197900197426788937e-02
-5.215211720834365128e-01
-5.271890878088730803e-01
4.955469190958970982e-01
1.407737628026469179e-01
2.069693260195348272e-01
-5.081612858528803400e-01
9.809644458539458489e-02
-4.820499312022719085e-01
-4.442197069021228129e-01
-1.792681258913084164e-01
-1.369436221109933127e-01
3.769583823360155295e-01
7.522842951420238844e-01
2.039920927561103547e-01
-2.173655621669736970e-01
-5.915919719823670153e-01
-3.057116337879037249e-01
5.821668848357444137e-01
8.680753943110195436e-01
6.893340791834281500e-01
-6.431853868803939778e-02
-5.066652894879392077e-01
-6.933094283339806818e-01
6.837588871256350398e-01
-2.968494773652754354e-02
5.889554637081388933e-01
3.872717122478773477e-02
3.195580156130815030e-01
-2.497884969948056810e-01
-6.036879288382451803e-02
2.253298536358017135e-01
-5.402893900386841475e-01
-6.929070979159860366e-01
-4.650113323547138133e-01
-5.724830266708202942e-01
2.515095220710441559e-01
7.367342952036459724e-01
-1.265924239955953101e-01
-5.567256898797775383e-02
-1.240212699884919029e-01
-4.848632073610788518e-01
4.840408752738492026e-01
8.509167344082303464e-01
-4.358842417544376291e-01
-6.727618931694823168e-03
-3.456640278917804121e-01
-4.596131520361083633e-01
5.460788272289529566e-01
-1.298539121876290259e-05
6.818244907536109567e-01
1.577237590380113630e-01
-2.144929031246727014e-01
1.246427844873729124e-01
2.052322813097320897e-01
-5.152698635507139135e-01
-5.866789802257391662e-01
1.458931328094187074e-01
-3.626273653642821948e-01
3.878555985054654154e-01
8.309688153519370069e-01
8.477693749950954150e-02
-2.609426593143056583e-01
-2.013219778828662376e-01
4.702225309009617771e-01
9.712340908333750855e-01
-1.745678298552594820e-01
-3.990644994690259462e-02
-2.372752145126180434e-01
-5.977636871678830843e-01
5.787271112020507813e-01
1.819852097462757445e-01
2.845726067664605674e-01
4.025348652781909342e-01
-2.041325562076018174e-01
-6.613969549697044925e-02
-5.194943766719426481e-01
-2.411240578938114443e-01
-3.203701105060335896e-02
-5.088656088254369658e-01
2.256267155190758711e-01
7.940489616980993537e-01
-1.559495590391158371e-01
-2.137842831224333329e-01
6.896254766932943259e-01
9.226688405401964888e-01
4.872655335524729292e-01
4.545102992769758411e-03
-5.822799106461333807e-01
-6.453352093156196068e-01
5.916448828037517149e-01
3.962265160886710436e-01
1.114012655245092409e-01
3.758254075604726685e-01
-2.024068999916678324e-01
-7.956216303854776739e-03
-7.203855386823929119e-02
-5.355719808247385583e-01
-3.869139705019323389e-02
9.682297421927167358e-01
-1.747755153727507671e-01
3.087866433178566017e-01
8.150902638571988490e-01
-2.517636855292397502e-02
6.184102104938842687e-02
1.314363156739119798e-01
1.015981219659981005e-01
7.164199668170161406e-01
8.218428043344763179e-01
-5.357798540342031401e-01
8.401655783494360596e-02
-3.872533938200513615e-01
-4.155137393531871948e-01
4.439542063201135091e-01
6.658625718905895885e-02
5.095416276121240984e-02
-3.109106392896843207e-01
9.266581106298191900e-03
1.974047958752484233e-01
-5.900290718242156007e-01
-8.060974711559332206e-01
2.183847083855413873e-01
-5.537012618705384748e-01
8.303717782076206477e-01
1.152453266767423240e-01
-2.813534336636573374e-01
1.494074222315015105e-03
-2.726115084020270807e-01
8.756197964560634706e-01
9.298978358411105205e-01
-1.159295326082528110e-01
-9.132150710871043964e-02
-4.802685431512078162e-01
-6.133870879003606724e-01
3.550885984681044216e-01
3.319055839106582056e-02
-3.558084422124332957e-01
-1.767966221199183119e-01
-6.615757709513063745e-01
-9.461195004793353514e-01
-1.696873406883054880e-01
9.116897526094811521e-01
-4.241386273457209977e-01
8.598980448901505369e-01
1.800310342730598312e-01
-1.174329978381966760e-02
-3.394743250511121913e-01
3.136146694786968725e-01
9.729631952390100924e-01
-1.889457012279743275e-01
1.190145508145563392e-02
-4.438789401034263227e-01
-6.448657370955144241e-01
4.911352740023067764e-01
-4.339025975375983279e-02
3.261696795571055602e-02
4.068964284510503959e-01
-1.506408201832878657e-01
-6.690018601161736023e-02
1.513605642186740263e-01
-6.208624384648241401e-01
-6.356289606657281599e-01
-1.555514464909104055e-01
-4.487978669955710598e-01
5.930867211850010534e-02
7.576957284810761362e-01
-2.098850351416199356e-01
-2.010162819074522156e-01
-1.176216496956279250e-01
2.939044146314190864e-01
7.237084965333206998e-01
3.440029103442899805e-01
-5.986505403940624997e-02
-5.943403879302998627e-01
-4.960215336179837342e-01
4.389528376176708435e-01
6.560498480226241262e-03
-1.318436223608749069e-01
3.353270026498795797e-01
-3.096358502447303929e-01
1.140054344972797479e-01
-9.090710559478140107e-01
-5.075810590525352550e-01
-3.300117492300950750e-01
-2.539364829830714765e-01
-1.829381400714758799e-01
3.477509125366458620e-01
8.017442107865647705e-01
5.586578519961130779e-02
-3.210033032732161756e-02
-3.325543900745016046e-01
-2.921273689603481327e-01
-4.238453505350846945e-02
-5.010757357701945969e-01
-6.903510810457886837e-01
5.241466047997500599e-01
5.172734115246407222e-02
6.377198162761503752e-01
2.462154501810335516e-01
2.782343270812120961e-01
-4.018637687889092813e-01
2.329280560015056789e-02
-6.248667261657190330e-01
-3.876797512115530142e-01
1.376906554572342005e-02
9.903512424841384165e-01
-3.105942418256762982e-01
8.341830723217930066e-01
-2.239845339594062346e-01
2.267848479751044255e-01
-1.484886760613012835e-01
5.956476843042681768e-01
3.410332392932887702e-01
5.487501805697445750e-02
-5.752762694398526611e-01
-3.590454707698386150e-01
4.349888616641988115e-01
-8.148929527260317940e-02
3.758397006765291648e-01
1.581045660938481257e-01
4.544409075587231839e-01
-4.389805984278112305e-01
-8.799653439903122598e-02
-7.252822954473963080e-01
-4.482512362491391511e-01
-6.676537231965624652e-01
-2.622875926955567372e-01
8.469758335575270358e-01
3.113658978496860463e-01
-1.630919327605030722e-01
-1.570866450378651802e-01
7.931051599957220088e-02
3.045284712307585462e-01
9.680154167252174036e-01
2.147131989123508833e-02
2.282918174031453584e-02
-4.668213924463379683e-01
-5.351610735336925773e-01
5.633975323429870619e-01
-1.468907554220029166e-01
5.642868712343981907e-02
5.272489325715342678e-01
-3.735474492907373545e-01
1.623800293619804824e-01
-1.988842040030297798e-01
-5.511781695851831753e-01
-7.121186257302712930e-01
-6.609646979358831942e-01
-4.879250678182862622e-01
1.388710018039943650e-01
7.787762523589671915e-01
1.439281501803010288e-01
-1.913809505848638737e-01
-1.108246524084338103e-01
-2.086748395351357699e-01
9.317856886475038847e-01
1.392574133073368192e-01
2.694109204893322014e-03
-5.523267570136072280e-01
-4.658266676573925569e-01
4.986943738491224076e-01
6.738613870969600850e-02
-2.107255445395007573e-02
-2.913772873343761227e-01
4.925152776780285235e-02
-6.106142930020440618e-01
-6.178407605763063248e-01
-6.837327211067846244e-01
-4.502912530113781925e-02
-3.885478940487258059e-01
3.665386470129691765e-01
7.096340319469864877e-01
2.586274752922518849e-01
-2.293188844002392313e-01
-2.291203942335384713e-01
4.406641232154770993e-01
9.258403545586846306e-01
-8.545103556561109426e-02
1.052846038567933074e-01
-4.566429246237349582e-01
-5.058629918124002423e-01
4.753791572318534775e-01
-6.367186329328540506e-02
2.297751181946890847e-02
-2.394448006543819507e-01
1.812854870535116070e-01
-4.864512653276096277e-01
-6.716829723741478686e-01
-1.874782453420810180e-01
-3.015509419063227559e-01
7.798026781702462884e-01
-3.429345636003847675e-01
1.968402303196822578e-01
-2.611888433764754103e-01
-7.106312922477341365e-01
3.704449062842884444e-01
7.423221028758664186e-01
-2.319921194818586607e-01
-3.043485771522019736e-04
-4.742969549315244060e-01
-3.542365342552225016e-01
3.652422938858312929e-01
-5.363238282882063640e-02
-3.014226742994778260e-02
-3.639191970788592523e-02
3.023264894865230687e-02
-5.238456211935244022e-01
-6.605279305423662484e-01
-4.237378887928444082e-01
3.430522965912205513e-01
9.131332129852074431e-01
-4.990345662630706891e-01
8.091159765595585807e-01
9.665790085752215544e-02
1.189543221370066572e-01
-3.762072552882276266e-01
4.251870302413361391e-01
9.604142674278175473e-01
-9.470609508793140230e-02
1.829454966310805134e-02
-6.092614755978164043e-01
-4.845432012608528183e-01
4.999268954151826483e-01
3.844303427429638376e-01
1.576683657991979626e-01
-3.410048676381980948e-01
-8.774317065012780803e-02
-6.199225103875773968e-01
-2.602906919029810417e-01
6.381455229894641978e-02
9.409565577670151448e-01
-3.518909724163670205e-01
4.251203697225595657e-01
7.806738498958928352e-01
-1.520697952504884154e-01
3.868016167134321519e-04
-3.267326848460845867e-01
-1.098728608687899247e-02
4.302068877528650859e-01
9.822315726570761685e-01
8.136033569518233977e-01
1.095497134321763433e-01
-5.159138424877963702e-01
-6.020845987218128581e-01
4.684123825090237281e-01
3.577510740304694625e-01
-2.477234885234164824e-02
5.232649269974292139e-01
1.439768280501714515e-01
-3.416213582429168949e-01
-1.421806608196048705e-01
-7.540149098283793760e-01
-4.395897278209899284e-01
-5.034599808992415992e-01
1.237113803866584510e-01
-1.877599703893610694e-01
3.286578137228415852e-01
7.639889379429207761e-01
8.864238929141647627e-02
-2.581507741259118638e-01
-1.150027253854267600e-01
-4.500844948804500478e-01
4.577869898084120925e-01
1.238139859988289376e-01
6.085071291227810153e-02
-4.042177973680551872e-01
-4.995220430781543430e-01
4.720453069118346057e-01
4.196555529880888202e-01
-2.576677529344283402e-01
9.410818083356174008e-03
-2.700088685203846373e-01
-1.560106600230219132e-01
-4.041239303999891730e-01
-4.063802088884853059e-01
1.640916112757154766e-01
-4.831582395603095104e-01
8.561199628802120820e-01
1.116195895546560068e-01
-1.614211302654021407e-01
8.067010132104727171e-01
1.646337418423185761e-01
-1.881314975247528123e-02
-7.057781221032698449e-01
-5.111817989481224345e-01
3.461717978974497290e-01
1.505948025593018269e-01
3.202818604895601440e-01
1.948854186680442635e-01
6.760823334116610184e-01
-1.803027302300285462e-01
-3.308572043799603429e-02
-7.017777019684822148e-01
-6.021376370273899825e-01
-5.876400887242768656e-01
4.327213993578421514e-02
8.880344258244308175e-01
-1.992251017568993365e-01
7.505363113401843922e-01
-2.588156777904962111e-02
-1.740110090031743786e-02
-1.512251802739804363e-01
-6.464301745300934932e-02
-9.538129472969124334e-02
6.519034313674338943e-01
9.654768535503169824e-01
-1.684179627517582711e-01
-2.248378096581584579e-02
-3.577454031089156161e-01
-6.149773186283089554e-01
4.304962649124961516e-01
9.833359995318798064e-02
1.713672852146456427e-01
-2.545240251301583156e-01
2.814158037523236192e-02
-2.059758545499902616e-01
-5.457716600409441288e-01
-5.237902090783929099e-01
-1.254831455544974661e-01
7.931849115561016017e-01
-1.935608053984808619e-01
-1.428621408905665358e-01
-1.102521417638256673e-01
-4.188699489708842538e-01
-3.050909040712927456e-01
3.552921076917826548e-01
9.775317516965309483e-01
-1.934887091161598127e-01
1.621633655304712332e-02
-4.288032601594210513e-01
-4.590553401363933750e-01
5.754850431994127380e-01
-4.555623347270225387e-02
3.656779473206014930e-01
-1.314952670525590117e-01
-1.462687179744059374e-01
-8.644305060175317967e-01
4.919010292245965671e-02
-2.755822248157251964e-01
-1.763613679503923670e-01
1.066295835699160033e-01
8.201099820061663603e-01
-1.036653942215978036e-01
2.849731825850825850e-01
-4.331887914276491558e-01
-2.523285822361475139e-01
-1.660798018513225394e-01
5.750488461672499385e-01
8.602326553827277511e-01
3.184658899151145139e-02
-5.299885609955618665e-02
-3.815744268272079909e-01
-5.747404987468685000e-01
5.925890795913247855e-01
1.740711916848316498e-01
2.604203737086648041e-02
-3.224358780219523934e-01
-1.244902529003905495e-01
-5.359930966117939510e-01
-1.209547973526056558e-01
-1.647044386163606378e-01
-3.580729721401684079e-02
-2.567045376622129060e-01
7.880360774275760871e-01
-6.074458382892153341e-03
-1.347175263347033247e-01
-1.932024462814210808e-01
-5.875552038928271159e-01
-1.540036550241564162e-01
7.236331959645236900e-01
8.154405058933906769e-01
-7.272744592460035629e-02
-5.489314510218763765e-02
-2.894831313525216276e-01
-7.021688094766748156e-01
4.394138382614374283e-01
5.723979014027732320e-02
1.039329700300279657e-01
-4.738707232538075242e-01
1.042539986044950795e-01
-4.426886248776222832e-01
-1.389093448369648973e-02
-4.920125377551510804e-01
1.455403878308785155e-02
-7.043291807038256636e-01
6.794708996500751219e-01
1.327249455796492561e-01
-5.245815961647989217e-02
-4.146415690707321300e-01
3.430065558584514951e-02
2.338033871549748954e-01
7.727860652564081390e-01
-2.483703820687616359e-01
-1.472276580357697803e-02
-4.449722965637756822e-01
-6.571054858435982915e-01
4.399534910989805758e-01
6.031528292282943848e-01
1.081971405597547259e-01
4.300524111341527678e-01
-3.472691992140672368e-01
-3.314556915000053776e-03
-1.684003297285598666e-01
-8.364359498642818247e-01
-2.443126579042888824e-01
8.708501260344536643e-01
4.400161866293721830e-02
8.033078281506281781e-01
1.242447604330944033e-01
-2.840349834907202609e-01
-1.160575847206925526e-01
-3.419578682321655072e-01
-2.983555610352079945e-01
5.757146734134171995e-01
7.135322016818907986e-01
5.746713096615442273e-01
2.073255778162575585e-02
-5.359470741484611001e-01
-5.916885414689546652e-01
5.071249467316251147e-01
6.288926278365923883e-01
-2.491654423891882450e-02
-3.613335756780258756e-01
6.363770280738476059e-02
-6.297590487714407326e-01
-6.323562829158476672e-01
-6.905819217930601051e-01
3.224415309716970324e-01
9.650720130601126989e-01
-4.792009074462305618e-01
7.782944961045817900e-01
-1.667194659741176033e-01
7.885101339201835979e-02
-1.803514849642787743e-01
-2.118278816062161840e-01
-7.948754548079388360e-02
6.091071900332891698e-01
1.061985562013679774e-01
1.085591071173802775e-02
-5.371134431108158802e-01
-6.010439909829878857e-01
4.931132279479286673e-01
1.075092713025516539e-01
5.783947283795314309e-01
-4.110115058791944942e-01
4.759209551591752491e-02
-2.289648255654196107e-01
-2.800012363176900276e-01
-6.095535668005679364e-01
2.184360677398521425e-02
9.085779028711480354e-01
-1.369546641750403193e-01
8.136111816402233909e-01
9.140568266606413639e-02
-4.711291578687640258e-02
-2.256022236022424965e-01
3.628776182792139426e-01
8.667532336264045512e-01
2.204146747930940398e-01
2.238953935074020352e-01
-8.377599854165125592e-02
-3.498727020935480381e-01
-6.003376367560334659e-01
5.696247061221855201e-01
1.784216836639278825e-01
-2.050505061606902879e-01
-5.343440501451583724e-02
-3.586384821108126730e-01
-6.232057879615403584e-01
-7.253681820372999134e-01
-2.339772072187741858e-01
9.571711821872236348e-01
-2.186447150600810962e-01
9.233734601630931849e-01
-1.293761017471781460e-01
-7.525012444832236691e-02
-5.125010012573243401e-01
2.402202588127240190e-01
9.258861546352885608e-01
4.113406362047394849e-01
8.141526249383575220e-02
-5.581624123692492390e-01
-6.570326828734568414e-01
5.042085846493836732e-01
-4.173616623635059697e-02
3.059233184946786310e-01
3.988260574028607564e-01
-3.275593643895411966e-01
-4.472044743100882236e-02
9.745623667525762923e-02
-4.780524745125435127e-01
-2.787456487450731824e-01
9.276637248294047899e-02
9.417978307642159708e-01
-2.812484150640012226e-01
7.836879938704310877e-01
5.607883559313611710e-02
2.488475808719979865e-01
-1.005060790390156222e-01
-6.627932249773612616e-01
-3.504355659910523557e-01
2.441741114658552148e-01
9.961641083190150292e-01
4.571233008125050179e-01
3.666546690546527987e-02
-4.588914175160292985e-01
-5.745586877599069275e-01
3.444296813906371213e-01
9.629618633469774758e-02
5.164479609923365855e-01
-1.245445263723623554e-02
5.309824537429584934e-01
-2.616897376610658466e-01
-2.254877041295453854e-01
-4.092405342134926571e-01
-7.184690559992072956e-01
-3.939891177790034726e-01
3.797377838191838828e-01
-5.501037151227476940e-01
1.046924905818992849e-02
8.370853359732233212e-01
5.652987996843964608e-02
1.343364801150656596e-01
-2.485900792899344014e-01
-1.611876079559309283e-01
4.745774083092980655e-01
-1.990626569024683129e-02
-3.947782449131686522e-01
-5.335923895079024426e-01
4.650239476167573605e-01
2.974660230514345957e-02
7.058842291793518964e-01
-9.983585093010738376e-02
-4.978677401730511876e-01
-2.242095736787114990e-01
-1.292146060419607778e-01
-4.372538231590578084e-01
-5.598441657055884813e-01
1.318139088589367902e-01
9.227555710313070092e-01
-6.054010300062355743e-01
3.791418369604754313e-01
7.387970445962054322e-01
7.387642734080895890e-02
8.925453986064650624e-02
-7.625536340205049668e-02
4.681256815836657426e-01
8.502739226798993188e-01
4.382973143557933882e-01
-4.157576765082392906e-02
-4.292414452351763221e-01
-7.083203085689598888e-01
5.527788264465972601e-01
-2.425672047906796483e-02
5.762214125715244828e-01
-4.609168494459667809e-01
-1.476005394414352419e-02
-6.359642491404012832e-01
-5.947480337193868927e-01
2.190161467502743375e-01
-5.051535920584366846e-01
8.780579568932685985e-01
-1.814752777521806137e-01
-2.876191159522019092e-01
-5.092696648554611016e-01
-1.724614454082166737e-01
2.654164186728773522e-01
5.534534399496686685e-01
8.938394129875121275e-02
-4.915083954570451108e-01
-5.878828369529766062e-01
5.065430164417205061e-01
-4.689654829024985511e-02
2.599863114713321308e-02
-1.064991420394330729e-01
-2.738694675851344185e-01
-1.787061839421138776e-01
-5.441541429356383519e-01
-5.363265792205682558e-01
-4.394346637224864904e-02
-4.333561230831007305e-01
6.857098333826735503e-01
2.216483304002782040e-01
2.060636218780111384e-01
-3.710538430357566697e-01
4.747888587143923034e-01
8.099139475749010941e-01
5.734443366587250734e-01
-1.305849061527759696e-02
-5.271043524800570479e-01
-4.980635203703024927e-01
4.508058786360777948e-01
4.500560483629795216e-01
-2.144305003934648176e-03
1.392723574296729494e-01
-2.150214632659941116e-01
-2.810158190285243496e-01
-4.832039268844489088e-01
-4.114525907121054371e-01
1.177844751821216507e-01
-3.487609859316310179e-01
7.715869921454021618e-01
2.776781642876858039e-02
1.239767187113275937e-01
-1.664528041552097715e-01
-4.358264429168525605e-02
4.643766117355079825e-01
6.394522754554222699e-01
-9.733631308697043849e-02
-1.019353002878496395e-01
-6.510233674075738275e-01
-4.992392227769409385e-01
3.030308003905184955e-01
1.914296848660313258e-02
6.253503161962673529e-01
7.927410426679645794e-02
5.542541500175828251e-01
-3.694653703929449140e-01
-1.670947569067846861e-01
-5.955002467531500532e-01
-3.148978280997903889e-01
2.728801094884604206e-01
-4.310799071375565616e-01
7.891289603575724065e-01
1.093998601088174150e-01
2.609901248820148956e-01
-2.386625153391201959e-01
-8.025440171821176527e-01
8.221309359072338507e-01
6.280713732511574721e-01
6.864760637972368296e-02
-4.962299615347526283e-01
-6.736695689906604390e-01
4.330290156439677296e-01
6.975630390091961397e-01
2.056626766976122345e-01
-4.307650546854876472e-01
-1.101155020235449478e-01
-2.215102757615071069e-02
-6.187910614209312099e-01
-9.067156622041225855e-01
-8.739402698019784616e-03
9.838066633295328156e-01
-2.014423063636215094e-01
7.366633628023426805e-01
1.410805553544331181e-01
1.135662303533059303e-01
-2.823139294247895004e-01
-3.929174149479967570e-01
3.590507962509397744e-01
5.473725520523192722e-01
-5.890501443447567756e-04
-4.118192041747292809e-01
-6.095946956354182378e-01
4.442693071572604291e-01
1.682516482431674898e-01
4.086060993819705112e-01
-3.619165590598301396e-02
6.807172520627929879e-01
-4.213689254999808398e-01
-1.371728042908832434e-01
3.359185695462665322e-01
-6.425783356089732612e-01
-6.980884185906547357e-01
2.413987637865772085e-02
9.871091825498677919e-01
-7.343267172768914719e-01
8.081978148061682576e-01
5.451444749472697526e-02
-7.854507121152982940e-02
-2.771673910569121824e-01
-2.031808852838395685e-01
3.462620326263476933e-01
7.733319934260248774e-01
-2.078152695984474344e-02
-6.689065616062117581e-01
-5.933207808779340509e-01
5.075076980262835935e-01
-6.559943103895889138e-02
3.416757211437514985e-01
9.410261321295738945e-02
6.391757886264045618e-01
-4.308512086260409268e-01
-1.499625344931337645e-01
-4.756356796562786204e-01
-5.416462565322580636e-01
4.134145251106337571e-01
9.068079161624400530e-01
4.336473489913990342e-02
7.903917965557283321e-01
1.056131363184808769e-01
1.827330424188335078e-01
-3.822589075922154800e-01
4.227461892225632401e-01
5.633524784363822535e-01
-1.032606481874823040e-01
-4.853296681177568517e-01
-4.925630690626356945e-01
5.072718756964649245e-01
-3.050678437357195460e-01
4.180689393903085777e-02
6.034732009872271208e-01
2.918030980543273242e-02
-4.313979630042785729e-01
-3.373256987144794550e-02
-6.009395206509362541e-01
-3.094513461823955591e-01
1.381782637434263439e-01
-6.007186845046514900e-01
-1.150748573878450504e-01
8.610696160913090536e-01
3.177916275564019455e-01
-3.005049706858962666e-01
3.033339157992018253e-02
5.174322114879049694e-01
1.325186775606204161e-02
-5.669205170360890333e-01
-5.293080141055531707e-01
5.399459115741093163e-01
-1.014841409781520876e-01
4.215855863716725521e-02
5.469496002843289295e-01
-1.357099593317000752e-01
-3.266740374152993232e-01
-3.205869559548003012e-01
-6.646372987874037408e-01
-5.492210224500018168e-01
3.798534837437657075e-01
-8.645508073302325958e-01
6.993870149706489237e-01
-1.256249839285546177e-01
-1.600737070304303067e-01
-2.503225503613648595e-01
4.004854081964874524e-03
2.154483476611008530e-01
7.117109971273299918e-01
5.074075674392907603e-02
-3.419816778443985905e-01
-5.764741057614656272e-01
5.490313398424468971e-01
5.141355668665181788e-02
2.384387800787737821e-01
5.334421046335590111e-01
-2.722964730162078517e-01
-3.444321509378374668e-01
1.457879650733827637e-01
-5.446898779232659527e-01
-2.750403615019564874e-01
1.595232128033114982e-01
-4.964525359827082207e-01
6.374300570323164772e-01
8.560726838917515069e-02
-1.290479778974494840e-01
-1.678328471835994762e-01
-3.657548075807094956e-01
4.052164442242328635e-01
9.559974533851813838e-01
5.985830337420815495e-01
-6.711842313160828848e-03
-5.104530040105854649e-01
-4.511111395130048551e-01
6.064525902579034344e-01
5.977952689748115833e-02
2.149864950069096114e-01
5.304246454059328292e-02
-2.088791341515986166e-01
4.546067976997844595e-03
3.244333933311713963e-02
-5.727146857825349269e-01
-7.896525157174211218e-01
-1.032200287520713272e-01
-4.471042922787488716e-01
2.801887237538004949e-01
8.678432776741026311e-01
-1.057201586241003077e-01
-2.626038161866938170e-01
-3.056021298761260052e-01
3.766120951858258903e-01
7.147805145115116998e-01
4.302914188506164889e-02
-4.046289585416612544e-01
-6.859674800688004837e-01
4.137167366900697529e-01
8.675367625734904664e-02
-3.236061543857335354e-01
-1.867141224434009095e-01
-7.112193323814819390e-01
-6.707916904600004226e-01
2.363204909826050193e-01
-4.670621682861220147e-01
8.956911786270175257e-01
1.920295705854678514e-02
-2.236221341861319434e-01
-1.091557407689939529e-01
9.061003872655032376e-02
6.916397222845015458e-01
8.416534460982822916e-03
-4.629706826084904470e-01
-6.206775273687052952e-01
4.947837105876655150e-01
2.544333322922651131e-01
-7.849718090128829928e-01
4.280489288844765289e-02
-3.099109494242425350e-02
-6.239396653687784289e-01
-7.205130788344358272e-01
-2.269840803366333093e-01
-7.206013928745409469e-01
7.558544916639720057e-01
7.092247614685501245e-02
-2.069437908041045771e-01
-2.929940980253215588e-01
4.177692483642150290e-01
4.894361521212232669e-01
3.382847756924691612e-02
-5.442416505006917316e-01
-6.692303521398494937e-01
3.679891788870232050e-01
-4.801024079421933877e-01
3.595075595492965709e-02
5.485803582298515169e-01
-5.301977797391664859e-01
-2.959795884673110389e-01
-5.109715340623075530e-01
-5.040998755839877221e-01
-5.520645176227285678e-01
4.221419211154385509e-02
-3.936564067717381876e-01
7.895546886071385106e-01
2.293387230999529292e-01
-1.955742302700251012e-01
-5.059441236006132492e-01
3.637581511495208697e-01
4.993101771753306051e-01
1.014163743094331493e-01
-4.900731630013298590e-01
-5.825025647131163442e-01
5.358569131481693004e-01
1.671721565893915795e-01
1.682904446186906100e-01
6.110844459797741823e-01
-5.675478269897878958e-01
-2.122976488839701525e-01
-6.336318400593267119e-01
-3.306151724900532329e-01
-7.325766033644888209e-01
-8.923992409380258894e-02
9.465428693959000439e-01
-3.997119970378616438e-01
8.320901574158622305e-01
2.228606999467513394e-01
9.496088001971927928e-02
-1.432792976836667620e-01
1.991327207091888596e-01
9.242692252497983763e-01
6.422669265583865750e-01
1.706994681458143814e-01
-4.907067721944449179e-01
-6.290163849391006146e-01
6.151979256210006186e-01
4.512291090501684421e-01
1.338211707988249954e-01
5.948761953887121701e-01
-5.081069446177134408e-01
-8.925436085339094605e-02
-6.493230426594055471e-01
-5.243149222758914929e-01
-6.459009412589789001e-01
2.081219013009258725e-02
-2.470110619066039903e-01
7.362109416719562205e-01
1.521738379260814400e-01
-1.311565567540013411e-01
-1.882474328097664684e-01
1.310629877051047998e-01
5.387873860299016160e-01
4.015594647095793029e-02
-4.213131940444088119e-01
-6.121838240277154286e-01
5.522015891036218260e-01
7.752690159722468444e-01
-9.485130041100875431e-02
-5.905040106031393954e-01
-7.073951056196518816e-02
-4.010611955341756851e-01
-5.240267072638296053e-01
-8.471269772623795102e-01
-2.842577650588693494e-01
-3.678803589347264258e-01
1.727642537043202198e-01
7.803194193676645796e-01
6.300256434932589855e-02
-1.997159229303182293e-01
-1.841229424836240969e-01
3.615214959222505242e-01
6.844123275142699470e-01
-2.868882042678723432e-02
-6.704810345970176888e-01
-5.526038963882081712e-01
5.717512320911490864e-01
-1.101539092127897801e-01
6.273861328649009417e-02
5.300436550008271741e-01
-2.308372525529824859e-01
-2.215405218076283156e-01
-6.880813299694912288e-01
-6.361924135814879255e-01
-4.836502749928672240e-01
6.894553204170264515e-02
6.913656248596723453e-01
-2.032929875934285369e-01
2.476736635797126274e-01
7.893418722718836822e-01
-1.050523279174686991e-01
1.994227075275195604e-01
-4.731844052008154500e-01
-1.894117218451594198e-01
1.631039493291558395e-01
2.548052355655639478e-01
9.445301937393153491e-01
5.185445213040847934e-01
-1.658357464510252788e-01
-4.868720201275615889e-01
-5.251705202888776736e-01
5.367032478367876891e-01
1.602576312681786297e-01
6.384276749345086932e-01
1.141014142523368545e-02
7.248907795030423706e-01
-7.167384127038713970e-01
-2.150850244517522603e-01
-3.548164833568861476e-01
-5.101429822535931136e-01
-7.415080524788688621e-01
-3.151767426456378862e-01
-1.831168092721925378e-01
6.633651195723792027e-01
-1.468082312430931957e-01
1.567157676400885435e-01
-3.381247370551871967e-01
4.268479204477347855e-01
-1.401405754307192553e-01
-6.183028272997460606e-01
-3.563916362997784359e-01
4.776772117844334531e-01
-1.724625466213565717e-01
2.288454022120014336e-02
7.391297048405058856e-01
-1.788063211111008133e-01
6.541953469127201881e-01
-7.314379952094485215e-01
-2.572734754472248975e-01
-5.787417941001677946e-01
-6.631996668090167635e-01
-6.952760433771538739e-01
-2.746341577393868749e-01
-9.306534446873708788e-01
-6.801506679694695467e-01
7.795528352931335725e-01
1.719028594212293759e-01
-2.325683818229974664e-01
-1.865480304552277480e-01
-4.004668499164345530e-01
-1.484476049954046861e-01
4.460114787165930239e-01
-1.683885790755463088e-02
-5.629548612492261128e-01
-5.778784612309080249e-01
4.744817870526018000e-01
6.046855507054167411e-01
5.503472030356124783e-02
5.975086267426531483e-01
-5.420840316504849099e-01
-4.007397553235251819e-01
-5.319414814006238057e-01
-4.935899173749046520e-01
-7.635068533856599338e-01
-8.428625312952080229e-02
-9.127149454534870809e-01
-2.209737627780201108e-01
7.840841727329540545e-01
-8.278264586702825667e-02
-7.557043515397114664e-02
-2.995502279240215282e-01
3.516607741905396489e-01
9.728856925854822979e-01
3.060773880882335374e-01
-3.188342511288172476e-02
-3.213549822690075497e-01
-5.488376937441165060e-01
4.517271358201009335e-01
1.787615532021901155e-01
7.176951106437381434e-01
1.488320321728083158e-02
2.728536615875267191e-01
-7.496850431504296919e-02
-1.593245078873084530e-01
-5.992130102303504513e-01
-7.679779935238351118e-01
-6.080458858044570508e-02
-2.842317183044465456e-01
5.947455218934665222e-01
9.755178241946940720e-02
-4.624193129869417218e-01
3.039605759779470118e-01
9.984428159227263233e-01
7.324098447439428838e-01
6.262446170370218612e-02
-5.425044196933890284e-01
-5.927559686591352683e-01
4.387134787691037152e-01
3.633238700488832656e-02
2.912917194924080893e-03
6.888697845815175969e-01
-5.072553826624881523e-01
-1.212117754346202364e-01
1.655093081971083513e-01
-6.679776520824236563e-01
-6.293484569657566974e-01
-1.409595049704950864e-01
-3.355471433340614373e-01
6.994626493254663124e-01
1.258056126783460016e-01
1.521289620201982384e-01
-1.805658915598447323e-01
9.395363778078298644e-02
5.740831333192819574e-01
-3.668835419482135290e-02
-5.244801040431629202e-01
-6.100142735215113854e-01
5.064772266224218944e-01
8.159612692676232459e-01
-4.285797166809624525e-01
2.897376958895382659e-02
-1.924784714141686282e-01
-2.115074534464797262e-01
-9.925295252011713532e-02
-6.093506908321958404e-01
-8.154654185554575108e-01
-1.425828399623094433e-01
-9.573388199556258638e-01
-4.601566389218410547e-01
7.921520502832338773e-01
1.201632640270651892e-01
-1.334074596853934147e-01
-1.115785065481475630e-01
4.079043159431843257e-01
4.330403836576761645e-01
1.000907739315282791e-02
-4.424617350150488182e-01
-6.487034648799011594e-01
3.799400330025741179e-01
-2.333772209125662897e-02
3.078799791866765334e-02
4.247530718127232596e-01
-6.938535025218641739e-01
-6.520927887300301262e-02
4.102812288557003417e-01
-6.614784048807288430e-01
-5.904468122294460608e-01
-4.403273221807471605e-01
-6.529158881217390631e-01
7.141592409650851861e-03
7.951565317050510728e-01
8.336276689179640542e-02
2.122001797393285039e-01
-7.077304918541181544e-02
-4.344873335687114979e-01
3.740421715821867776e-01
1.023807005826832123e-01
4.360978813153261191e-01
1.010098714483139391e-02
-5.378476269946776966e-01
-5.902277377357060262e-01
4.266023508529731001e-01
-4.647396191386337638e-01
4.102744648252329429e-01
9.228669794240322577e-02
5.315817779138922727e-01
-5.599606067970511747e-01
-2.019008205229770869e-01
-8.547522294651348218e-02
-5.792823587517688111e-01
-8.578784112541452123e-01
-3.709526109790888260e-01
1.555556162724001934e-01
8.586520258831522590e-01
-1.779902536663272288e-03
-1.282607805258779432e-01
-3.042714900419125068e-01
5.900732489293464972e-02
3.798542934836268703e-01
2.860821519856012775e-03
-5.291815105438220090e-01
-6.988862727562857868e-01
2.915707382877313902e-01
3.880734287847036890e-01
6.933816471048445673e-02
6.089997519103761414e-01
-5.330938990798508859e-02
-4.410811831979660202e-01
-9.528522041619960636e-02
-4.902254794911571900e-01
-7.372350789024217921e-01
-2.007270999814980139e-01
7.742965745235490527e-01
-2.699407625501445973e-01
4.062621254583268504e-01
7.877198897347779116e-01
5.536717870323296098e-02
2.314218251659087844e-01
-2.871175231285235108e-01
3.658345657805768258e-01
4.342882039903788183e-01
-4.963235706219389087e-02
-5.831676019961202773e-01
-5.508862465227919447e-01
6.095626675672810579e-01
5.583490357084915923e-01
8.787163212795626177e-02
-4.559205055654062533e-01
-2.345434816697750946e-01
5.172247745172475764e-01
-7.022976132259358684e-01
-8.399835387411092036e-01
-2.080164820122400449e-01
-4.651657419821850770e-01
3.590204916469074137e-01
6.069025629908924024e-01
1.849930824667035678e-01
-1.671231062692909719e-01
-3.319349643993780852e-01
3.338397278463632323e-01
9.194088839042371397e-01
3.029200870901270215e-01
6.769162183445712189e-02
-5.142736854368559207e-01
-5.637691204759613939e-01
3.914173883227268780e-01
4.481372720974151347e-02
6.518656224246727193e-01
7.553511875365229167e-02
-6.688255587155206294e-01
1.404776827068372237e-02
-7.660019659607489317e-02
-7.093055582633825962e-01
-6.432352869336209755e-01
-1.131258368756965643e-01
7.216653480916155328e-01
-2.317702123032511219e-01
4.501984488002470641e-01
8.422166553417005375e-01
8.040404284204185487e-03
-2.145961904607556481e-01
-2.837627433630913187e-01
-3.203099999189374936e-01
4.164601596683987217e-01
4.175419875526474867e-01
9.516744076005274888e-02
-3.419227166985803756e-01
-6.272450216190502692e-01
4.344161934981297102e-01
3.699191176968797366e-03
-9.257996822174785825e-03
4.378547237102754508e-01
-5.898778566412133939e-01
-2.980759153346664858e-01
-1.227433487006620583e-01
-4.762107706684501895e-01
-9.930049617341399903e-01
3.213648579465035876e-02
-5.051663497494954802e-01
7.116517489372002903e-01
1.626176258094814975e-02
-1.262157089587284398e-01
9.719022669608534670e-02
2.471620265126422689e-01
9.909893804509195547e-01
5.257910078089697015e-01
-3.296771687205198031e-02
-4.032407784645338777e-01
-5.701212090500069607e-01
4.013954483959114583e-01
7.069877580121846083e-01
-1.487447259871432260e-02
6.092524403539234523e-01
-5.214074845733667196e-01
-2.401569228580405571e-02
3.135712256003542753e-01
-6.789070401580700187e-01
-6.985504966811825200e-01
-3.581577401252630799e-01
7.504104171654534250e-01
-5.017642153673601557e-01
8.140229676358409217e-01
-4.744530624154980059e-02
1.841970403715637306e-01
-1.220171749277542961e-01
2.913799949764609432e-01
3.659587250049698981e-01
4.658177135794170504e-02
-4.803380358228868108e-01
-5.119115446821311810e-01
4.553617562934807461e-01
4.321245589615192034e-02
6.610214441102987282e-01
-4.211652162348359513e-02
-5.191790344660999201e-01
-1.247968498518360336e-01
-5.752807925276094414e-01
-9.013320968538556244e-01
6.762213840619059335e-02
7.166124623593028709e-01
-8.173776787827085055e-01
7.081430947461637704e-01
-1.530553105552036608e-01
-2.918108106623784614e-01
-3.524160583460049789e-01
4.708178997032275159e-01
6.215002226048083056e-01
1.064486099232055810e-02
-6.548370295915861838e-01
-6.793523725657732992e-01
2.872148388266572150e-01
5.842147569869379081e-02
-2.132419575542669754e-02
4.910283518045500117e-01
-5.836108361819497548e-01
-9.605518301716889362e-02
9.470517262140580594e-02
-5.743359866675293857e-01
-6.986159900450542581e-01
-5.233956322863672628e-02
-5.549716363940111474e-01
4.946826017254325469e-01
7.115630596301473210e-01
7.590364749272122957e-02
-2.662746267058604954e-01
1.409141553336623609e-01
-7.098896580278435398e-01
-1.249822873790944200e-01
2.667078472351083751e-01
2.459023761889620185e-01
-9.721078722907653194e-03
-4.950227719698558349e-01
-5.886267338781262515e-01
7.304073384250848733e-01
-1.890104871849429546e-02
7.587461739811948713e-02
5.922653300020908063e-01
-5.422771988503705121e-01
-9.544671121581285722e-02
-1.590954346760081739e-02
-5.197442672963652477e-01
-7.740819893366028825e-01
-5.232116967513730232e-01
-8.615280990457192534e-01
2.338945308834314840e-01
8.011216165191608063e-01
8.601865377030548654e-02
-2.172278853467136950e-01
-3.501701154419434303e-02
8.606409824066316716e-01
4.306943842659662902e-01
-6.747764789816711184e-02
-3.980694589096370750e-01
-4.854153715368552668e-01
3.558121638899707229e-01
-3.750445023878985484e-01
-1.002893810842924865e-01
-4.964977439514007274e-01
-1.840009750435240010e-01
1.978699648585174331e-01
-6.124423520951312039e-01
-6.500429064070202267e-01
-5.209028128206389940e-01
-5.861133980269944699e-01
7.293345494341233470e-01
1.976326146283279295e-01
-1.929100293505802144e-01
1.277360193852506709e-01
3.403846072175153448e-01
8.515150603877786883e-01
3.903968694735330258e-01
1.947684008362789154e-02
-6.385701369991857446e-01
-5.105190762662901172e-01
4.381848910784630347e-01
3.532641657525934734e-03
8.890462032129453629e-01
-4.847557982895739914e-01
8.840627311866898486e-02
-4.702556495604936493e-01
-1.241245951259320329e-01
-4.375991509634450938e-01
-6.651639319580016085e-01
-3.952929111274693930e-01
-2.548987693986030229e-02
-6.421587217998170338e-01
7.942478509359000016e-01
-5.882871872926438706e-02
1.774932108932987251e-01
2.733871288197635141e-01
8.499104845802524233e-02
2.300869635396111685e-03
-5.708770866968940760e-01
-5.499279128031595576e-01
3.736680442410907355e-01
9.165587321972791524e-02
5.839901611579568774e-01
1.224214339863797241e-01
4.456363762925442673e-01
-6.426641089432187925e-01
-1.115118969703059876e-01
-1.419598307622424449e-01
-4.268488745309738097e-01
-6.729077631703432871e-01
-2.733921116118189221e-01
-5.663349095138521250e-01
7.318683281124911399e-01
-1.219044797566134763e-01
2.948342846157204003e-02
-2.831275095292281052e-01
-2.565875708652700093e-01
1.012226556092775814e-01
1.795787657053708464e-01
-3.507189935656089552e-02
-4.924088774724551532e-01
-6.209960215210437173e-01
4.247783787862802196e-01
2.673448576413093303e-01
6.171636747226778574e-01
1.463312944495798462e-01
5.635181192026977870e-01
-5.303921178609003473e-01
-1.819831350397507486e-01
8.069943426526073049e-02
-5.987119546142473103e-01
-9.275208915835274626e-01
-2.665947871086616350e-01
9.992892945878033562e-01
-5.642043995090995079e-01
8.240344203691424285e-01
2.391900715165930780e-01
-4.437562661795003971e-02
3.830112614572977470e-01
8.267336852190236840e-01
9.159331919163556102e-02
8.356962753991113713e-02
-5.164203481874817259e-01
-5.857136784072123348e-01
5.240674904134653422e-01
-8.243808068486140408e-03
7.764492033009622318e-01
-1.648011421369978760e-02
-4.820155034556157236e-01
-8.128896244310018782e-02
-1.757531740239186291e-02
-4.066964197614016951e-01
-7.480251320423580985e-01
2.070510023100976746e-02
-5.772247646402925980e-01
-3.576599032410102130e-01
4.701424112095087260e-01
-1.676487001203182392e-01
-2.222762621160945529e-01
1.440031485336945027e-01
9.813489168046179989e-01
-8.626014032628807893e-02
-9.550915201404439059e-02
-4.982956670979424851e-01
-4.579852420407805047e-01
5.212756482582405759e-01
-2.076338875214366608e-01
6.601255700118706660e-01
1.931377620703901565e-02
6.736857963891162981e-01
-5.051227688981009267e-01
-7.370706074359860416e-02
-1.447320080229872463e-01
-7.298778901117304319e-01
-7.836805338938324095e-01
8.911001138173738068e-02
2.973329730668878290e-01
7.421958610185909189e-01
1.065471691177986152e-01
-1.924998125620690781e-01
6.368175316943590347e-02
4.171296165105388247e-03
4.908244367455064650e-01
5.856932445434807205e-02
-3.555738606438421101e-01
-4.995232480629555605e-01
4.556792867309374384e-01
7.876602258467042539e-01
1.232753901527286061e-01
3.794680413105072647e-01
-4.446525149563476109e-01
-1.446847785496039873e-01
-3.324658401829031634e-02
-4.856219704025038220e-01
-7.442786644060180867e-01
-5.603475071484256276e-01
-6.882671722244190216e-01
7.216109214061832144e-01
-2.299144513499713077e-02
-2.359067052123176023e-01
1.095865687727232279e-01
-4.837525888226650722e-02
5.059261792537890212e-01
4.255892769664442604e-02
-1.130790563009812094e-01
-5.330206837309041656e-01
-5.622273867008243942e-01
4.898483376247670384e-01
8.127463320860579821e-02
7.141131186904985384e-01
-6.032373705926847851e-01
-3.200199342138662084e-01
-6.515440409457705639e-01
-5.666952366422887133e-01
-3.401386671927058014e-01
-6.137174148568024235e-01
6.946256151781490251e-01
-1.761492647503101472e-01
-2.756060284743228617e-01
-7.886174300293699591e-02
6.342527899015485415e-01
4.016476399111877371e-01
-5.343809491830670694e-02
-3.090111068592146792e-01
-6.021409203601175708e-01
4.060486620849235728e-01
9.482993455714788800e-02
5.592767593151031225e-01
-6.331480945555972850e-02
-5.704516271946290518e-01
-2.840267283355303318e-01
-2.345516019599566404e-01
-7.204626545044240382e-01
-6.563093504207618833e-01
-6.648914769235646505e-01
9.450823588655924423e-01
-4.830440255965510188e-01
4.815753770469046735e-01
7.540280739783009611e-01
8.838108214974958743e-02
-1.810912027942080949e-01
2.414984751991840206e-01
-7.253893813044193228e-01
-2.305464697128847551e-01
5.007475538096812784e-01
8.632030213685729647e-01
2.435567247387089296e-01
1.400849524447644618e-03
-4.446189966713138264e-01
-6.186940514987380180e-01
4.998213963921384617e-01
1.486084509933701947e-01
7.841206851921835863e-01
-6.947287213559961705e-01
-5.358400900809496409e-02
5.009070105013997409e-01
-5.070145597305244500e-01
-1.715297903595643381e-01
1.456967646579809261e-01
-6.728025650053958140e-01
-8.360229881853150635e-01
-5.737054200572608842e-01
-3.580081822298494254e-01
6.938870258048930317e-01
5.528181986518642538e-02
-1.188882569955760360e-01
2.373252515543186614e-01
6.632423629868754444e-01
8.768072769950295831e-01
2.113994993564207170e-01
1.474134173059236073e-02
-5.275158960107565465e-01
-4.054731887325059292e-01
4.507197465553492433e-01
1.732838595534963722e-01
8.837783952528162068e-01
-8.036137805108485299e-01
1.034957943918683211e-02
6.706104541616924042e-01
-3.320537169267961941e-01
1.558262638693331537e-01
-2.735308880891239025e-01
-6.195193367421286679e-01
-7.337602413503889753e-01
-2.308872518822469022e-01
-5.600184920507705888e-01
1.184193945251219154e-01
7.333019182407070069e-01
1.337137122305059878e-01
-2.258806365610638023e-01
1.318826400326944814e-01
8.469422323371991190e-01
9.965206535168960045e-01
-2.434529539411917909e-01
